Time (s),Potential (V vs Ag/AgCl),Current density (A/cm^2)
0.0,0.1,4.671708842827899e-05
0.005,0.1233585442141395,4.4577331054501416e-05
0.01,0.144611322452527,3.848892190026926e-05
0.015,0.16184030721730205,2.88791314142657e-05
0.02,0.17348621023936206,1.6649612155798504e-05
0.025,0.17848750001858588,2.890027288353141e-06
0.03,0.1763750421164216,-1.1173569503332582e-05
0.035,0.16731392459443684,-2.428811490767184e-05
0.04,0.1520887396734616,-3.5286008757299045e-05
0.045,0.13203363381940006,-4.3191084355961005e-05
0.05,0.10891336260418018,-4.731043634648401e-05
0.055,0.08476595483427564,-4.730578864855206e-05
0.06,0.06172101314515314,-4.3231568426926425e-05
0.065,0.04180985037829645,-3.55034592842845e-05
0.07,0.026784388934043862,-2.4763877410000127e-05
0.075,0.017960969034894053,-1.1750827882895392e-05
0.08,0.016102991092889443,2.5960092902454878e-06
0.085,0.021352855140194443,1.6909106512715572e-05
0.09,0.03321926522778063,2.9568060688201344e-05
0.095,0.050621030661996955,3.925084241474292e-05
0.1,0.07198345900240191,4.5195241386965846e-05
0.105,0.09537874695292636,4.704013767023417e-05
0.11,0.11869785266898014,4.469491423168486e-05
0.115,0.1398385262937371,3.8370525099355646e-05
0.12,0.1568927349582603,2.861549728057428e-05
0.125,0.16831677246638937,1.6287379657153797e-05
0.13,0.17306888762329892,2.47783506044984e-06
0.135,0.17070216102518504,-1.1586614295287137e-05
0.14,0.16140434992786712,-2.46555517341342e-05
0.145,0.14598114884562638,-3.5567657763981445e-05
0.15,0.12578435827294465,-4.335694203937592e-05
0.155,0.10259136560965493,-4.734514300703894e-05
0.16,0.07844668310537145,-4.721427269950405e-05
0.165,0.05547967042591195,-4.304398337506292e-05
0.17,0.035714692692156116,-3.526874815697845e-05
0.17500000000000002,0.02089063925332381,-2.451741708348778e-05
0.18,0.012305893905222395,-1.1474707906084045e-05
0.185,0.010702578153576503,2.9581114306032842e-06
0.19,0.016200387754507994,1.737321388809248e-05
0.195,0.02828592130122448,3.006325965556317e-05
0.2,0.04585845226125848,3.966784614918138e-05
0.20500000000000002,0.0673280636819184,4.545910753436966e-05
0.21,0.09075739641497761,4.712709037823511e-05
0.215,0.11403437337084413,4.461165759178686e-05
0.22,0.13506050066054553,3.813826947150752e-05
0.225,0.1519379577344812,2.8264974793141713e-05
0.23,0.1631387965932531,1.5857053287462324e-05
0.23500000000000001,0.1676411652023322,2.011542912503404e-06
0.24,0.1650204101823865,-1.2042964099938674e-05
0.245,0.15548693656197227,-2.5057843931115726e-05
0.25,0.13986744922589225,-3.58776584135045e-05
0.255,0.11953124846820298,-4.354660520811291e-05
0.26,0.09626815073177322,-4.740171254439422e-05
0.265,0.07212891844780212,-4.714698899071175e-05
0.27,0.04924242537053061,-4.288982890959378e-05
0.275,0.029625857937295552,-3.5083700209220205e-05
0.28,0.015004874053631212,-2.4336332068122185e-05
0.28500000000000003,0.006659752954044029,-1.1265215138105376e-05
0.29,0.005311252568153901,3.273512435226075e-06
0.295,0.011056350719766558,1.7821157652166032e-05
0.3,0.023359599119083994,3.0564964565508704e-05
0.305,0.041100860978409676,4.0097895257199394e-05
0.31,0.06267517622887957,4.573227573730123e-05
0.315,0.08613585090640177,4.721784851718723e-05
0.32,0.1093680136465144,4.452856867271595e-05
0.325,0.13027716594850342,3.790453704019095e-05
0.33,0.14697591610737734,2.7912685107762137e-05
0.335,0.157952248646444,1.5425501225036406e-05
0.34,0.16220432727614514,1.5450343166351654e-06
0.34500000000000003,0.15932981309097974,-1.2498337885790632e-05
0.35000000000000003,0.14956173488680674,-2.5458050005187066e-05
0.355,0.13374771359891519,-3.6184866652473776e-05
0.36,0.11327439309535406,-4.373372420389908e-05
0.365,0.08994381465911003,-4.7458121015817185e-05
0.37,0.06581275692831856,-4.708644407978648e-05
0.375,0.04300936485915421,-4.2757016648845724e-05
0.38,0.023543416061499872,-3.494231380986019e-05
0.385,0.00912714011423249,-2.421940887832534e-05
0.39,0.0010225656215254453,-1.112199129973293e-05
0.395,-7.099529549005335e-05,3.5461638785876626e-06
0.4,0.005920706190326586,1.826245567642032e-05
0.405,0.018440235996292513,3.108670400911715e-05
0.41000000000000003,0.03634817487761579,4.055524435080651e-05
0.41500000000000004,0.058024702761628445,4.602747318637255e-05
0.42,0.08151401296969049,4.732315978263348e-05
0.425,0.10469868115140625,4.445479073863487e-05
0.43,0.12548844315888266,3.767728583911389e-05
0.435,0.1420065514671679,2.756568546926667e-05
0.44,0.15275709563045364,1.4999060612081455e-05
0.445,0.15675836940519933,1.084044167421999e-06
0.45,0.1536303942632008,-1.2947526633250809e-05
0.455,0.14362879618100527,-2.5851448018101815e-05
0.46,0.12762201543800838,-3.6485065954789685e-05
0.465,0.10701388127191441,-4.391473329208097e-05
0.47000000000000003,0.08361845420815843,-4.751189882761948e-05
0.47500000000000003,0.059498294430766485,-4.7032288279843146e-05
0.48,0.03678057529450708,-4.264895492808579e-05
0.485,0.017467436283180968,-3.485295555221083e-05
0.49,0.0032574832980952068,-2.417867419612461e-05
0.495,-0.0046056496736992525,-1.1056384660288868e-05
0.5,-0.005444176105158266,3.770225220361431e-06
0.505,0.0007934153630300839,1.869883586732873e-05
0.51,0.01352776845381256,3.1635899372964115e-05
0.515,0.031600311463400796,4.104908323761019e-05
0.52,0.053376549123092754,4.635285954457149e-05
0.525,0.07689178518070061,4.7449498788206877e-05
0.53,0.10002628388010293,4.4395479970261274e-05
0.535,0.12069425390768942,3.746078770873824e-05
0.54,0.13702980603956688,2.7227643073408474e-05
0.545,0.14755330553153964,1.4580956809167487e-05
0.55,0.15130328819046474,6.314508253054583e-07
0.555,0.14792217921777112,-1.3387947695996025e-05
0.56,0.13768817260593236,-2.6235740409077895e-05
0.5650000000000001,0.12149042889675969,-3.677630029791367e-05
0.5700000000000001,0.10074980253257015,-4.4088231191706426e-05
0.5750000000000001,0.07729216631228568,-4.7562785570863205e-05
0.58,0.05318562664514911,-4.698669256601367e-05
0.585,0.030556142592034194,-4.257222844005173e-05
0.59,0.011397987083479486,-3.482794194374142e-05
0.595,-0.0026040514533445525,-2.423044172013842e-05
0.6,-0.010224875536629346,-1.1083568957473791e-05
0.605,-0.010808301563127842,3.937152977745871e-06
0.61,-0.004325561518367091,1.913073337973562e-05
0.615,0.008622132225880465,3.2219885695558796e-05
0.62,0.026857187690061866,4.158906847917919e-05
0.625,0.04873062089152708,4.671700543465694e-05
0.63,0.07226907015976601,4.7603492565450475e-05
0.635,0.09535073017685251,4.4355738050738714e-05
0.64,0.1158945204346068,3.7259138235514984e-05
0.645,0.1320456228923726,2.6901982332525662e-05
0.65,0.1423408473213774,1.4174136521023978e-05
0.655,0.1458390812738078,1.8983453703260817e-07
0.66,0.14220519447698632,-1.3817328948230422e-05
0.665,0.1317399171997311,-2.660895519597108e-05
0.67,0.11535302880057188,-3.705697465777199e-05
0.675,0.09448224681896443,-4.425327539092933e-05
0.68,0.07096504801067167,-4.761123398205138e-05
0.685,0.04687484905670583,-4.695310372429885e-05
0.6900000000000001,0.0243361521700989,-4.2535639563744004e-05
0.6950000000000001,0.005335136198452488,-3.488281871729249e-05
0.7000000000000001,-0.008457420125309562,-2.439468943778556e-05
0.705,-0.01583509559788246,-1.1221905428259498e-05
0.71,-0.016163384404814893,4.03639130877207e-06
0.715,-0.009436265158660154,1.9558079553598018e-05
0.72,0.0037232622673366023,3.284684886421134e-05
0.725,0.022118719971142523,4.218635261563362e-05
0.73,0.04408682339128672,4.712988551197405e-05
0.735,0.06764577058281072,4.779280878471793e-05
0.74,0.09067192874602602,4.4341397738083525e-05
0.745,0.11108916561186674,3.7076960384477425e-05
0.75,0.12705394594196487,2.6592523046134045e-05
0.755,0.13711969096060053,1.3781851458180411e-05
0.76,0.14036574733826035,-2.379860916575192e-07
0.765,0.13647946756369014,-1.4233214834472058e-05
0.77,0.1257840838712719,-2.6968992795470542e-05
0.775,0.10920989063812456,-3.732544601350221e-05
0.78,0.08821130446943058,-4.440903208967786e-05
0.785,0.06463719643723884,-4.7658155849842793e-05
0.79,0.040566056935023874,-4.6936148504625805e-05
0.795,0.018120688940239875,-4.2550314428620074e-05
0.8,-0.000721049388653909,-3.503660643144008e-05
0.805,-0.014302579634703196,-2.469529185443187e-05
0.81,-0.021436294515561963,-1.1493073485762204e-05
0.8150000000000001,-0.021509438397321654,4.05533536994119e-06
0.8200000000000001,-0.014538737206551071,1.9980393789919044e-05
0.8250000000000001,-0.0011689072389521882,3.352612812192993e-05
0.8300000000000001,0.017384824188971804,4.2854062214483883e-05
0.835,0.03944506170362776,4.760338396558606e-05
0.84,0.06302178919245084,4.802659455445823e-05
0.845,0.08598978866253193,4.435938819744199e-05
0.85,0.10627811295304962,3.6919715758600416e-05
0.855,0.12205471995970271,2.6303753142195045e-05
0.86,0.1318898074022282,1.3407901978107518e-05
0.865,0.13488328610816985,-6.487340825923173e-07
0.87,0.1307450269981337,-1.4632767347195029e-05
0.875,0.1198207273940021,-2.7313448617310605e-05
0.88,0.1030610905527628,-3.7579874328266634e-05
0.885,0.0819370662086906,-4.455467606187328e-05
0.89,0.058308708809569745,-4.770491742834681e-05
0.895,0.034259345323161904,-4.694179683097896e-05
0.9,0.011909837297479742,-4.263007149543686e-05
0.905,-0.006770503455048454,-3.531227867698061e-05
0.91,-0.020139487835024873,-2.5160429061063266e-05
0.915,-0.027028457977007217,-1.1922347424110523e-05
0.92,-0.026846478337865576,3.979129670902944e-06
0.925,-0.01963302024989754,2.0396682224670266e-05
0.93,-0.006054442874585543,3.426834429391088e-05
0.935,0.01265541570425651,4.3607658356488925e-05
0.9400000000000001,0.034805240677538055,4.8151721377878595e-05
0.9450000000000001,0.05839702880909384,4.831584444394793e-05
0.9500000000000001,0.08130421938219158,4.441802714405918e-05
0.9550000000000001,0.10146128662181075,3.679394136614066e-05
0.96,0.11704789057822675,2.6041027710647193e-05
0.965,0.12665116859497888,1.3056808928805266e-05
0.97,0.12939169834923092,-1.0385235529853862e-06
0.975,0.12500190229472277,-1.501263431589761e-05
0.98,0.11384990339969658,-2.763950168197984e-05
0.985,0.09690670533380788,-3.7818140640699664e-05
0.99,0.07565962313750148,-4.4689364217171605e-05
0.995,0.05197968241781593,-4.7753425082691575e-05
1.0,0.027954809026812185,-4.697764015142743e-05
1.0050000000000001,0.005703681110698064,-4.2791915799346456e-05
1.01,-0.012813160545950282,-3.573733051629468e-05
1.0150000000000001,-0.02596810352117878,-2.582302272122673e-05
1.02,-0.0326115727004269,-1.2538875817585872e-05
1.025,-0.03217452005209136,3.7904201796694125e-06
1.03,-0.024719157810852647,2.0805230238929072e-05
1.035,-0.01093341197802971,3.5085422136498765e-05
1.04,0.007930409365742679,4.446525121057601e-05
1.045,0.030167264940590223,4.879188315333745e-05
1.05,0.05377139234202035,4.8673778213804446e-05
1.055,0.07661513075206652,4.452731531796404e-05
1.06,0.09663861144053265,3.670748187094194e-05
1.065,0.11203340429766011,2.581075931866715e-05
1.07,0.12140374748647095,1.2733974218060114e-05
1.075,0.12389098586839783,-1.4027222363172514e-06
1.08,0.1192501239586494,-1.5368832449927153e-05
1.085,0.10787166837211118,-2.7943820558630212e-05
1.09,0.09074681240779893,-3.803778778546232e-05
1.095,0.06937906672226204,-4.4812243589458944e-05
1.1,0.045650214613595065,-4.780626824364635e-05
1.105,0.021652542603481924,-4.7053256265813574e-05
1.11,-0.0004976962869359808,-4.3056623682610896e-05
1.115,-0.018848955982054764,-3.63443813804102e-05
1.12,-0.03178838643417394,-2.6721123910321894e-05
1.125,-0.03818562643641435,-1.3375889453828813e-05
1.1300000000000001,-0.03749358039226475,3.4691101237522092e-06
1.135,-0.029797194340900668,2.1203302853855696e-05
1.1400000000000001,-0.015805882636935893,3.599049754955408e-05
1.145,0.003209719519928267,4.544786505254293e-05
1.1500000000000001,0.025531038909828847,4.9544062863410954e-05
1.155,0.04914478280046643,4.91162494654927e-05
1.16,0.07192243302074951,4.469925467322644e-05
1.165,0.09181001289890209,3.666973718307982e-05
1.17,0.10701120849171342,2.5620618035276008e-05
1.175,0.11614751802630921,1.2445847293683838e-05
1.18,0.11838115151367865,-1.7358110350093077e-06
1.185,0.11348972348241265,-1.5696630326923008e-05
1.19,0.10188607964053659,-2.822247328935188e-05
1.195,0.08458148982965694,-3.823597256296874e-05
1.2,0.06309548878457787,-4.492248603050814e-05
1.205,0.03932040279889026,-4.7866916450733605e-05
1.21,0.015352640351702796,-4.718065804498106e-05
1.215,-0.006694212107473577,-4.344940136707546e-05
1.22,-0.02487782586691406,-3.717176565485966e-05
1.225,-0.037600297265719895,-2.78981810911082e-05
1.23,-0.04375060796934448,-1.4470766982319607e-05
1.235,-0.04280367723535122,2.9921622929787956e-06
1.24,-0.03486717521578392,2.158675152608709e-05
1.245,-0.020671923680377617,3.699767398718975e-05
1.25,-0.0015067399791646521,4.6579620102964856e-05
1.2550000000000001,0.020896466802668545,5.0432109173089196e-05
1.26,0.04451710330468936,4.9662187294902115e-05
1.2650000000000001,0.06722603684859964,4.4948195242814324e-05
1.27,0.0869754171624108,3.669193024307859e-05
1.2750000000000001,0.10198125141369073,2.5479745662626505e-05
1.28,0.11088245516905632,1.2200101711659276e-05
1.285,0.1128621991738099,-2.0312367907480664e-06
1.29,0.1077207333422236,-1.5990428044201545e-05
1.295,0.09589319537326127,-2.8470838955487096e-05
1.3,0.07841081627378212,-3.8409428832667724e-05
1.305,0.05680898149078248,-4.501935238707178e-05
1.31,0.03299034441492872,-4.793997714919017e-05
1.315,0.009055196300278335,-4.737483005099108e-05
1.32,-0.012885784117632207,-4.400059916151936e-05
1.325,-0.030899707094228637,-3.826405316541786e-05
1.33,-0.043403797662708105,-2.9403101654955937e-05
1.335,-0.0493065071186542,-1.5864874474056924e-05
1.34,-0.0481048294809744,2.3334997444340948e-06
1.345,-0.0399291467303287,2.1949526363870685e-05
1.35,-0.025531604670988417,3.8121578496790994e-05
1.355,-0.006219055760158687,4.788777552238317e-05
1.36,0.016263452647825215,5.1483947132972116e-05
1.365,0.03988825709701526,5.0334061518775625e-05
1.37,0.06252585331793631,4.5291207139955644e-05
1.375,0.08213475108078139,3.6787392558160605e-05
1.3800000000000001,0.09694348220238777,2.5398982096246564e-05
1.385,0.10560853487709156,1.2005819936741243e-05
1.3900000000000001,0.10733413377781297,-2.2812600705656163e-06
1.395,0.10194318699430281,-1.624363555993181e-05
1.4000000000000001,0.08989307457092988,-2.8683523694456818e-05
1.405,0.07223487102507278,-3.85544461983913e-05
1.41,0.05051963734142798,-4.510229428046049e-05
1.415,0.026660136931073716,-4.8031525521381784e-05
1.42,0.002760304197547858,-4.7654357230100144e-05
1.425,-0.01907233064817293,-4.47464531949853e-05
1.43,-0.03691453735504312,-3.967242203157355e-05
1.435,-0.04919885023159122,-3.1289999036221423e-05
1.44,-0.0548533147400036,-1.760307726700564e-05
1.445,-0.05339705704926179,1.4640721907493618e-06
1.45,-0.04498315609315999,2.2283101772858007e-05
1.455,-0.030384995897030774,3.9376659991924783e-05
1.46,-0.010927314924443252,4.940255634991696e-05
1.465,0.01163190029626776,5.27319252776318e-05
1.47,0.035258147552886684,5.1158350397588535e-05
1.475,0.05782179394318402,4.5748466610973414e-05
1.48,0.07728794219630852,3.6971859073669754e-05
1.485,0.09189785088790269,2.5391096589854114e-05
1.49,0.10032573412335252,1.1873679943466487e-05
1.495,0.1017969612944324,-2.4768039373700703e-06
1.5,0.09615711887106022,-1.6448555662509636e-05
1.5050000000000001,0.08388577705981659,-2.8854287799854544e-05
1.51,0.06605373396988652,-3.866687289864481e-05
1.5150000000000001,0.04422754916072337,-4.517110566498656e-05
1.52,0.02032987783369497,-4.814952035680287e-05
1.5250000000000001,-0.0035319424993018773,-4.804214625237415e-05
1.53,-0.025253770603224396,-4.572981063922706e-05
1.5350000000000001,-0.042922255144861365,-4.145478108204597e-05
1.54,-0.05498541854264588,-3.36174942126465e-05
1.545,-0.060391022726318855,-1.97328052222745e-05
1.55,-0.058680380878570165,3.521730180403204e-07
1.555,-0.05002925142131688,2.2575839967376676e-05
1.56,-0.03523216836437862,4.0776171506253864e-05
1.565,-0.01563160503623033,5.11566656741113e-05
1.57,0.007001713432185759,5.421301680293504e-05
1.575,0.0306266781918777,5.2165975428562743e-05
1.58,0.053113770680970306,4.6343636301198316e-05
1.585,0.07243491875213215,3.726375741228922e-05
1.59,0.08684430839733018,2.5471011246323612e-05
1.595,0.09503403089396167,1.1816132451057585e-05
1.6,0.09625068873145379,-2.6073139118535256e-06
1.605,0.09036256437716991,-1.6596281436449166e-05
1.61,0.07787136348499737,-2.8975994362027386e-05
1.615,0.059867485586918325,-3.8742155438096486e-05
1.62,0.037932810085951674,-4.5226140169024395e-05
1.625,0.013999664615055437,-4.8304321456393e-05
1.6300000000000001,-0.009821450634902463,-4.856623280383554e-05
1.635,-0.03143002346953232,-4.700077266196267e-05
1.6400000000000001,-0.048922799770655015,-4.367551026422363e-05
1.645,-0.06076346713413211,-3.644741992735191e-05
1.6500000000000001,-0.06591962400871802,-2.23025412218605e-05
1.655,-0.06395482292309858,-1.0358919867546166e-06
1.6600000000000001,-0.055067481734764,2.281234065621029e-05
1.665,-0.04007319378841033,4.233078779981821e-05
1.67,-0.02033201411256723,5.31843646350192e-05
1.675,0.002372795583974829,5.596877598755091e-05
1.68,0.02599375268870932,5.339264968707723e-05
1.685,0.048401695940168764,4.710420914087458e-05
1.69,0.06757560970041748,3.7684468790557656e-05
1.695,0.08178280656036502,2.5655997773955544e-05
1.7,0.08973340419073958,1.1847552254126097e-05
1.705,0.09069532413490532,-2.660644086017251e-06
1.71,0.08455955988552778,-1.6676622460660473e-05
1.715,0.07184989530342874,-2.904059411883759e-05
1.72,0.05367620693802631,-3.87754317284301e-05
1.725,0.031635513556840494,-4.5268613978028366e-05
1.73,0.007669594762179141,-4.8509324044975815e-05
1.735,-0.01610812736633547,-4.926065641999203e-05
1.74,-0.037601009325642545,-4.8617161795994705e-05
1.745,-0.05491611135779738,-4.640465807276069e-05
1.75,-0.06653296151633778,-3.9842764209623455e-05
1.7550000000000001,-0.07143911255731647,-2.535960432502303e-05
1.76,-0.06922040615038187,-2.7346737916822517e-06
1.7650000000000001,-0.060097896950797106,2.2972855715778353e-05
1.77,-0.044908144585833275,4.4046834514276657e-05
1.7750000000000001,-0.025028630613296618,5.551999240053502e-05
1.78,-0.002254949864748893,5.8044921779903114e-05
1.7850000000000001,0.021359274884237216,5.4879064236089796e-05
1.79,0.04368548259188932,4.806177237144409e-05
1.795,0.06270994471046779,3.825852904124979e-05
1.8,0.07671329811479598,2.5965821477634248e-05
1.805,0.08442383403359881,1.1984341138009496e-05
1.81,0.08513087658813896,-2.6229895901044026e-06
1.815,0.07874814273310302,-1.6678078758190174e-05
1.82,0.06582143477694102,-2.903916575689023e-05
1.825,0.047479979658976504,-3.876169896188056e-05
1.83,0.025335753304898057,-4.530101740664948e-05
1.835,0.0013397657457378462,-4.8781723323684036e-05
1.84,-0.022391880173717415,-5.01663671417572e-05
1.845,-0.043766648851025984,-5.0644687484923676e-05
1.85,-0.06090213085688949,-4.971640956954825e-05
1.855,-0.07229386817551259,-4.3864694880650415e-05
1.86,-0.0769494833819159,-2.894712217239585e-05
1.865,-0.07447715453867094,-4.777881441037579e-06
1.87,-0.06512054787834907,2.3032881939311148e-05
1.875,-0.049737093866415845,4.592414981876986e-05
1.8800000000000001,-0.029721543430960923,5.819580410257356e-05
1.885,-0.006881619664134645,6.049039332248552e-05
1.8900000000000001,0.01672314879641479,5.6670812290710604e-05
1.895,0.038965043979426135,4.925213370813807e-05
1.9000000000000001,0.05783785417674261,3.901372867789215e-05
1.905,0.07163573671189656,2.642279910802585e-05
1.9100000000000001,0.07910530146282525,1.2244953741513484e-05
1.915,0.07955735621079447,-2.4788909482103194e-06
1.92,0.07292835121667958,-1.6587886355989034e-05
1.925,0.05978604496512982,-2.896203548356836e-05
1.93,0.041278885950131766,-3.8696081710646065e-05
1.935,0.019033623342726944,-4.5327660653657555e-05
1.94,-0.004989724991077531,-4.9143416392505335e-05
1.945,-0.028672616870764098,-5.133210415165118e-05
1.95,-0.049926863335120926,-5.3156646891948365e-05
1.955,-0.06688080005049594,-5.3686624066718835e-05
1.96,-0.0780461545776943,-4.856853893000753e-05
1.965,-0.0824507325325731,-3.310014174775814e-05
1.97,-0.07972509307419799,-7.196037312399393e-06
1.975,-0.07013548621219122,2.2963077126501004e-05
1.98,-0.054560115424648684,4.79536671456671e-05
1.985,-0.03441084188066258,6.123903706106788e-05
1.99,-0.01150731068705077,6.335570444812965e-05
1.995,0.01208527863125845,5.881792569221984e-05
2.0,0.0342402939281362,5.07152367546651e-05
2.005,0.05295926922680094,3.998106198931248e-05
2.0100000000000002,0.06655007692171724,2.7051730598950173e-05
2.015,0.07377778854123974,1.2649812347144295e-05
2.02,0.07397477415764526,-2.211340494606179e-06
2.025,0.06710022458848368,-1.639216249735205e-05
2.0300000000000002,0.053743789718162786,-2.8799003602072687e-05
2.035,0.03507300856707536,-3.857422908347432e-05
2.04,0.012729217953290312,-4.5355379467364766e-05
2.045,-0.01131878004367088,-4.962203768123286e-05
2.05,-0.03495024561529868,-5.281515463331289e-05
2.055,-0.056081574686320704,-5.623296110350779e-05
2.06,-0.07285206155979174,-5.8389247742576175e-05
2.065,-0.08378978917241758,-5.3998661291534614e-05
2.07,-0.08794285710005051,-3.78409224198549e-05
2.075,-0.08496424774832338,-1.0013467265910081e-05
2.08,-0.07514276452703653,2.272966550651674e-05
2.085,-0.05937728373132803,5.011489705689283e-05
2.09,-0.03909661568987071,6.46681852051254e-05
2.095,-0.016132119918034593,6.669042658134809e-05
2.1,0.0074455687937634955,6.137387752326309e-05
2.105,0.02951114675527825,5.249477981539195e-05
2.11,0.0480741217291645,4.1194468588645295e-05
2.115,0.06145627423826236,2.787966048548588e-05
2.12,0.06844127835624525,1.3221073319814583e-05
2.125,0.06838314261732471,-1.8020237561547318e-06
2.13,0.0612638030517092,-1.6076180995234286e-05
2.1350000000000002,0.04769473366950016,-2.8539708041198902e-05
2.14,0.02886243081116737,-3.8392871074051405e-05
2.145,0.006422631679159435,-4.5394423091885216e-05
2.15,-0.017647302057151714,-5.025210582971217e-05
2.1550000000000002,-0.04122467491974502,-5.46818611547335e-05
2.16,-0.062230705440876784,-5.995831570613545e-05
2.165,-0.07881585885110329,-6.389144564036725e-05
2.17,-0.0895247413963163,-6.0182306955547244e-05
2.1750000000000003,-0.09342585521614867,-4.317359518147645e-05
2.18,-0.09019464555457428,-1.3244703755842919e-05
2.185,-0.0801424362715426,2.2295495524483773e-05
2.19,-0.06418867392505315,5.237358951530034e-05
2.195,-0.04377895498818718,6.84885765420032e-05
2.2,-0.02075614444223523,7.053966552940392e-05
2.205,0.0028039238988196435,6.43938956113507e-05
2.21,0.02477751727978439,5.4637444542385134e-05
2.215,0.0431823443010814,4.269030915179412e-05
2.22,0.05635428508457507,2.893542503547762e-05
2.225,0.06309575502175686,1.3982208593935222e-05
2.23,0.0627824748109368,-1.231727959228133e-06
2.235,0.0554191277559275,-1.5624807512807047e-05
2.24,0.04163894222851167,-2.817415399171966e-05
2.245,0.02264723652003866,-3.81505620846025e-05
2.25,0.00011395931172385187,-4.54595380887174e-05
2.255,-0.023975193737444805,-5.107623270189781e-05
2.2600000000000002,-0.04749581366154211,-5.700769912790757e-05
2.265,-0.06837417877173957,-6.44191587372422e-05
2.27,-0.08477213624236317,-7.024738330436097e-05
2.275,-0.09525098167660902,-6.712264418985548e-05
2.2800000000000002,-0.09889972605391864,-4.907855355190533e-05
2.285,-0.09541631448555889,-1.689051450355716e-05
2.29,-0.08513455576221246,2.162187344213565e-05
2.295,-0.0689943618036606,5.4679957794224936e-05
2.3000000000000003,-0.048457950297060376,7.268750954350509e-05
2.305,-0.02537948143432341,7.493948143250924e-05
2.31,-0.00183975121791086,6.793244381713537e-05
2.315,0.020039320831981476,5.7191642717936206e-05
2.32,0.03828387031621962,4.4506523136362094e-05
2.325,0.05124406681770306,3.0248948239181002e-05
2.33,0.0577412036800132,1.495737225788959e-05
2.335,0.05717278499054654,-4.809438376156248e-07
2.34,0.049566240792394495,-1.5023119147502443e-05
2.345,0.03557648157301979,-2.7693433510168336e-05
2.35,0.016427510058026742,-3.78486324133673e-05
2.355,-0.0061967041196146246,-4.5571245448775374e-05
2.36,-0.03030235786239288,-5.2146307375183586e-05
2.365,-0.053763571093565034,-5.9876695963370966e-05
2.37,-0.07451191849732543,-6.96993211733176e-05
2.375,-0.09072083890946031,-7.749073313985288e-05
2.38,-0.10096848143447397,-7.479147088687396e-05
2.3850000000000002,-0.10436446982775703,-5.5507147620677925e-05
2.39,-0.10062928352977986,-2.093392939081573e-05
2.395,-0.09011917817719607,2.0671210539423138e-05
2.4,-0.07379442381557025,5.696791551207533e-05
2.4050000000000002,-0.053133692519465876,7.722939905083825e-05
2.41,-0.030002228147413726,7.991134294218266e-05
2.415,-0.006485551489132383,7.203977221311452e-05
2.42,0.015296473263243439,6.0205705650685356e-05
2.4250000000000003,0.03337863391227061,4.66814327433568e-05
2.43,0.04612557773356772,3.1850265926727824e-05
2.435,0.052377610503272595,1.6170536704270574e-05
2.44,0.05155408843755456,4.693258397860086e-07
2.445,0.043705185189246945,-1.425722121164265e-05
2.45,0.02950741864174642,-2.709064786599709e-05
2.455,0.010203336306557426,-3.749235479437416e-05
2.46,-0.012509263358297325,-4.5757283046054215e-05
2.465,-0.03662869729284543,-5.352451912911872e-05
2.47,-0.060027856854464504,-6.337991748756101e-05
2.475,-0.0806438490902057,-7.587408143311199e-05
2.48,-0.09666191289249679,-8.562619124488321e-05
2.485,-0.10667721308830722,-8.312230134307537e-05
2.49,-0.10982008779338115,-6.237744885456315e-05
2.495,-0.10583358266832102,-2.533679699835729e-05
2.5,-0.095096359549997,1.941038953964037e-05
2.505,-0.0785889370510667,5.9155786269651274e-05
2.5100000000000002,-0.05780627292952051,8.205158058952647e-05
2.515,-0.03462448190196436,8.545590659765254e-05
2.52,-0.01113357160509379,7.675752304369941e-05
2.525,0.010548890955603643,6.372547531183906e-05
2.5300000000000002,0.028466569998455413,4.925218581067808e-05
2.535,0.04099877707172017,3.376828348963047e-05
2.54,0.04700496269539012,1.76444058801257e-05
2.545,0.04592640146095314,1.6365578664568303e-06
2.5500000000000003,0.03783600490659621,-1.3315255902886213e-05
2.555,0.023431821126681976,-2.6362027867577904e-05
2.56,0.003974800654448704,-3.709231197945223e-05
2.565,-0.018823622931467707,-4.605414989814414e-05
2.57,-0.04295411498374264,-5.528402537286771e-05
2.575,-0.06628858097898162,-6.761271645757449e-05
2.58,-0.08676989568572636,-8.300261289863331e-05
2.585,-0.1025953051019393,-9.462056211573532e-05
2.59,-0.11237715005687322,-9.200479778032338e-05
2.595,-0.11526658224768586,-6.957198788415774e-05
2.6,-0.11102924287142975,-3.0037517866233885e-05
2.605,-0.10006615676307874,1.781459129768009e-05
2.61,-0.08337797923350108,6.114886019032281e-05
2.615,-0.062475783162085644,8.706157511206017e-05
2.62,-0.03924634007468268,9.154665312382132e-05
2.625,-0.01578390600277179,8.211351088870984e-05
2.63,0.005796490831287124,6.779131151838844e-05
2.6350000000000002,0.02354761426296069,5.225286997710541e-05
2.64,0.03586362501999324,3.602930796612609e-05
2.645,0.041623248493277906,1.9399143993454067e-05
2.65,0.04028974139546704,3.0355341364802365e-06
2.6550000000000002,0.03195874483151116,-1.2188573345525224e-05
2.66,0.017349757465352937,-2.550822393903131e-05
2.665,-0.002258011011823491,-3.666592305243768e-05
2.67,-0.025139687160866325,-4.650864325233283e-05
2.6750000000000003,-0.049278513995191904,-5.750900795719991e-05
2.68,-0.07254565390820382,-7.267043869704391e-05
2.685,-0.09288998409054253,-9.111894629096608e-05
2.69,-0.10852096332468371,-0.00010439427799740704
2.695,-0.11806826676233503,-0.00010128168945586868
2.7,-0.12070395652848148,-7.693837784296492e-05
2.705,-0.11621629609498292,-3.49506232992438e-05
2.71,-0.10502862754137367,1.5871156940571485e-05
2.715,-0.08816162871043096,6.284397579872249e-05
2.72,-0.06714231520229752,9.213666322538012e-05
2.725,-0.0438679000874018,9.81241543125167e-05
2.73,-0.020436648855105346,8.811596661246807e-05
2.735,0.0010391903621911197,7.24346034031217e-05
2.74,0.0186217031802716,5.5712377287603514e-05
2.745,0.030720082719039934,3.865543563341395e-05
2.75,0.03623245716824629,2.1450993202298183e-05
2.755,0.0346441265995734,4.677065656658871e-06
2.7600000000000002,0.026073450772894302,-1.0873007850907711e-05
2.765,0.011261296833019921,-2.453571052852364e-05
2.77,-0.008495012317926175,-3.623905239042581e-05
2.775,-0.03145736017374917,-4.717922659121691e-05
2.7800000000000002,-0.055601797503509694,-6.029380333954762e-05
2.785,-0.0787989864997953,-7.86423343436041e-05
2.79,-0.0990040407910937,-0.00010022185174598069
2.795,-0.11443883623000703,-0.00011481451951056922
2.8000000000000003,-0.12375053863317365,-0.00011074935729716136
2.805,-0.12613221501411287,-8.429356288171283e-05
2.81,-0.12139477527684017,-3.99687500528234e-05
2.815,-0.10998383044570245,1.3582938437869756e-05
2.82,-0.09293996444467048,6.413600762656153e-05
2.825,-0.07180596137508112,9.712650108072962e-05
2.83,-0.04848925939597463,0.00010509192610649884
2.835,-0.025091894060249108,9.474772480647815e-05
2.84,-0.0037230924206974603,7.767395903208237e-05
2.845,0.013688774018415242,5.965214467448533e-05
2.85,0.025568112266772497,4.166291443884643e-05
2.855,0.03083257902722926,2.3810887120137167e-05
2.86,0.02898957645340873,6.566708687614849e-06
2.865,0.020180169456258876,-9.370175841277298e-06
2.87,0.005166509134782192,-2.345822248876015e-05
2.875,-0.014736116411525925,-3.584758932295636e-05
2.88,-0.03777654591381686,-4.81370110235578e-05
2.8850000000000002,-0.0619238688122956,-6.374075198300138e-05
2.89,-0.08504849003815905,-8.560354571742973e-05
2.895,-0.10511199296198406,-0.0001102643863005277
2.9,-0.12034887337542523,-0.00012569132244400388
2.9050000000000002,-0.1294239421069897,-0.00012016307930202275
2.91,-0.13155136312296034,-9.143204177862979e-05
2.915,-0.12656471433308913,-4.4967279820200293e-05
2.92,-0.1149318248660846,1.0970559754064465e-05
2.9250000000000003,-0.09771306600528687,6.492578239045302e-05
2.93,-0.07646681433461443,0.00010185919696335287
2.935,-0.05311051547915045,0.00011231487333302018
2.94,-0.029749735230858266,0.00010196100719863695
2.945,-0.008490438917957435,8.351133162999057e-05
2.95,0.008748764846126564,6.408393078431959e-05
2.955,0.020407676722683038,4.506062670395034e-05
2.96,0.02542360541388944,2.648318999893038e-05
2.965,0.023326111356557433,8.703587008532839e-06
2.97,0.014278948518395548,-7.688692905600364e-06
2.975,-0.0009345350023913235,-2.2298119656073138e-05
2.98,-0.020981235972189878,-3.553885322334529e-05
2.985,-0.044097148152187356,-4.9466081263790724e-05
2.99,-0.06824463136344637,-6.795640743059481e-05
2.995,-0.09129407624456069,-9.360525591434041e-05
3.0,-0.11121376847429465,-0.00012114422392498807
3.005,-0.12625102521244927,-0.00013677810275468011
3.0100000000000002,-0.1350884546331932,-0.00012924748243110107
3.015,-0.13696140731282092,-9.813782647154329e-05
3.02,-0.13172614815417116,-4.981148821928564e-05
3.025,-0.11987267101496805,8.073104871839466e-06
3.0300000000000002,-0.10248101355852784,6.512860412530278e-05
3.035,-0.08112496705375528,0.0001061507741128098
3.04,-0.05773176582746251,0.00011962118696048094
3.045,-0.03441026568341683,0.00010967356250598221
3.0500000000000003,-0.013262929952433132,8.992840759947722e-05
3.055,0.003801614539908349,6.900780221694173e-05
3.06,0.015238740112058974,4.8848841149801454e-05
3.065,0.020005528709605896,2.9464695307058048e-05
3.0700000000000003,0.017653752725723296,1.1079438331358242e-05
3.075,0.008369836501941993,-5.845202303807132e-06
3.08,-0.007041764237729876,-2.1087565290120957e-05
3.085,-0.02723028322136039,-3.5372652834764545e-05
3.09,-0.05041907049836592,-5.126285921120303e-05
3.095,-0.07456398874817693,-7.304579501012184e-05
3.1,-0.09753565728720229,-0.00010266338831786581
3.105,-0.11730929590380602,-0.00013269622055940537
3.11,-0.13214524309223374,-0.00014777781958502876
3.115,-0.14074405467557682,-0.00013771203571500776
3.12,-0.1423623550801717,-0.00010419918777375066
3.125,-0.1368791126009039,-5.43655539147171e-05
3.13,-0.12480642992035809,4.9469699959263744e-06
3.1350000000000002,-0.10724388785866235,6.46823316378843e-05
3.14,-0.08578051281344265,0.00010981734802410615
3.145,-0.06235310793209154,0.00012680819012113111
3.15,-0.03907357842757794,0.0001177669194118152
3.1550000000000002,-0.01804064576002813,9.688361307201164e-05
3.16,-0.001152737208993615,7.441048432947456e-05
3.165,0.010061267430088366,5.3018356806152495e-05
3.17,0.014578342334343478,3.274399545161212e-05
3.1750000000000003,0.011972522992290374,1.3677985074643251e-05
3.18,0.0024528828498378563,-3.8651204334552255e-06
3.185,-0.013155106524793708,-1.9869407848168445e-05
3.19,-0.03348316993236184,-3.5421813628928905e-05
3.1950000000000003,-0.05674221641124697,-5.363418227493742e-05
3.2,-0.08088184471802205,-7.910453225054169e-05
3.205,-0.10377314579123506,-0.00011274663177825159
3.21,-0.12339850453915718,-0.00014468887299709445
3.215,-0.138031479271134,-0.00015835546659488135
3.22,-0.14639072171477194,-0.00014527052983615295
3.225,-0.14775421495931484,-0.00010942456288722937
3.23,-0.14202364450038796,-5.850233223481486e-05
3.235,-0.12973316341885305,1.6629259143987166e-06
3.24,-0.11200177023878202,6.355389870297247e-05
3.245,-0.09043354519204097,0.00011268877462975758
3.25,-0.06697463927375193,0.0001336520779181419
3.255,-0.04373976615556103,0.0001260873634442403
3.2600000000000002,-0.022823665980538026,0.00010431007968469417
3.265,-0.006114349887708523,8.02641824098582e-05
3.27,0.004875224645850454,5.755010358844675e-05
3.275,0.00914204074740313,3.630128517838607e-05
3.2800000000000002,0.006282445599757214,1.647468902216729e-05
3.285,-0.0034718621003117928,-1.7830367662554722e-06
3.29,-0.019274489119695523,-1.869767357003479e-05
3.295,-0.039739807440470495,-3.577198375182666e-05
3.3000000000000003,-0.06306648921012172,-5.669378878445114e-05
3.305,-0.08719810319580851,-8.620883054744603e-05
3.31,-0.1100064548487405,-0.00012376498713816283
3.315,-0.12948132438990634,-0.00015682630331263645
3.3200000000000003,-0.14390968691615003,-0.0001681567411956738
3.325,-0.15202843625058998,-0.00015166258558209863
3.33,-0.1531369965214033,-0.00011365753460106729
3.335,-0.14715978164180898,-6.211253139150207e-05
3.34,-0.13465293414859514,-1.6982417572865596e-06
3.345,-0.11675474260150889,6.174333576000901e-05
3.35,-0.09508415805467242,0.00011462212895484798
3.355,-0.0715964573115677,0.00013992085656157433
3.36,-0.04840892123157413,0.00013444996266473533
3.365,-0.027612069648569833,0.0001121148443343508
3.37,-0.011083282154958893,8.65259071129732e-05
3.375,-0.00031942129379697315,6.24151830293263e-05
3.38,0.003696619448054675,4.010859061173462e-05
3.3850000000000002,0.000583545001066596,1.9436891052525156e-05
3.39,-0.009404347121980725,3.5724854699166665e-07
3.395,-0.025399838589401764,-1.7637604493779886e-05
3.4,-0.04600010665302218,-3.6520535227429965e-05
3.4050000000000002,-0.06939179208571326,-6.0556956730949965e-05
3.41,-0.09351266828663019,-9.440369280930858e-05
3.415,-0.11623549802863742,-0.00013556041627641336
3.42,-0.1355576861945181,-0.00016875704994096237
3.4250000000000003,-0.14977982011026628,-0.00017683168546864605
3.43,-0.1576571798042477,-0.00015667453866475173
3.435,-0.15851071037335002,-0.00011678870539178197
3.44,-0.15228756277212085,-6.511194463924147e-05
3.4450000000000003,-0.13956580554211373,-5.050899289274538e-06
3.45,-0.12150288740965814,5.9284718318738906e-05
3.455,-0.09973244554250545,0.00011551327366634093
3.46,-0.07621865947195103,0.0001453892034839029
3.465,-0.05308113568127385,0.0001426455832414322
3.47,-0.03240593518453019,0.00012017945237139721
3.475,-0.016059591834360135,9.313726182560772e-05
3.48,-0.005522702460449641,6.757524453851065e-05
3.485,-0.0017579250239500993,4.4130337182424125e-05
3.49,-0.0051241533441855475,2.252427249768755e-05
3.495,-0.015344520105567194,2.5030172817169066e-06
3.5,-0.03153108082010367,-1.6765203340584482e-05
3.505,-0.05226397805958942,-3.7774387989619465e-05
3.5100000000000002,-0.07571802811122619,-6.533314156086356e-05
3.515,-0.0998254442887798,-0.00010368999204576676
3.52,-0.1224601893865453,-0.00014790142826585668
3.525,-0.141627521428267,-0.00018009023173042545
3.5300000000000002,-0.15564183385769803,-0.0001840610114903239
3.535,-0.1632769349204738,-0.00016015678204385215
3.54,-0.1638753681566163,-0.00011876266565494346
3.545,-0.15740702759162853,-6.744571537344844e-05
3.5500000000000003,-0.14447184181910006,-8.309818756033076e-06
3.555,-0.12624628767682816,5.6243950550809604e-05
3.56,-0.10437850206201191,0.00011530502087942317
3.565,-0.08084134313749575,0.00014985358888011262
3.5700000000000003,-0.05775650118127246,0.0001504504291657591
3.575,-0.0372053403856673,0.00012836201062928774
3.58,-0.021043335907828586,0.00010002459239875813
3.585,-0.010734649940496957,7.298301992096474e-05
3.59,-0.007221595087982563,4.832410071527264e-05
3.595,-0.010840622972655492,2.5689518926776892e-05
3.6,-0.02129232806433433,4.593185297284608e-06
3.605,-0.03766814102568358,-1.616626170287702e-05
3.61,-0.05853133174218558,-3.964659608364726e-05
3.615,-0.08204510025339828,-7.111661063123895e-05
3.62,-0.10613633570466999,-0.00011401152921902127
3.625,-0.12868044347459162,-0.00016048345182848923
3.63,-0.14769076231104944,-0.00019041861358193405
3.6350000000000002,-0.16149568408901666,-0.00018958197128525982
3.64,-0.1688876851695029,-0.00016203495410518917
3.645,-0.16923098254588442,-0.00011957905199304657
3.65,-0.16251821674945766,-6.908917576455887e-05
3.6550000000000002,-0.14937110797906983,-1.139486050493229e-05
3.66,-0.1309850269579274,5.2713777963686346e-05
3.665,-0.10902242227420489,0.00011399092948619152
3.67,-0.08546460563585317,0.0001531459209441421
3.6750000000000003,-0.062435109048673915,0.00015763729738286545
3.68,-0.04201036241720227,0.00013650062169820557
3.685,-0.026034570509079147,0.00010709938246798591
3.69,-0.01595529383157457,7.858280354249937e-05
3.6950000000000003,-0.012694392122261297,5.2641344529500184e-05
3.7,-0.016565836420268293,2.8879035105241182e-05
3.705,-0.027247717140462896,6.559028418850785e-06
3.71,-0.04381094375624029,-1.5934841518323205e-05
3.715,-0.06480207738552576,-4.225154872632033e-05
3.72,-0.08837291138357348,-7.797528321296474e-05
3.725,-0.1124452472517309,-0.00012524357142802895
3.73,-0.13489617535115292,-0.00017293652636077663
3.735,-0.15374734181512617,-0.0001993468827823172
3.74,-0.1673413276661847,-0.00019321026214138466
3.745,-0.1744894151489484,-0.00016231324595900547
3.75,-0.17457756724761148,-0.00011928773534769663
3.755,-0.16762117183891595,-7.004545491755385e-05
3.7600000000000002,-0.15426366979395187,-1.4234620990337324e-05
3.765,-0.13571918933964922,4.880680027445801e-05
3.77,-0.11366430108382544,0.00011161448184927959
3.775,-0.09008854422863707,0.0001551442194028207
3.7800000000000002,-0.06711705023065129,0.00016398753118907682
3.785,-0.04682107780352338,0.00014441804469875923
3.79,-0.031033350917219565,0.00011425881116044479
3.795,-0.021184663239133178,8.43106821874567e-05
3.8000000000000003,-0.018176316463694706,5.702794417043985e-05
3.805,-0.022299765225355178,3.2033561722276464e-05
3.81,-0.03321063261119102,8.325012676040026e-06
3.815,-0.0499594129066991,-1.6171148366818656e-05
3.8200000000000003,-0.07107612428733319,-4.5698662726169145e-05
3.825,-0.09470136428878578,-8.593826059505379e-05
3.83,-0.11875208387327238,-0.00013718468813377736
3.835,-0.1411073005905577,-0.0001848411473429355
3.84,-0.1597971936727634,-0.00020652227514788765
3.845,-0.17317872238747356,-0.00019485474529865027
3.85,-0.18008211048556017,-0.00016106940164281058
3.855,-0.17991513699846517,-0.00011797921094519706
3.86,-0.1727159353927516,-7.034062192613186e-05
3.865,-0.15914959380058863,-1.676884183943782e-05
3.87,-0.14044885943086668,4.464745302750413e-05
3.875,-0.11830423362852364,0.00010826407759118403
3.88,-0.09471325610032447,0.00015577931426652582
3.8850000000000002,-0.07180241529407679,0.0001693026130884303
3.89,-0.051637562419453484,0.00015192737824752667
3.895,-0.036039731550448664,0.00012138646967187772
3.9,-0.026422786273113855,9.00943900551437e-05
3.9050000000000002,-0.02366736740784263,6.142434429733916e-05
3.91,-0.028042379931898107,3.5088582844591485e-05
3.915,-0.0391810188950589,9.809708374416156e-06
3.92,-0.056113471725496515,-1.69786842362539e-05
3.9250000000000003,-0.0773533813686811,-5.0084495470990384e-05
3.93,-0.10103036168284121,-9.498286834287375e-05
3.935,-0.1250567507493424,-0.00014955384130854076
3.94,-0.14731373529271094,-0.00019575205240022732
3.9450000000000003,-0.1658402523837964,-0.00021166384805302988
3.95,-0.17900782699227924,-0.00019452272183755154
3.955,-0.1856657578368647,-0.00015844240589158327
3.96,-0.18524370756364394,-0.00011577202189463103
3.9650000000000003,-0.17780255087829383,-7.001746868182388e-05
3.97,-0.16402894729313572,-1.8949618753176264e-05
3.975,-0.1451741223529871,4.036392841668783e-05
3.98,-0.12294231526800188,0.00010406481677312468
3.985,-0.09933883834716556,0.00015503717871285117
3.99,-0.07649129441518461,0.00017341445011787203
3.995,-0.05645989148160048,0.0001588385407130514
4.0,-0.04105376595984005,0.00012835333864931022
4.005,-0.031669690044743584,9.58527802023968e-05
4.01,-0.02916754320899663,6.576527410368164e-05
4.015,-0.03379365009289115,3.7974482831025195e-05
4.0200000000000005,-0.04515881955825278,1.0926841437253255e-05
4.025,-0.06227304282333163,-1.8460512464041708e-05
4.03,-0.08363375718438845,-5.548331496745992e-05
4.035,-0.10735980621743102,-0.00010502241309325947
4.04,-0.1313591533075362,-0.00016199454830773252
4.045,-0.15351539609266807,-0.00020522845224928967
4.05,-0.1718764532230963,-0.0002145864382347539
4.055,-0.18482860116582994,-0.00019231499311956213
4.0600000000000005,-0.19124034489268651,-0.00015461505282797944
4.065,-0.19056329573507574,-0.00011279936101493737
4.07,-0.18288106269250143,-6.912908575586788e-05
4.075,-0.16890179831539043,-2.074161689967297e-05
4.08,-0.14989506373023856,3.608084745355025e-05
4.085,-0.12757864157313292,9.916833116298677e-05
4.09,-0.10396538796611487,0.00015295709406294033
4.095,-0.08118377736929303,0.00017619362213643487
4.1,-0.06128813953976672,0.00016496531290840979
4.105,-0.04607550682323629,0.00013501922877378272
4.11,-0.036925400663440924,0.00010149504346518274
4.115,-0.034676841080379744,6.997905647036926e-05
4.12,-0.03955354427381509,4.06165020518109e-05
4.125,-0.051143977321031556,1.1586620952734802e-05
4.13,-0.06843804818199709,-2.071443213114295e-05
4.135,-0.08991715993345503,-6.19363517598696e-05
4.14,-0.11368960049322696,-0.0001158962341845841
4.1450000000000005,-0.1376591972337909,-0.00017408744447104438
4.15,-0.15971220017015036,-0.00021286790969490523
4.155,-0.17790573224796571,-0.00021521581723637858
4.16,-0.1906410055437866,-0.0001884116194899276
4.165,-0.19680586037655293,-0.00014979428361598023
4.17,-0.1958739193295056,-0.00010919682654381103
4.175,-0.1879515161568917,-6.773317650824496e-05
4.18,-0.1737682156530268,-2.2121572516219898e-05
4.1850000000000005,-0.1546117696798968,3.191324236243912e-05
4.19,-0.13221330831506292,9.374194981160339e-05
4.195,-0.10859300184374898,0.0001496263006594008
4.2,-0.08587995352053891,0.00017755512632428323
4.205,-0.06612238046844221,0.00017013268959098146
4.21,-0.051105005939243456,0.00014123494992243114
4.215,-0.04218994323383932,0.00010691994360214774
4.22,-0.040195257194463194,7.398666674019267e-05
4.225,-0.04532203005621975,4.2934639467864206e-05
4.23,-0.05713643406428483,1.1697561729981137e-05
4.235,-0.07460840916329353,-2.382687144936076e-05
4.24,-0.09620349746953974,-6.94402443206053e-05
4.245,-0.12001964707100747,-0.00012736392814851274
4.25,-0.14395678848313678,-0.00018537169374823682
4.255,-0.16590406525897658,-0.00021834002599151894
4.26,-0.18392802630542004,-0.0002135927511240631
4.265,-0.19644500171672935,-0.00018305079525608053
4.2700000000000005,-0.20236229404698253,-0.00014419223854979156
4.275,-0.2011755971864576,-0.00010509276213071577
4.28,-0.19301395751236822,-6.588769409239267e-05
4.285,-0.17862826882574642,-2.3077353529035747e-05
4.29,-0.1593243268024801,2.7962129878556312e-05
4.295,-0.13684641145428222,8.795830705587531e-05
4.3,-0.11322177674523043,0.00014517205767002799
4.305,-0.09057991181171307,0.000177461407696486
4.3100000000000005,-0.07096268745838792,0.0001741842477580816
4.315,-0.0561423142213084,0.00014684547461839574
4.32,-0.047463341852919116,0.0001120154470461064
4.325,-0.04572278668340446,7.770081415534235e-05
4.33,-0.051099074041431505,4.484374447281749e-05
4.335,-0.06313613083613925,1.1169076420722185e-05
4.34,-0.08078404651797547,-2.786539787274487e-05
4.345,-0.10249267731145405,-7.793557094129369e-05
4.3500000000000005,-0.12634984848275396,-0.00013910573398659136
4.355,-0.15025183329044284,-0.00019537447663413998
4.36,-0.1720909096564796,-0.00022141558687623146
4.365,-0.18994327303941091,-0.00020986538144674612
4.37,-0.2022405522345505,-0.00017650423780718748
4.375,-0.20790963669864998,-0.0001380104377606246
4.38,-0.20646834916609375,-0.00010060188401107365
4.385,-0.19806843391395595,-6.3647999254254e-05
4.39,-0.1834820280793546,-2.360679906227766e-05
4.3950000000000005,-0.16403282217182671,2.431170843691469e-05
4.4,-0.14147804712966178,8.198620334732557e-05
4.405,-0.11785180930324995,0.0001397521200433612
4.41,-0.09528374075407975,0.00017592268531935412
4.415,-0.07580913300828343,0.0001769891850573262
4.42,-0.061187481691927434,0.00015169428773041663
4.425,-0.05274561960726287,0.00011665918465574974
4.43,-0.05125942363960183,8.102541764190538e-05
4.4350000000000005,-0.056884641854353324,4.6254118373584746e-05
4.44,-0.0691430078587025,9.915124495768223e-06
4.445,-0.08696488039482281,-3.286992964434771e-05
4.45,-0.10878460665373724,-8.729680060025482e-05
4.455,-0.13268010724278262,-0.00015073086784970634
4.46,-0.15654423818109442,-0.00020364637247532745
4.465,-0.17827265223280292,-0.0002219870553753135
4.47,-0.1959514108979181,-0.00020427121916211696
4.4750000000000005,-0.20802762061071237,-0.00016905274512455507
4.48,-0.21344788016344007,-0.00013142858371573203
4.485,-0.21175219614693805,-9.582219586024898e-05
4.49,-0.20311499342540493,-6.10654250282608e-05
4.495,-0.18832956437772824,-2.371649251708773e-05
4.5,-0.16873734332520668,2.1028027483409668e-05
4.505,-0.14610831164751548,7.598319848809173e-05
4.51,-0.12248319600702134,0.00013354458222890412
4.515,-0.09999152841731099,0.00017299475771823033
4.5200000000000005,-0.08066178891643563,0.00017844862702605632
4.525,-0.06624055747692083,0.00015562897138572787
4.53,-0.05803679857041548,0.00012072017414939689
4.535,-0.05680516111636859,8.385591198216111e-05
4.54,-0.06267869814739144,4.7072993976430155e-05
4.545,-0.07515700453486915,7.859155689767926e-06
4.55,-0.09315083034972113,-3.884302993339573e-05
4.555,-0.11507919237722293,-9.732541458079078e-05
4.5600000000000005,-0.13901032585888498,-0.00016179498331248058
4.565,-0.16283390998168445,-0.000209799093250083
4.57,-0.18444921244016294,-0.00022007733083212602
4.575,-0.20195237913999556,-0.0001971116692551039
4.58,-0.2138061713264205,-0.00016096510602795985
4.585,-0.2189770173113763,-0.00012459843893610382
4.59,-0.2170271600235038,-9.083466871914858e-05
4.595,-0.20815368501372206,-5.8186947870962914e-05
4.6000000000000005,-0.19317094939474067,-2.3420566746887786e-05
4.605,-0.17343797825330842,1.815886563868535e-05
4.61,-0.15073730147057693,7.009011837066741e-05
4.615,-0.12711603319124629,0.00012673789010514584
4.62,-0.10470336241940595,0.00016877460249019633
4.625,-0.0855207262726169,0.00017850077029490526
4.63,-0.07130158979984388,0.0001585078815396369
4.635,-0.06333689980037305,0.00012406214519816686
4.64,-0.06235999112872499,8.608083240606427e-05
4.6450000000000005,-0.0684812066044935,4.720726242216541e-05
4.65,-0.08117805945525172,4.940454257331854e-06
4.655,-0.09934181535487,-4.574006004473249e-05
4.66,-0.1213763410596895,-0.00010774822903669633
4.665,-0.14534040684340066,-0.00017182686414588238
4.67,-0.16912075583061079,-0.0002135410261882754
4.675,-0.1906205103220386,-0.00021583538681401693
4.68,-0.20794611784267847,-0.00018872302183027415
4.6850000000000005,-0.2195761698346776,-0.00015248253212964212
4.69,-0.22449704205143733,-0.00011764232601256418
4.695,-0.22229326370378746,-8.570488669507457e-05
4.7,-0.21318455854357554,-5.5055602118586436e-05
4.705,-0.1980062555060743,-2.2739599131811668e-05
4.71,-0.17813481539020995,1.573451056009029e-05
4.715,-0.15536511320702945,6.442742681902543e-05
4.72,-0.1317504170251567,0.00011952163481355164
4.7250000000000005,-0.10941932991671893,0.00016339418193965093
4.73,-0.0903860154499265,0.0001771244414422844
4.735,-0.07637062597647591,0.00016020756123223939
4.74,-0.06864594333717286,0.00012654864274847847
4.745,-0.06792390465431147,8.758506531257133e-05
4.75,-0.07429212994527962,4.656774755869812e-05
4.755,-0.08720611040516499,1.1217623485442418e-06
4.76,-0.1055377538080009,-5.346041949298792e-05
4.765,-0.1276759589864857,-0.00011822293499637996
4.7700000000000005,-0.15167025272440388,-0.0001803629913752122
4.775,-0.17540468318870597,-0.00021470570408249412
4.78,-0.19678646652230697,-0.00020951943632171934
4.785,-0.21393256790784249,-0.0001794480529709099
4.79,-0.22533758256421432,-0.00014380951467363908
4.795,-0.23000794933224933,-0.0001106551888835667
4.8,-0.2275505311066631,-8.048581275882869e-05
4.805,-0.21820766477161035,-5.17113008371023e-05
4.8100000000000005,-0.20283555578095347,-2.169962543183086e-05
4.815,-0.18282794360327279,1.376914264296017e-05
4.82,-0.15999184359944818,5.9093264568182085e-05
4.825,-0.13638644350150708,0.00011207855149503637
4.83,-0.11413951759401936,0.00015701293370698577
4.835,-0.09525772609678743,0.00017434072002795847
4.84,-0.08144771240942635,0.00016063034136865476
4.845,-0.07396394820061403,0.00012804984749790316
4.8500000000000005,-0.07349689163441493,8.825500248372915e-05
4.855,-0.08011142992931203,4.507516693440636e-05
4.86,-0.09324109437174785,-3.6022664125883067e-06
4.865,-0.11173856354170263,-6.184152270938423e-05
4.87,-0.13397795216125816,-0.00012835241547654039
4.875,-0.1579997660567693,-0.00018698696216086906
4.88,-0.18168559984976015,-0.00021326884996871744
4.885,-0.20294700229427073,-0.00020147022182840542
4.89,-0.21991167106892678,-0.00016961178390017805
4.8950000000000005,-0.23109037692333256,-0.0001351108056618664
4.9,-0.23550973514266402,-0.00010370889575992379
4.905,-0.23279898715914493,-7.522094369995031e-05
4.91,-0.22322305534064757,-4.819179586872452e-05
4.915,-0.20765892397383087,-2.0331277631469808e-05
4.92,-0.18751745218303176,1.2262569657321645e-05
4.925,-0.16461758951379393,5.4162881152641596e-05
4.93,-0.14102420842565802,0.00010457797428882804
4.9350000000000005,-0.11886401165456581,0.00014980946382075737
4.94,-0.10013592712897479,0.0001702123991289842
4.945,-0.08653289458283207,0.00015971143859302896
4.95,-0.07929093238808085,0.00012845076882555168
4.955,-0.0790789409751178,8.798558818944141e-05
4.96,-0.08593906736043576,4.266765098078773e-05
4.965,-0.0992829475511286,-9.196634848301707e-06
4.97,-0.11794416183278808,-7.065742460446754e-05
4.9750000000000005,-0.1402822263166445,-0.00013770840032799382
4.98,-0.16432884943333084,-0.00019136920553911903
4.985,-0.18796341395107605,-0.00020935106436607351
4.99,-0.20910203950967268,-0.00019207846356929483
4.995,-0.22588336989759308,-0.0001595037564502741
5.0,-0.23683452130361105,-0.00012651332290846584
5.005,-0.2410023965122155,-9.68575085047448e-05
5.01,-0.23803865779355216,-6.994731490958327e-05
5.015,-0.22823078277380957,-4.453358612401239e-05
5.0200000000000005,-0.21247643451594267,-1.866902844556959e-05
5.025,-0.19220343083297461,1.1202123023905582e-05
5.03,-0.16924244792834364,4.9689166682692013e-05
5.035,-0.14566380740461035,9.717085674896246e-05
5.04,-0.12359289781031488,0.00014197296789871414
5.045,-0.10502068672177792,0.00016484122489510128
5.05,-0.09162621705718288,0.00015742480102806896
5.055,-0.08462691287249516,0.00012766017284663526
5.0600000000000005,-0.08467004054856551,8.66889153450937e-05
5.065,-0.09177500209127686,3.9309326947574644e-05
5.07,-0.10533160535572868,-1.557885821669556e-05
5.075,-0.12415446541174804,-7.962394998447087e-05
5.08,-0.14658868692504157,-0.00014586349659225891
5.085,-0.17065740549595856,-0.00019330145452250316
5.09,-0.19423803398391898,-0.00020320534382344127
5.095,-0.21525150066757942,-0.0001817511187441604
5.1000000000000005,-0.2318476078102747,-0.00014936772853156854
5.105,-0.242569985083524,-0.0001181113036043475
5.11,-0.2464859315114598,-9.014248784252219e-05
5.115,-0.2432695699445414,-6.469801473096835e-05
5.12,-0.23323090046850783,-4.077264565463973e-05
5.125,-0.21728816250685754,-1.6750504023932014e-05
5.13,-0.19688596965934105,1.0564593991755395e-05
5.135,-0.17386651592263502,4.570401042281129e-05
5.14,-0.1503053358361322,8.998635659111969e-05
5.1450000000000005,-0.12832626127210636,0.00013369488316955998
5.15,-0.10991207230219463,0.00015836304670764165
5.155,-0.09672772346422087,0.00015378699457512272
5.16,-0.08997190560037649,0.00012561935662480463
5.165,-0.09027017719434612,8.430364859728163e-05
5.17,-0.09761919302780006,3.4999056968849744e-05
5.175,-0.11138700242160686,-2.2614692458177472e-05
5.18,-0.13036939047222407,-8.841165548089094e-05
5.1850000000000005,-0.15289723920940848,-0.0001524287806461319
5.19,-0.1769853369467027,-0.00019272039252644606
5.195,-0.20050936880397507,-0.00019519103977136515
5.2,-0.22139530890325335,-0.00017088081226373153
5.205,-0.23780432907462964,-0.00013939832854698893
5.21,-0.24829673863192286,-0.00010997297555843765
5.215,-0.2519603392521942,-8.359713524279206e-05
5.22,-0.24849175154604142,-5.950403433622942e-05
5.2250000000000005,-0.2382234626903679,-3.694488768738766e-05
5.23,-0.2220941837058601,-1.4615810568327385e-05
5.235,-0.2015651591608086,1.0318147823654439e-05
5.24,-0.1784898906663724,4.222025382454024e-05
5.245,-0.15494888889784011,8.312990315749574e-05
5.25,-0.1330641867399732,0.000125161220667168
5.255,-0.11481015054127489,0.000150941195692457
5.26,-0.10183745650197867,0.00014885856828912981
5.265,-0.09532592549002432,0.00012230972367341245
5.2700000000000005,-0.0958793367209967,8.080419829187151e-05
5.275,-0.10347159813401462,2.9778038010496814e-05
5.28,-0.11744907261594506,-3.0118396414939372e-05
5.285,-0.1365888526806015,-9.666688483368641e-05
5.29,-0.15920778815403042,-0.0001570923488469285
5.295,-0.18331254655885834,-0.0001897160348163074
5.3,-0.20677732764174112,-0.00018573806738366656
5.305,-0.22753338799689282,-0.00015982173153051974
5.3100000000000005,-0.24375347881590997,-0.00012974320927605854
5.315,-0.25401475331142986,-0.00010214728157548844
5.32,-0.25742561988755913,-7.724990057859213e-05
5.325,-0.253705231528062,-5.439540052556375e-05
5.33,-0.24320852456703118,-3.3086313790174943e-05
5.335,-0.226894574523349,-1.2306815265717627e-05
5.34,-0.2062410902182014,1.0424197919708123e-05
5.345,-0.18311266940837237,3.923405205897129e-05
5.3500000000000005,-0.159594561536366,7.668261022261476e-05
5.355,-0.13780675839344617,0.00011654594737903456
5.36,-0.1197149873464717,0.0001427585664726644
5.365,-0.10695545792989204,0.00014274257342519907
5.37,-0.10068898642981335,0.0001177581037141499
5.375,-0.1014975039076172,7.620832910808143e-05
5.38,-0.10933217443675465,2.3734745627786866e-05
5.385,-0.1235177490445554,-3.7858889015843346e-05
5.39,-0.14281276718559965,-0.0001040396486238581
5.3950000000000005,-0.16552023851542194,-0.00015965302416748244
5.4,-0.1896389371880943,-0.00018452268412140314
5.405,-0.21304182011289752,-0.00017530665154120434
5.41,-0.23366566238235745,-0.0001488737484210875
5.415,-0.24969500302320408,-0.00012050874877830263
5.42,-0.2597240014816887,-9.466963955558354e-05
5.425,-0.26288177461202067,-7.112645669667682e-05
5.43,-0.25891003981339533,-4.9401622132874836e-05
5.4350000000000005,-0.2481861420818572,-2.923282787165507e-05
5.44,-0.23168941201208784,-9.866331058937497e-06
5.445,-0.21091385408408336,1.0839245021376075e-05
5.45,-0.18773494946543198,3.672749885518631e-05
5.455,-0.16424244845652938,7.07018596245435e-05
5.46,-0.1425540598819813,0.00010800568877366288
5.465,-0.12462664785415772,0.00013400898473414698
5.47,-0.11208176856405101,0.00013558020762271047
5.4750000000000005,-0.10606110127661295,0.0001120389191658372
5.48,-0.10712466250561355,7.058184933467359e-05
5.485,-0.11520087803059789,1.7005756148055256e-05
5.49,-0.12959296405955695,-4.557241055267442e-05
5.495,-0.14904104862798434,-0.00011021534668765196
5.5,-0.17183449483313942,-0.00016004332450138403
5.505,-0.19596441178350035,-0.0001774933119255966
5.51,-0.21930275622859102,-0.00016434831008721055
5.515,-0.23979205715576385,-0.00013827493435144162
5.5200000000000005,-0.2556288485556193,-0.00011176734896201485
5.525,-0.26542445650253715,-8.75662115497055e-05
5.53,-0.26832880566123385,-6.525063892978236e-05
5.535,-0.26410620731419665,-4.4551538936006155e-05
5.54,-0.2531563720675546,-2.5419729207727135e-05
5.545,-0.23647877385844226,-7.337178893410252e-06
5.55,-0.21558354237239774,1.151668876828249e-05
5.555,-0.19235682821126232,3.4671397884352866e-05
5.5600000000000005,-0.16889264411049257,6.522285679886178e-05
5.565,-0.1473061743153849,9.967591100728583e-05
5.57,-0.12954519642216727,0.00012488848850098858
5.575,-0.11721642827252637,0.00012754387190083355
5.58,-0.11144228185431791,0.00010527262835292963
5.585,-0.112760795240542,6.403925075392597e-05
5.59,-0.12107766408285868,9.771392435799116e-06
5.595,-0.13567464926705503,-5.298114975669896e-05
5.6000000000000005,-0.15527361115027888,-0.00011494590975961205
5.605,-0.17815046144071311,-0.00015833711003700122
5.61,-0.2022888733987006,-0.0001690612660495941
5.615,-0.22556004640573518,-0.00015327305457636973
5.62,-0.24591249808404672,-0.0001282013242449625
5.625,-0.261554963148325,-0.00010356475701607582
5.63,-0.27111609273703013,-8.085658560928325e-05
5.635,-0.2737667163117883,-5.964447225108846e-05
5.64,-0.2692937659284673,-3.987270533340198e-05
5.6450000000000005,-0.25811927219967323,-2.1680937772428656e-05
5.65,-0.24126273837348788,-4.761136440585037e-06
5.655,-0.22025024704795562,1.240860374157335e-05
5.66,-0.1969784030653424,3.302807831589066e-05
5.665,-0.17354524268703264,6.026094330417977e-05
5.67,-0.15206318425436233,9.166862793268598e-05
5.675,-0.13447069662247668,0.00011558712993590598
5.68,-0.12235947597084253,0.00011882821675673452
5.6850000000000005,-0.11683253895249866,9.76203303296408e-05
5.69,-0.11840588381409166,5.673965788175561e-05
5.695,-0.12696248683871963,2.245896379186961e-06
5.7,-0.14176273553497415,-5.981597198979752e-05
5.705,-0.16151036840657143,-0.00011807527644484051
5.71,-0.1844680424765254,-0.00015473993112118274
5.715,-0.20861222520285994,-0.00015969549152170572
5.72,-0.23181360147719765,-0.00014242616636055334
5.7250000000000005,-0.25202691161342367,-0.00011877198740234682
5.73,-0.26747329541853515,-9.592639928851893e-05
5.735,-0.2767988855543769,-7.455508596177914e-05
5.74,-0.27919551088083305,-5.4327572916268256e-05
5.745,-0.27447274853640397,-3.539047279201344e-05
5.75,-0.2630749009900565,-1.804804364825974e-05
5.755,-0.2460413844841049,-2.17782127331171e-06
5.76,-0.2249140604159941,1.3467447235374201e-05
5.765,-0.201599771481841,3.175415547460745e-05
5.7700000000000005,-0.17820033810075628,5.5814442072939613e-05
5.775,-0.15682517170106416,8.407156966371606e-05
5.78,-0.1394032112339285,0.00010628182193701412
5.785,-0.12751094961751297,0.00010963997046904453
5.79,-0.12223188232517289,8.92749249231858e-05
5.795,-0.12405990890616153,4.887813076654162e-05
5.8,-0.13285529962643483,-5.337188312960758e-06
5.805,-0.1478571530009184,-6.584022577225798e-05
5.8100000000000005,-0.16775123357238272,-0.00011955461488813084
5.815,-0.19078714189478435,-0.00014956341997284582
5.82,-0.21493437049179512,-0.0001498563467238418
5.825,-0.23806333270200666,-0.00013207583863855305
5.83,-0.25813522487778445,-0.00011005723195141236
5.835,-0.2733837948713513,-8.886229320159824e-05
5.84,-0.2824728113327405,-6.867110200001205e-05
5.845,-0.2846151947255867,-4.931622704107253e-05
5.8500000000000005,-0.2796431889966575,-3.112695225988012e-05
5.855,-0.2680233177801268,-1.4549301595933007e-05
5.86,-0.2508147917239436,3.764105887750133e-07
5.865,-0.22957507511160719,1.4647640961861377e-05
5.87,-0.2062210309384569,3.0803136100273876e-05
5.875,-0.18285802398141937,5.1867809217616747e-05
5.88,-0.16159221808977595,7.694865541710099e-05
5.885,-0.1443428022350916,9.713062271579382e-05
5.89,-0.1326708862097302,0.00010018745465842631
5.8950000000000005,-0.1276403206896899,8.044969171271726e-05
5.9,-0.12972285017707352,4.0673115633684324e-05
5.905,-0.1387560548626744,-1.2742760058278316e-05
5.91,-0.1539578310801693,-7.087099141222326e-05
5.915,-0.17399611935452733,-0.00011944439087440743
5.92,-0.19710766347644512,-0.00014318821467941773
5.925,-0.22125521269895315,-0.00013995838247155942
5.93,-0.24430915177544243,-0.0001224109965760066
5.9350000000000005,-0.26423736570701745,-0.00010208800599098215
5.94,-0.2792864119055447,-8.237056019140909e-05
5.945,-0.2881378474619433,-6.320887693435736e-05
5.95,-0.2900257742427225,-4.462242525665187e-05
5.955,-0.2848051221424658,-2.710003521397093e-05
5.96,-0.27296458273414903,-1.1208703621635591e-05
5.965,-0.25558304022438016,2.8694517615709714e-06
5.97,-0.23423338408921066,1.59069529476328e-05
5.9750000000000005,-0.21084227892534751,3.0127769088872647e-05
5.98,-0.1875183936632103,4.839487427063997e-05
5.985,-0.16636440427757432,7.034154120683672e-05
5.99,-0.14928953079716728,8.826869079658054e-05
5.995,-0.13783932177912972,9.067068414511702e-05
6.0,-0.13305786172573836,7.136549343807158e-05
6.005,-0.13539468626988466,3.235148743698121e-05
6.01,-0.14466470405792645,-1.9752650411652752e-05
6.015000000000001,-0.16006469847371535,-7.479432900512112e-05
6.0200000000000005,-0.18024493800113,-0.00011790291060664006
6.025,-0.20342951084022437,-0.0001360219691313358
6.03,-0.2275746554064701,-0.0001303444098973685
6.035,-0.2505509708391491,-0.00011354715639057458
6.04,-0.2703332626352203,-9.486507258273952e-05
6.045,-0.2851810978191882,-7.643983905476998e-05
6.05,-0.2937939723460366,-5.816715241597776e-05
6.055,-0.29542725686764204,-4.025307904525239e-05
6.0600000000000005,-0.2899585837776744,-2.332262692376408e-05
6.065,-0.2778987568323406,-8.045251995110703e-06
6.07,-0.26034621070534025,5.274219177052732e-06
6.075,-0.23888908061190287,1.7207605276059067e-05
6.08,-0.21546361293396532,2.9682052908671054e-05
6.085,-0.19218154017413547,4.536197119096247e-05
6.09,-0.17114181053514702,6.427196827491182e-05
6.095,-0.1542434572770329,7.980597440577354e-05
6.1000000000000005,-0.14301629138769045,8.127282629171295e-05
6.105,-0.1384845120744687,6.223795840829395e-05
6.11,-0.14107539481283254,2.4133026622854706e-05
6.115,-0.15058119782206109,-2.6182240695254222e-05
6.12,-0.1661776831763962,-7.757210994746751e-05
6.125,-0.18649760131158843,-0.00011516364204199366
6.13,-0.20975258745356004,-0.00012845942521925354
6.135,-0.2338926023561347,-0.00012127248138539245
6.140000000000001,-0.25678870249111363,-0.00010553748159311335
6.1450000000000005,-0.27642284490888036,-8.836712277786634e-05
6.15,-0.29106780481524414,-7.105099578126935e-05
6.155,-0.2994411654057738,-5.353896263024778e-05
6.16,-0.30081965107362396,-3.620957061939228e-05
6.165,-0.29510361067266144,-1.9802200237555867e-05
6.17,-0.2828259018639371,-5.07252382680832e-06
6.175,-0.2651043844661354,7.569143213217145e-06
6.18,-0.24354225824085815,1.8517049571253324e-05
6.1850000000000005,-0.22008513044593928,2.9422832804893343e-05
6.19,-0.19684755622537164,4.273079599121051e-05
6.195,-0.17592451653760113,5.8744623385577024e-05
6.2,-0.1592046412103303,7.182654447671897e-05
6.205,-0.14820182912372948,7.215358518322947e-05
6.21,-0.14392027733773613,5.326593043753713e-05
6.215,-0.14676495242187856,1.6216227602822018e-05
6.22,-0.1565054858699379,-3.1892900474818035e-05
6.2250000000000005,-0.17229671248512898,-7.923963053471921e-05
6.23,-0.19275402064667324,-0.00011150568238394621
6.235,-0.21607679664366564,-0.0001208502954716339
6.24,-0.24020895746040738,-0.0001129148354486053
6.245,-0.2630222597956742,-9.838621496920108e-05
6.25,-0.2825060424949202,-8.25574944210292e-05
6.255,-0.2969464860069906,-6.617848756216199e-05
6.26,-0.30507940708094994,-4.931174593445262e-05
6.265000000000001,-0.30620296637085964,-3.2487706515936625e-05
6.2700000000000005,-0.3002402405601361,-1.654072059147697e-05
6.275,-0.28774608042011957,-2.2985727577471894e-06
6.28,-0.2698576433761337,9.738331512711448e-06
6.285,-0.2481930108246183,1.9808381727556175e-05
6.29,-0.22470692892198035,2.9310952862875963e-05
6.295,-0.20151653420071786,4.046087120627238e-05
6.3,-0.1807126013554024,5.375023589039299e-05
6.305,-0.16417314130470645,6.438935694885204e-05
6.3100000000000005,-0.15339596809800857,6.34448176324139e-05
6.315,-0.14936516207746042,4.462221796537421e-05
6.32,-0.1524633347033853,8.767044458852294e-06
6.325,-0.16243751702716402,-3.6798743005139574e-05
6.33,-0.17842171300718176,-7.989496698550776e-05
6.335,-0.1990141069386078,-0.00010722264309300476
6.34,-0.22240204160850569,-0.00011347834465137971
6.345,-0.2465236248133463,-0.00010536603234883248
6.3500000000000005,-0.26925155629343495,-9.206219917557585e-05
6.355,-0.2885827860887146,-7.738950593218134e-05
6.36,-0.30281709542339086,-6.179162712492658e-05
6.365,-0.31070867883264175,-4.546782330236926e-05
6.37,-0.31157721330536736,-2.907806853863395e-05
6.375,-0.3053685121308366,-1.3534934078624113e-05
6.38,-0.2926593558868966,2.7383633818713597e-07
6.385,-0.2746060698654657,1.177141083095838e-05
6.390000000000001,-0.252841432488415,2.106040332770651e-05
6.3950000000000005,-0.2293291057907257,2.9311964944160086e-05
6.4,-0.20618856614603878,3.8511547677908055e-05
6.405,-0.18550614344532484,4.926867355813556e-05
6.41,-0.1691490154330772,5.753014846441073e-05
6.415,-0.15859874043996686,5.5248425024779034e-05
6.42,-0.15481916981510707,3.644728873154941e-05
6.425,-0.15817051625688994,1.9116224337748175e-06
6.43,-0.16837723923591377,-4.086725805284965e-05
6.4350000000000005,-0.18455261066856143,-7.968246186922104e-05
6.44,-0.20527777070126332,-0.00010259482748296748
6.445,-0.22872822542790322,-0.00010655237008898433
6.45,-0.25283650870158614,-9.865670691635042e-05
6.455,-0.27547650601110585,-8.651096623356313e-05
6.46,-0.2946530071219743,-7.281058809299415e-05
6.465,-0.308679588014321,-5.785586582267646e-05
6.47,-0.31632896314531256,-4.198520028478533e-05
6.4750000000000005,-0.3169424034577874,-2.59666955371059e-05
6.48,-0.31048846502910943,-1.077696114745945e-05
6.485,-0.2975657924378493,2.6467072363964724e-06
6.49,-0.27934974691558445,1.3663088714992988e-05
6.495,-0.257487617623414,2.225737131511202e-05
6.5,-0.2339517584376593,2.9396431812562904e-05
6.505,-0.2108637437587707,3.684352378054187e-05
6.51,-0.1903052206415279,4.527185150217376e-05
6.515000000000001,-0.17413232062705436,5.126413289129285e-05
6.5200000000000005,-0.1638101772940434,4.763633635414399e-05
6.525,-0.16028230303128405,2.8846124711710825e-05
6.53,-0.16388647067801357,-4.266618570950939e-06
6.535,-0.17432459956088736,-4.411443845385071e-05
6.54,-0.1906893307224573,-7.877349049764344e-05
6.545,-0.21154492204033523,-9.786816024285575e-05
6.55,-0.2350552510745432,-0.00010020752114028934
6.555,-0.2591475136152214,-9.276950451142978e-05
6.5600000000000005,-0.2816970234713438,-8.166463007509348e-05
6.565,-0.30071663777058244,-6.876544383278171e-05
6.57,-0.3145339196557265,-5.4334108923924146e-05
6.575,-0.32194024352882217,-3.8838592019992745e-05
6.58,-0.3222985494420645,-2.313599256778149e-05
6.585,-0.3156001398483982,-8.255106363656826e-06
6.59,-0.30246545502682975,4.826084245485517e-06
6.595,-0.2840887580498296,1.5412504390145913e-05
6.6000000000000005,-0.2621316608759501,2.3388503025151464e-05
6.605,-0.23857498419396467,2.9539889425977336e-05
6.61,-0.21554215837744356,3.54199050115779e-05
6.615,-0.19510991014664839,4.172632698698548e-05
6.62,-0.17912311307042772,4.5589170045195386e-05
6.625,-0.16903030881613407,4.0652230236525106e-05
6.63,-0.16575456316545986,2.1888053948508795e-05
6.635,-0.16961117056145802,-9.72583691968582e-06
6.640000000000001,-0.18027954419533299,-4.659581876424763e-05
6.6450000000000005,-0.1968317977577838,-7.734763885582972e-05
6.65,-0.2178154706636327,-9.324143686480739e-05
6.655,-0.24138302142508342,-9.451403188455906e-05
6.66,-0.2654565442587446,-8.765452667791084e-05
6.665,-0.28791302370247274,-7.744940441449584e-05
6.67,-0.306773610962326,-6.519844163176678e-05
6.675,-0.3203800471546402,-5.1188011885805e-05
6.68,-0.3275425045202986,-3.60005487924453e-05
6.6850000000000005,-0.3276456649040038,-2.0565751474183702e-05
6.69,-0.32070357812659783,-5.9547823095230405e-06
6.695,-0.3073584093805393,6.8212064580990685e-06
6.7,-0.28882318732386664,1.7022451385958858e-05
6.705,-0.266773657136733,2.4447316893887956e-05
6.71,-0.2431988803254565,2.9722549665182298e-05
6.715,-0.2202239009712889,3.4206858366809466e-05
6.72,-0.1999202885230199,3.859550909372653e-05
6.7250000000000005,-0.18412144809274777,4.048911315317334e-05
6.73,-0.17425916417014542,3.431454876997394e-05
6.735,-0.1712359506157986,1.56090714609256e-05
6.74,-0.17534458750415133,-1.4461350017331023e-05
6.745,-0.18624201846719327,-4.8395249431504626e-05
6.75,-0.20297993570775896,-7.557676729903111e-05
6.755,-0.22408932589135092,-8.886166756622902e-05
6.76,-0.24771143927119912,-8.949005554728342e-05
6.765000000000001,-0.27176350556186857,-8.324261337075871e-05
6.7700000000000005,-0.2941244222482101,-7.37909401001577e-05
6.775,-0.3128238603845611,-6.205539949666169e-05
6.78,-0.3262179282541258,-4.8379182229941354e-05
6.785,-0.3331357316859091,-3.344256586720423e-05
6.79,-0.3329837645197189,-1.823417512156758e-05
6.795,-0.3257988223413309,-3.859451074773069e-06
6.8,-0.3122447219910349,8.64363190103817e-06
6.805,-0.29355311931612826,1.8498553504308323e-05
6.8100000000000005,-0.2714137015300039,2.543088974000983e-05
6.815,-0.2478235440214473,2.9928828914535778e-05
6.82,-0.22490906212982786,3.317393429764015e-05
6.825,-0.20473643168390662,3.584146002518796e-05
6.83,-0.18912738016303052,3.593709627853536e-05
6.835,-0.1794967715246692,2.8620331090955468e-05
6.84,-0.17672646473911485,1.0015981228197008e-05
6.845,-0.18108669210847178,-1.8499017659068435e-05
6.8500000000000005,-0.19221196684535058,-4.961322195563229e-05
6.855,-0.20913366785861207,-7.361342325502192e-05
6.86,-0.23036639666643371,-8.48260033509174e-05
6.865,-0.2540404073307098,-8.511567439941533e-05
6.87,-0.2780683026904138,-7.945572168401667e-05
6.875,-0.3003311351772711,-7.061785449050898e-05
6.88,-0.31886732049175653,-5.928487207321915e-05
6.885,-0.33204752163808576,-4.587021787951344e-05
6.890000000000001,-0.33871991162250215,-3.113608571591827e-05
6.8950000000000005,-0.3383128639939543,-1.6118819637517353e-05
6.9,-0.3308859159050851,-1.951504740414099e-06
6.905,-0.31712446010813145,1.0306404623495112e-05
6.91,-0.29827863911813324,1.9848463949761456e-05
6.915,-0.2760518894027129,2.6339101879697793e-05
6.92,-0.25244907238369046,3.0146781662894753e-05
6.925,-0.2295977320525689,3.229413504872977e-05
6.93,-0.20955841488488405,3.342630092897495e-05
6.9350000000000005,-0.1941409628835231,3.189858570367055e-05
6.94,-0.184743158049765,2.3549426270216893e-05
6.945,-0.18222610385094717,5.091636455464517e-06
6.95,-0.18683745398561463,-2.1887559765368222e-05
6.955,-0.19818933294594726,-5.035622934582059e-05
6.96,-0.21529291685830643,-7.158401728063452e-05
6.965,-0.23664659156495385,-8.118810905725351e-05
6.97,-0.26036982825864236,-8.134596836841982e-05
6.9750000000000005,-0.2843708410571241,-7.621435585448237e-05
6.98,-0.3065330790929757,-6.786386704898287e-05
6.985,-0.3249039265129967,-5.683902417820021e-05
6.99,-0.337868786935983,-4.362553603282329e-05
6.995,-0.34429503195913824,-2.9053333067321378e-05
7.0,-0.3436329800582957,-1.4197397486418886e-05
7.005,-0.3359649031602767,-2.1303049214740785e-07
7.01,-0.3219976917317495,1.1823316981744823e-05
7.015000000000001,-0.3029998323248057,2.1081139395475682e-05
7.0200000000000005,-0.280688316313606,2.717392536919053e-05
7.025,-0.25707556241528373,3.0367504967521373e-05
7.03,-0.2342900005386834,3.154380438525093e-05
7.035,-0.21438631271520395,3.131325888990019e-05
7.04,-0.19916224898360807,2.833408087916322e-05
7.045,-0.18999834991386733,1.9068715443110887e-05
7.05,-0.1877348652257499,8.006045155120966e-07
7.055,-0.19259684175904784,-2.4690813563915152e-05
7.0600000000000005,-0.2041740595388289,-5.072813792346103e-05
7.065,-0.2214576047253947,-6.958633276617184e-05
7.07,-0.2429298188065608,-7.796682347256046e-05
7.075,-0.26669960465837317,-7.812192782598102e-05
7.08,-0.2906710263324305,-7.344241779552705e-05
7.085,-0.3127301711427362,-6.546891962845821e-05
7.09,-0.33093361445934727,-5.467415915628903e-05
7.095,-0.34368168472744215,-4.1611974916831054e-05
7.1000000000000005,-0.34986108135850386,-2.7167955253816602e-05
7.105,-0.3489441304692569,-1.2448412568133853e-05
7.11,-0.341035829374175,1.373569135449884e-06
7.115,-0.32686448560413395,1.3208297354534627e-05
7.12,-0.3077167850246938,2.2206220955786017e-05
7.125,-0.28532307802235757,2.7938792414366155e-05
7.13,-0.2617031110096112,3.058456292897609e-05
7.135,-0.23898595697679384,3.0902403551148454e-05
7.140000000000001,-0.21922019908932294,2.946740453602593e-05
7.1450000000000005,-0.2041912903137678,2.5201404733082123e-05
7.15,-0.19526237228079224,1.5136062878396553e-05
7.155,-0.19325274509720433,-2.905297578535481e-06
7.16,-0.19836482306810344,-2.6980693515629665e-05
7.165,-0.21016608855406832,-5.082400965898529e-05
7.17,-0.22762765285788578,-6.769042094112516e-05
7.175,-0.2492159862649223,-7.515532353723618e-05
7.18,-0.2730296390927087,-7.537876458146904e-05
7.1850000000000005,-0.29696876445525033,-7.107002337247114e-05
7.19,-0.3189223290275258,-6.337959222088403e-05
7.195,-0.3369563211311796,-5.2750964477172906e-05
7.2,-0.3494861765467558,-3.9799175945655977e-05
7.205,-0.3554180495181999,-2.5455466850675817e-05
7.21,-0.3542463340062607,-1.0851622408711147e-05
7.215,-0.346098740733752,2.8251088917992853e-06
7.22,-0.33172491120203446,1.447493397272111e-05
7.2250000000000005,-0.31242958379015173,2.3233535947770524e-05
7.23,-0.28995627047860983,2.8638063709899934e-05
7.235,-0.26633181493927016,3.079346347128567e-05
7.24,-0.24368569033474197,3.03522250919507e-05
7.245,-0.2240601472384553,2.7856133935234772e-05
7.25,-0.2092281378396857,2.245756660706869e-05
7.255,-0.20053524930687358,1.1703808934080944e-05
7.26,-0.19877973865864818,-6.0819975621783815e-06
7.265000000000001,-0.2041413645716592,-2.8831332788588745e-05
7.2700000000000005,-0.21616536108860201,-5.0726360496868585e-05
7.275,-0.23380298204224242,-6.594174312943987e-05
7.28,-0.2555050014782694,-7.272956438799774e-05
7.285,-0.27935983409502047,-7.305170859344895e-05
7.29,-0.30326396164368175,-6.903484314940193e-05
7.295,-0.3251094710112604,-6.154905288366766e-05
7.3,-0.34297198412535773,-5.10345342107382e-05
7.305,-0.3552822248872589,-3.815977183257654e-05
7.3100000000000005,-0.36096592717192244,-2.3893516295991873e-05
7.315,-0.3595396104694889,-9.388339804284246e-06
7.32,-0.35115368434040495,4.1572982929054496e-06
7.325,-0.33657903872875483,1.563613053310364e-05
7.33,-0.3171383156674665,2.417271999609142e-05
7.335,-0.2945879898110611,2.9276602239984846e-05
7.34,-0.2709617708450619,3.099120493407463e-05
7.345,-0.2483892891494673,2.9878082593116128e-05
7.3500000000000005,-0.22890622970220792,2.6449446819369448e-05
7.355,-0.2142728416364219,2.0060212983136208e-05
7.36,-0.20581700413820017,8.721702882393873e-06
7.365,-0.20431584006362508,-8.788935399168016e-06
7.37,-0.20992643195194702,-3.0314616749976056e-05
7.375,-0.22217181741293107,-5.0503528133440844e-05
7.38,-0.23998351246239297,-6.436548711636872e-05
7.385,-0.26179677165991105,-7.065531979877926e-05
7.390000000000001,-0.2856900921803605,-7.107967287785744e-05
7.3950000000000005,-0.30955652440574055,-6.728245193172935e-05
7.4,-0.331291515930139,-5.9936717223742586e-05
7.405,-0.34898054184238125,-4.9494224734593074e-05
7.41,-0.3610697932056236,-3.666941619564016e-05
7.415,-0.3665047060905158,-2.24620029588308e-05
7.42,-0.3648239806776306,-8.041596750630376e-06
7.425,-0.3562007082045864,5.384545780402451e-06
7.43,-0.3414269391061681,1.670387937809845e-05
7.4350000000000005,-0.3218430681669103,2.503294919379796e-05
7.44,-0.299218332316463,2.985944776731031e-05
7.445,-0.2755930752249304,3.11758984154362e-05
7.45,-0.2530968415168894,2.94670021855574e-05
7.455,-0.2337585183203277,2.522006807025485e-05
7.46,-0.21932545088270472,1.796870226433885e-05
7.465,-0.21110765890798155,6.139243534323082e-06
7.47,-0.20986104242654952,-1.1085708365471028e-05
7.4750000000000005,-0.21571998991847324,-3.1497104081060814e-05
7.48,-0.22818539697795823,-5.0209661715939794e-05
7.485,-0.24616916370885242,-6.297119967812152e-05
7.49,-0.2680912037088551,-6.889359219444191e-05
7.495,-0.29202031585657906,-6.940727643424201e-05
7.5,-0.31584635954998996,-6.576606469618325e-05
7.505,-0.33746838320187766,-5.850774220934688e-05
7.51,-0.35498193349339324,-4.810339473238335e-05
7.515000000000001,-0.3668488459260152,-3.5306693247873424e-05
7.5200000000000005,-0.37203437908291326,-2.1143077271047427e-05
7.525,-0.3700994664654994,-6.796198098772116e-06
7.53,-0.36123986124031787,6.519866451976962e-06
7.535,-0.34626868396659927,1.7689132811813714e-05
7.54,-0.3265439292527852,2.582276642664291e-05
7.545,-0.30384739444866465,3.0391580814052402e-05
7.55,-0.2802258244229871,3.13464637177913e-05
7.555,-0.25780843508186474,2.9107931743691222e-05
7.5600000000000005,-0.23861708422447855,2.4143452701441037e-05
7.565,-0.22438601385531076,1.6144851862474203e-05
7.57,-0.2164072347340165,3.90744772300763e-06
7.575,-0.21541533782349498,-1.3029590031679758e-05
7.58,-0.22152200221203522,-3.24381851032762e-05
7.585,-0.23420603842187315,-4.988581130770431e-05
7.59,-0.252359854787889,-6.175714609621475e-05
7.595,-0.2743882042203952,-6.74044603542563e-05
7.6000000000000005,-0.2983504076354658,-6.79857016624615e-05
7.605,-0.3221333741962096,-6.444593097166362e-05
7.61,-0.3436399928349331,-5.723244065435807e-05
7.615,-0.360976099107127,-4.683907330574607e-05
7.62,-0.37261934844415706,-3.405294421588234e-05
7.625,-0.37755493999695744,-1.9921055900198303e-05
7.63,-0.37536609068155014,-5.63869262952478e-06
7.635,-0.36627119325962487,7.574869312237435e-06
7.640000000000001,-0.3511043456446758,1.8601751590981546e-05
7.6450000000000005,-0.33124098733335416,2.654998380202352e-05
7.65,-0.30847527280759074,3.087776179559779e-05
7.655,-0.28486011461848504,3.150239180857421e-05
7.66,-0.2625241570281714,2.8791476266486416e-05
7.665,-0.24348199783015229,2.31977075372371e-05
7.67,-0.22945457792357266,1.4553410750206059e-05
7.675,-0.2217157517162887,1.9801013465523327e-06
7.68,-0.22097871729309523,-1.4673845308596564e-05
7.6850000000000005,-0.2273324316088648,-3.3189247903580724e-05
7.69,-0.2402336795771769,-4.956164651166035e-05
7.695,-0.2585555041307801,-6.07140608830075e-05
7.7,-0.28068767949680296,-6.614959583159864e-05
7.705,-0.3046802700438405,-6.677278791902204e-05
7.71,-0.32841747578596003,-6.32885711591134e-05
7.715,-0.34980626543759924,-5.608567434617215e-05
7.72,-0.36696297953674323,-4.5681591687523994e-05
7.7250000000000005,-0.378381267131283,-3.289204220864738e-05
7.73,-0.3830663837201024,-1.8782280361372333e-05
7.735,-0.3806238771852638,-4.557286704742147e-06
7.74,-0.3712947549668355,8.559801692480309e-06
7.745,-0.35593399716906116,1.9450510621006363e-05
7.75,-0.3359343312507874,2.7221643401776148e-05
7.755,-0.3131020641282287,3.1322430265549605e-05
7.76,-0.2894960418148795,3.164356427492253e-05
7.765000000000001,-0.2672440940685861,2.8509662783474324e-05
7.7700000000000005,-0.24835332882860864,2.2363456179420528e-05
7.775,-0.23453118954395694,1.31623104352085e-05
7.78,-0.2270332289346714,3.145670751955685e-07
7.785,-0.22655117083756987,-1.606672124599753e-05
7.79,-0.23315123992487155,-3.3793598521103345e-05
7.795,-0.24626825747775008,-4.925743043287509e-05
7.8,-0.26475602960309186,-5.982815492178045e-05
7.805000000000001,-0.2869895355579868,-6.509373866318632e-05
7.8100000000000005,-0.3110098056347106,-6.573266847499218e-05
7.815,-0.3346985720931623,-6.226597097389638e-05
7.82,-0.35596712222709487,-5.504626317626503e-05
7.825,-0.3729425164665882,-4.461420559530741e-05
7.83,-0.38413456933796314,-3.181014104184855e-05
7.835,-0.3885687061799959,-1.7714942472864e-05
7.84,-0.38587285084443296,-3.541721670063239e-06
7.845,-0.37631059795281413,9.483631648701951e-06
7.8500000000000005,-0.3607577122541273,2.024314435157953e-05
7.855,-0.3406240502709931,2.7844020360733004e-05
7.86,-0.31772786526957447,3.1729650128496835e-05
7.865,-0.2941337018288407,3.177011961104738e-05
7.87,-0.271968332434979,2.8255734846789687e-05
7.875,-0.2532311461789468,2.1623668029556632e-05
7.88,-0.23961589425478114,1.1942743744212996e-05
7.885,-0.232359684446751,-1.1277698263072782e-06
7.890000000000001,-0.23213268742386195,-1.725097657309729e-05
7.8950000000000005,-0.2389783880200069,-3.428689526092598e-05
7.9,-0.2523097083660622,-4.898598441194003e-05
7.905,-0.27096134851408066,-5.90833818042898e-05
7.91,-0.2932936781522323,-6.420541648888278e-05
7.915,-0.3173389169983522,-6.483516856904437e-05
7.92,-0.3409765712346096,-6.135480252634485e-05
7.925,-0.3621224850385225,-5.409643286356282e-05
7.930000000000001,-0.3789146524188316,-4.362272749355911e-05
7.9350000000000005,-0.3898792233978412,-3.079541720252713e-05
7.94,-0.39406190434494526,-1.6708894753279528e-05
7.945,-0.39111303753231996,-2.5831317455129472e-06
7.95,-0.3813187746890564,1.0354152867379053e-05
7.955,-0.3655755652915461,2.098641747504293e-05
7.96,-0.34531023407346617,2.8422654795985838e-05
7.965,-0.32235277320361316,3.210308846402276e-05
7.97,-0.29877319027935156,3.1882356678366615e-05
7.9750000000000005,-0.2766969578684632,2.80239747883385e-05
7.98,-0.2581155181002249,2.0963467221974396e-05
7.985,-0.24470873667100113,1.0869115264558744e-05
7.99,-0.23769513528576428,-2.3813374581683305e-06
7.995,-0.23772325498489782,-1.8263814897011612e-05
8.0,-0.24481383580271648,-3.469789301461773e-05
8.005,-0.2583579677004263,-4.8754479233557746e-05
8.01,-0.27717137762609656,-5.8463045962847066e-05
8.015,-0.2996000127669509,-6.345715046396312e-05
8.02,-0.32366750677345574,-6.405510849661197e-05
8.025,-0.34725138168046904,-6.053570861760306e-05
8.03,-0.36827227633381576,-5.322131345881775e-05
8.035,-0.384879330760032,-4.269518141623171e-05
8.040000000000001,-0.39561519863123806,-2.9837818431971933e-05
8.045,-0.39954597622426224,-1.5755458922643798e-05
8.05,-0.3963444641247065,-1.6738948905367013e-06
8.055,-0.3863193385217219,1.117810028306452e-05
8.06,-0.3703876313417901,2.1686209714234645e-05
8.065,-0.3499929727410234,2.8962401830517257e-05
8.07,-0.32697688500421906,3.244601775095038e-05
8.075,-0.30341460257678676,3.1980666803851184e-05
8.08,-0.28143005560964074,2.78095510054551e-05
8.085,-0.26300651206368,2.0369933294584168e-05
8.09,-0.24980976047913778,9.918900839386766e-06
8.095,-0.24303959745865977,-3.4764218884379593e-06
8.1,-0.24332286042096624,-1.913710015913701e-05
8.105,-0.2506575422345294,-3.5049338224620196e-05
8.11,-0.26441297016235715,-4.856596897080647e-05
8.115,-0.2833860331641112,-5.7950870591598425e-05
8.120000000000001,-0.30590844463946304,-6.282533865023723e-05
8.125,-0.32999547765822107,-6.337160031339639e-05
8.13,-0.3535229122646979,-5.979266645447406e-05
8.135,-0.3744164192105601,-5.240849367395725e-05
8.14,-0.39083649570760615,-4.182148772692344e-05
8.145,-0.4013424653486502,-2.8928827655170807e-05
8.15,-0.405020920868491,-1.4847241460835003e-05
8.155,-0.40156715849682945,-8.07485421391086e-07
8.16,-0.3913123436655285,1.1961267891861653e-05
8.165000000000001,-0.3751939861255878,2.2347606399020412e-05
8.17,-0.3546723567495549,2.9467491524648085e-05
8.175,-0.33160029783611217,3.276133343242139e-05
8.18,-0.30805803391201236,3.206548736157063e-05
8.185,-0.28616771038884503,2.7608387241820835e-05
8.19,-0.267904194785036,1.9831902190691234e-05
8.195,-0.25491900843227616,9.072446900944017e-06
8.2,-0.24839308594426907,-4.439357304669947e-06
8.205,-0.2489314896012088,-1.989775265915704e-05
8.21,-0.25650946533472707,-3.5358899741741014e-05
8.215,-0.2704746496640638,-4.842064135233963e-05
8.22,-0.2896052308252483,-5.75316490895374e-05
8.225,-0.3122188787678009,-6.228995622709296e-05
8.23,-0.3363227324214483,-6.276738799089832e-05
8.235,-0.3597910721954533,-5.9112434632074315e-05
8.24,-0.38055483741078155,-5.164763135189552e-05
8.245000000000001,-0.3967860923361777,-4.0993181231562796e-05
8.25,-0.4070609948541543,-2.8061247278188405e-05
8.255,-0.4104867383695157,-1.3977961813067855e-05
8.26,-0.4067811495201904,2.166586634212486e-08
8.265,-0.3962978451975808,1.2708622973532728e-05
8.27,-0.37999470601527885,2.2974989004332173e-05
8.275,-0.3593484769576845,2.994159276705088e-05
8.28,-0.33622310894376345,3.305158071450354e-05
8.285,-0.312703579245553,3.213727107561981e-05
8.290000000000001,-0.2909100064165022,2.741705089470159e-05
8.295,-0.27280863221686796,1.9339773629482195e-05
8.3,-0.2600365223452001,8.312734149801748e-06
8.305,-0.25375561469159463,-5.2928098254612636e-06
8.31,-0.25454912736523494,-2.056824544321638e-05
8.315,-0.2623695621851361,-3.5640059970559e-05
8.32,-0.2765429393559397,-4.831679548322303e-05
8.325,-0.2958288857884138,-5.7191592515000987e-05
8.33,-0.3185312199215829,-6.183416828076776e-05
8.335,-0.34264917391365046,-6.222825533358093e-05
8.34,-0.3660557710654815,-5.8484080197247e-05
8.345,-0.3866874553296432,-5.093011743237181e-05
8.35,-0.40272806658384913,-4.0203163255988956e-05
8.355,-0.41277075944865954,-2.7229006141713206e-05
8.36,-0.4159434298605504,-1.31422962882669e-05
8.365,-0.41198646705927733,8.183006537986301e-07
8.370000000000001,-0.40127589905108796,1.342441308229323e-05
8.375,-0.3847898680260754,2.3572121806158947e-05
8.38,-0.36402142459640846,3.03878770136429e-05
8.385,-0.34084541564026855,3.331898614839272e-05
8.39,-0.31735133329673904,3.219646655518682e-05
8.395,-0.2956570273735106,2.7232657629053504e-05
8.4,-0.27771988954111404,1.8885328891199478e-05
8.405,-0.2651623430896246,7.62512444067996e-06
8.41,-0.259127196618225,-6.0561141269571745e-06
8.415000000000001,-0.2601757575248509,-2.1167141318260285e-05
8.42,-0.26823778893504013,-3.590292203057139e-05
8.425,-0.2826177716342173,-4.825157812934448e-05
8.43,-0.30205691272398505,-5.691846662520329e-05
8.435,-0.3248453726528252,-6.144391706886311e-05
8.44,-0.3489747050781052,-6.174251010363044e-05
8.445,-0.3723169188623807,-5.7898578970476346e-05
8.45,-0.39281419802406425,-5.0248789076126804e-05
8.455,-0.40866236525838695,-3.944548644748818e-05
8.46,-0.41847173243307967,-2.6426989515258923e-05
8.465,-0.4213909975160098,-1.2335738868908742e-05
8.47,-0.4171831419681466,1.5864494343586491e-06
8.475,-0.40624656200897347,1.4112263776549897e-05
8.48,-0.38957954980731774,2.4142232329541063e-05
8.485,-0.3686912912586947,3.0809079199564275e-05
8.49,-0.3454673152962989,3.3565490883621384e-05
8.495000000000001,-0.32200139053290533,3.224350666035322e-05
8.5,-0.300408856401683,2.705278990329618e-05
8.505,-0.2826380311616141,1.8461561532964406e-05
8.51,-0.270296510589509,6.997104862023137e-06
8.515,-0.2645078436088564,-6.745632102428675e-06
8.52,-0.2658113628659048,-2.170962862091113e-05
8.525,-0.27411410080615717,-3.615491185938018e-05
8.53,-0.28869907814866924,-4.8221518307694735e-05
8.535,-0.3082892258035223,-5.67015914706443e-05
8.540000000000001,-0.3311612413068674,-6.110752102787403e-05
8.545,-0.35529922896199184,-6.130054357962635e-05
8.55,-0.37857442597890933,-5.7348480765299384e-05
8.555,-0.39893499122129483,-4.959768679699195e-05
8.56,-0.4145889360432608,-3.8715169938194645e-05
8.565,-0.42416388811137484,-2.5650891273642925e-05
8.57,-0.42682944455126104,-1.1554478908960818e-05
8.575000000000001,-0.4223712060869043,2.329534730880593e-06
8.58,-0.4112098916973893,1.4775266211394564e-05
8.585,-0.39436382963358707,2.4688084373802404e-05
8.59,-0.37335816888899886,3.120755422791642e-05
8.595,-0.35008890532895254,3.379278351625694e-05
8.6,-0.32665384515861684,3.2278802184484933e-05
8.605,-0.3051655760942872,2.6875427344727587e-05
8.61,-0.28756312069677387,1.8062522394063483e-05
8.615,-0.27543906381653116,6.4180389365223195e-06
8.620000000000001,-0.2698975665139372,-7.375111429473067e-06
8.625,-0.2714559251502586,-2.220802847179598e-05
8.63,-0.2799984520977657,-3.640137009988131e-05
8.635,-0.294786789810432,-4.822290082425824e-05
8.64,-0.3145257387095772,-5.6531757543975904e-05
8.645,-0.3374787300332721,-6.08153058376128e-05
8.65,-0.3616226487273753,-6.0894459894433344e-05
8.655,-0.38482820322317135,-5.6827630846004805e-05
8.66,-0.4050497613273651,-4.897185022844043e-05
8.665000000000001,-0.4205077275036344,-3.800804192330781e-05
8.67,-0.42984720179349345,-2.4897086653614516e-05
8.675,-0.43225877522225725,-1.0795294906242432e-05
8.68,-0.4275506922380841,3.0504614914456876e-06
8.685,-0.4161659465791556,1.5416054503560315e-05
8.69,-0.39914278639578515,2.5212043178672357e-05
8.695,-0.3780221497728212,3.158532821680744e-05
8.700000000000001,-0.35471028319067094,3.400233123111363e-05
8.705,-0.33130879110490824,3.2302739037913965e-05
8.71,-0.3099272684865883,2.6698887222413478e-05
8.715,-0.29249522097228037,1.7683179392161773e-05
8.72,-0.28059004078562627,5.8789315924925064e-06
8.725,-0.2752963751484334,-7.956029026273301e-06
8.73,-0.2771094251178541,-2.26722575319345e-05
8.735,-0.28589079619191193,-3.6646038620145426e-05
8.74,-0.30088083679985267,-4.825201596163056e-05
8.745000000000001,-0.3207663646455326,-5.640109662167515e-05
8.75,-0.34379774279677455,-6.055927677483604e-05
8.755,-0.3679448676623185,-6.0517767316545335e-05
8.76,-0.39107816182887206,-5.633093935712873e-05
8.765,-0.41115843543547875,-4.836714730029018e-05
8.77,-0.4264186890922127,-3.7320606494053806e-05
8.775,-0.4355216497981693,-2.416252360477094e-05
8.78,-0.437678994825051,-1.0055463078987992e-05
8.785,-0.43272163422287274,3.7516954489193285e-06
8.790000000000001,-0.4211147859471012,1.6036873283584617e-05
8.795,-0.4039164995921238,2.5716132814202977e-05
8.8,-0.3826833265261651,3.1944144224948666e-05
8.805,-0.3593315463580799,3.419540849675632e-05
8.81,-0.33596632201857113,3.2315677650494805e-05
8.815,-0.3146940150465424,2.65217735370171e-05
8.82,-0.2974343940139836,1.731929199305107e-05
8.825000000000001,-0.28574947855064525,5.372211990204605e-06
8.83,-0.280704278290701,-8.497909977164006e-06
8.835,-0.282771842488927,-2.3110238554195238e-05
8.84,-0.2917910855587357,-3.689145208574251e-05
8.845,-0.30698114857446446,-4.830531706287462e-05
8.85,-0.3270110163455171,-5.630293302003225e-05
8.855,-0.3501181833882345,-6.033283473142775e-05
8.86,-0.374265789191857,-6.0165123052155675e-05
8.865,-0.3973242134653329,-5.5854191200815743e-05
8.870000000000001,-0.4172609413343416,-4.7780131970217245e-05
8.875,-0.4323217711550531,-3.664993159705751e-05
8.88,-0.4411872094556446,-2.344463061179173e-05
8.885,-0.4430901096951902,-9.33267925548377e-06
8.89,-0.43788406681729636,4.435330497049332e-06
8.895,-0.426056469917267,1.6639636147945215e-05
8.9,-0.4086850493190568,2.6202086201758196e-05
8.905,-0.38734179208493974,3.228550253116639e-05
8.91,-0.3639527923208998,3.4373122963207065e-05
8.915000000000001,-0.3406265312515001,3.2317953708655644e-05
8.92,-0.31946589666541547,2.634293347832254e-05
8.925,-0.3023807010407647,1.6967299805458083e-05
8.93,-0.29091741320014536,4.8915363392049696e-06
8.935,-0.28612128368149475,-9.008616748853512e-06
8.94,-0.2884431559663031,-2.3528256768420642e-05
8.945,-0.2976992717618902,-3.713924747021362e-05
8.950000000000001,-0.3130876538770644,-4.8379511774219674e-05
8.955,-0.3332596060843587,-5.623163174720363e-05
8.96,-0.3564399554355819,-6.013053431260509e-05
8.965,-0.380585316889077,-5.983212344016984e-05
8.97,-0.4035662702476688,-5.539388972079489e-05
8.975,-0.4233572075164135,-4.720792613341925e-05
8.98,-0.43821692493716763,-3.5993555172268637e-05
8.985,-0.44684385911023694,-2.2741238889087475e-05
8.99,-0.4484921272069979,-8.624992523650162e-06
8.995000000000001,-0.44303802576821427,5.10314624999482e-06
9.0,-0.4309910594220644,1.7225975875164103e-05
9.005,-0.41344851626216916,2.6671388357485306e-05
9.01,-0.39199763969438733,3.261069576342107e-05
9.015,-0.36857411857080485,3.4536438474878675e-05
9.02,-0.3452895118499901,3.230987963110452e-05
9.025,-0.32424299364865167,2.6161420193561026e-05
9.03,-0.3073342024576057,1.662422446885595e-05
9.035,-0.29609387985325164,4.4316114140838e-06
9.040000000000001,-0.2915473980230766,-9.494606603846937e-06
9.045,-0.294123343237852,-2.393126387824346e-05
9.05,-0.3036153054640532,-3.739040483471975e-05
9.055,-0.31920028074378703,-4.8471607049939786e-05
9.06,-0.3395120456875631,-5.6182453443944236e-05
9.065,-0.36276296241486555,-5.9947880368197925e-05
9.07,-0.3869033544860887,-5.951513214342312e-05
9.075000000000001,-0.4098042447467406,-5.4947128454821894e-05
9.08,-0.42944716318604625,-4.664812185472874e-05
9.085,-0.4441041025881409,-3.534940678355999e-05
9.09,-0.45249157812283364,-2.205051696980163e-05
9.095,-0.4538850557727258,-7.930749127256727e-06
9.1,-0.44818354778927383,5.756656965372291e-06
9.105,-0.4359186162033401,1.779728732228829e-05
9.11,-0.4182069816869253,2.712531353599423e-05
9.115,-0.3966509628984273,3.2920839295870985e-05
9.120000000000001,-0.37319562259032757,3.468619527850806e-05
9.125,-0.3499553565441559,3.229174639453591e-05
9.13,-0.32902538570665835,2.5976460970249097e-05
9.135,-0.3122949578486309,1.628758382985275e-05
9.14,-0.3012789126556592,3.988038468430232e-06
9.145,-0.29698262697845657,-9.961157260541823e-06
9.15,-0.2998123809790037,-2.4323133674435772e-05
9.155,-0.30953913643258246,-3.764543195173432e-05
9.16,-0.3253189565123959,-4.8578923102488194e-05
9.165000000000001,-0.34576824654143234,-5.6151421486985963e-05
9.17,-0.3690871076612302,-5.9781158438714516e-05
9.175,-0.3932198058849832,-5.9211139845830824e-05
9.18,-0.4160380499991879,-5.451148607249801e-05
9.185,-0.4355307382675742,-4.6098700581146174e-05
9.19,-0.44998325716754894,-3.471574235258275e-05
9.195,-0.4581303468732191,-2.1370915885661648e-05
9.200000000000001,-0.45926890484160093,-7.248545195217246e-06
9.205,-0.45332067055668046,6.397152960901286e-06
9.21,-0.4408392028052922,1.835476390522096e-05
9.215,-0.4229605274294213,2.756495697265533e-05
9.22,-0.40130185552901854,3.321689738949585e-05
9.225,-0.3778174018417272,3.4823127606299485e-05
9.23,-0.35462415773733413,3.226382546405206e-05
9.235,-0.3338131519457049,2.5787430068810922e-05
9.24,-0.3172630259703857,1.5955317316494324e-05
9.245000000000001,-0.3064725447757478,3.5571765736013485e-06
9.25,-0.30242697517074163,-1.041256225490284e-05
9.255,-0.30551024485543543,-2.4706874409352552e-05
9.26,-0.3154707135452346,-3.7904503965853995e-05
9.265,-0.3314436078304781,-4.8699087436437664e-05
9.27,-0.3520281196031,-5.613520365364903e-05
9.275,-0.37541229437996293,-5.962729443563831e-05
9.28,-0.39953457516885027,-5.8917649893754865e-05
9.285,-0.42226759951732634,-5.4084940389854263e-05
9.290000000000001,-0.4416078634132837,-4.555796647691507e-05
9.295,-0.45585434265034597,-3.4091089908451685e-05
9.3,-0.46376014676233634,-2.0701123330527954e-05
9.305,-0.4646436848987411,-6.577187021777893e-06
9.31,-0.4584494327049479,7.025735568373729e-06
9.315,-0.4457528825673867,1.8899428515507552e-05
9.32,-0.4277092358870698,2.7991261902797843e-05
9.325000000000001,-0.4059504116953928,3.349970556378889e-05
9.33,-0.3824395537558073,3.494787886676005e-05
9.335,-0.35929600749557555,3.222637068170915e-05
9.34,-0.3386063708589196,2.5593825551166033e-05
9.345,-0.3222384647450677,1.562572139506829e-05
9.35,-0.3116748084007781,3.136023991011155e-06
9.355,-0.30788044618261334,-1.0852298305270748e-05
9.36,-0.3112169095258253,-2.50848034735171e-05
9.365,-0.32140998479598126,-3.8167567662888716e-05
9.370000000000001,-0.33757416066389523,-4.8830016915693555e-05
9.375,-0.35829157541079,-5.613100887269168e-05
9.38,-0.3817384256575004,-5.948373910566833e-05
9.385,-0.4058475666126863,-5.863258519483011e-05
9.39,-0.42849280729899014,-5.366579803376671e-05
9.395,-0.44767847001136324,-4.5024491460573926e-05
9.4,-0.46171731393210086,-3.347420455377619e-05
9.405,-0.4693809602143908,-2.004002540077792e-05
9.41,-0.47000940746396314,-5.915657758637588e-06
9.415000000000001,-0.46356987382244796,7.64334656546944e-06
9.42,-0.4506597196170601,1.943215965318328e-05
9.425,-0.4324531900091463,2.840504249029905e-05
9.43,-0.41059672577339673,3.376998967113982e-05
9.435,-0.38706217572091683,3.506101469740717e-05
9.44,-0.36397099753708984,3.2179620032549505e-05
9.445,-0.3434051203173195,2.5395249542854903e-05
9.450000000000001,-0.3272213312539616,1.529739401361659e-05
9.455,-0.31688573473323267,2.7221159614433476e-06
9.46,-0.313343042555916,-1.1283167421492912e-05
9.465,-0.3169323486447723,-2.5458689832590985e-05
9.47,-0.3273568973009783,-3.843441828850745e-05
9.475,-0.3437105403051683,-4.896989337838715e-05
9.48,-0.36455852409390704,-5.613649847780201e-05
9.485,-0.3880654044725403,-5.9348373255339914e-05
9.49,-0.41215868469433264,-5.8354212470303386e-05
9.495000000000001,-0.4347135878374014,-5.325263691573444e-05
9.5,-0.45374249019370644,-4.4497069910554984e-05
9.505,-0.4675721268341322,-3.2864031112778196e-05
9.51,-0.474992770678876,-1.9386674696698423e-05
9.515,-0.47536608509046524,-5.263089523436236e-06
9.52,-0.4686820344469265,8.25079291649095e-06
9.525,-0.4555597788624862,1.9953713473432136e-05
9.53,-0.437192473287394,2.88070032413248e-05
9.535,-0.4152408923946183,3.402838211443418e-05
9.540000000000001,-0.3916853650717309,3.5163034133240046e-05
9.545,-0.3686492192218073,3.212379724922164e-05
9.55,-0.34820947756095477,2.519139144483606e-05
9.555,-0.33221168173091525,1.4969186986600137e-05
9.56,-0.3221053539872494,2.3134372072468497e-06
9.565,-0.31881476579136653,-1.1707416653081343e-05
9.57,-0.32265653486576773,-2.5829869314351396e-05
9.575000000000001,-0.33331139730455867,-3.8704755354771537e-05
9.58,-0.34985267138204984,-4.9117136507517994e-05
9.585,-0.37082887538339,-5.614971078020518e-05
9.59,-0.39439313370708373,-5.921943021115317e-05
9.595,-0.41846783410533867,-5.808108063673507e-05
9.6,-0.4409298561308529,-5.284425917337853e-05
9.605,-0.45979985684366703,-4.397468134195569e-05
9.61,-0.47341873810857316,-3.225967316349592e-05
9.615,-0.4805955626324407,-1.8740263745091024e-05
9.620000000000001,-0.4807137313634009,-4.618740064574729e-06
9.625,-0.47378595606085233,8.848767547179068e-06
9.63,-0.46045312598509863,2.046474236156603e-05
9.635,-0.441927169746406,2.91977554150114e-05
9.64,-0.41988300643571425,3.427543560666422e-05
9.645,-0.3963092190782359,3.5254379133922816e-05
9.65,-0.37333076354098027,3.2059113243879666e-05
9.655,-0.3530195191900532,2.4982013676889183e-05
9.66,-0.3372095715558882,1.4640165344070757e-05
9.665000000000001,-0.32733369538518525,1.9083474528232125e-06
9.67,-0.32429561634838505,-1.212683833335389e-05
9.675,-0.3283894398443452,-2.619933731813657e-05
9.68,-0.33927343018540135,-3.897822255578449e-05
9.685,-0.3560004778661024,-4.9270376355162585e-05
9.69,-0.37710253862192705,-5.616899750823407e-05
9.695,-0.4007215161574875,-5.909543249580586e-05
9.700000000000001,-0.4247749197618982,-5.781197067111293e-05
9.705,-0.4471415276925025,-5.243965265604974e-05
9.71,-0.46585050360369834,-4.345645964383196e-05
9.715,-0.47925710544328903,-3.1660367363734666e-05
9.72,-0.48618932158067085,-1.810010286097005e-05
9.725,-0.4860523608983202,-3.981973246563272e-06
9.73,-0.4788816810866953,9.437866778424131e-06
9.735,-0.4653398274321584,2.0965810570269556e-05
9.74,-0.44665736393414696,2.957783088184729e-05
9.745000000000001,-0.424523163007479,3.451163482926811e-05
9.75,-0.40093383493452317,3.5335442692793176e-05
9.755,-0.37801572110674253,3.198576737071918e-05
9.76,-0.3578353211563094,2.47669395912675e-05
9.765,-0.3422150552487,1.4309572749174392e-05
9.77,-0.3325707871542665,1.5055183422744608e-06
9.775,-0.32978559364504134,-1.2542853517930259e-05
9.78,-0.3341310342412913,-2.6567822943966815e-05
9.785,-0.3452429404627424,-3.92544358035139e-05
9.790000000000001,-0.36215388308135077,-4.942842699306444e-05
9.795,-0.38337942277440024,-5.61929705963779e-05
9.8,-0.4070504545456189,-5.897514017185884e-05
9.805,-0.43107984681562644,-5.7545854797014644e-05
9.81,-0.45334851855990077,-5.2037959379873026e-05
9.815,-0.4718943648829301,-4.2941667710466366e-05
9.82,-0.48508718746671264,-3.106546215911622e-05
9.825000000000001,-0.49177403405974635,-1.7465601704581027e-05
9.83,-0.49138198933950894,-3.352242730936319e-06
9.835,-0.48396925288209897,1.0018604953795906e-05
9.84,-0.47021995040909864,2.145740737953328e-05
9.845,-0.45138314091221354,2.9947693819750062e-05
9.85,-0.4291614574440728,3.4737406300992873e-05
9.855,-0.40555930974782695,3.540657572917303e-05
9.86,-0.3827041821418476,3.1903948532184833e-05
9.865,-0.3626569587542053,2.454604324490186e-05
9.870000000000001,-0.3472281864627489,1.3976802172380538e-05
9.875,-0.33781665652337667,1.1038802455177886e-06
9.88,-0.33528469605812067,-1.2956581088866254e-05
9.885,-0.3398812877260114,-2.6935847964671833e-05
9.89,-0.35121987180271586,-3.9533002482852935e-05
9.895,-0.36831280971307356,-4.9590262122029436e-05
9.9,-0.38965943643815315,-5.6220457860388235e-05
9.905,-0.41337985152987156,-5.885750872757334e-05
9.91,-0.4373825206644435,-5.728186323216992e-05
9.915000000000001,-0.4595507453046648,-5.163844966526684e-05
9.92,-0.4779313758646949,-4.242967650344798e-05
9.925,-0.49090894375254945,-3.047440011435445e-05
9.93,-0.4973496876379664,-1.6836253909892853e-05
9.935,-0.49670263335819914,-2.7290783249955275e-06
9.94,-0.48904871573490916,1.0591426714739085e-05
9.945,-0.475093562871937,2.1939958172070063e-05
9.950000000000001,-0.4561045862462001,3.0307750584660024e-05
9.955,-0.4337979852920838,3.4953126729705894e-05
9.96,-0.41018574052733636,3.546809294209529e-05
9.965,-0.38739623646927424,3.1813836144776195e-05
9.97,-0.3674845066124476,2.4319240759909963e-05
9.975,-0.35224901797894026,1.3641371096355663e-05
9.98,-0.34307132971995596,7.025775788967949e-07
9.985,-0.34079292092331037,-1.3368894736070822e-05
9.99,-0.34564016897998273,-2.7303773525422568e-05
9.995000000000001,-0.357204167024759,-3.981353429224907e-05
10.0,-0.3744771798165957,-4.975499304383416e-05
10.005,-0.3959424878535214,-5.625046621416589e-05
10.01,-0.4197096097163811,-5.87416547451632e-05
10.015,-0.4436828469633411,-5.70192570668981e-05
10.02,-0.4657481250419194,-5.124050090759727e-05
10.025,-0.48396147251384364,-4.1919947752717604e-05
10.03,-0.49672233482441247,-2.988670323824526e-05
10.035,-0.5029162709171823,-1.621162426325186e-05
10.040000000000001,-0.5020143106506731,-2.1120745548851718e-06
10.045,-0.49412011485813767,1.115671730751539e-05
10.05,-0.4799607335194804,2.2413833758627037e-05
10.055,-0.4608217859958812,3.0658358042453165e-05
10.06,-0.4384328422996524,3.515913008034327e-05
10.065,-0.41481322417320915,3.552027778092059e-05
10.07,-0.3920919735020954,3.1715600982623235e-05
10.075000000000001,-0.37231803868540425,2.4086483040219693e-05
10.08,-0.357277601699606,1.3302900607787876e-05
10.085,-0.3483348319669932,3.00931408664546e-07
10.09,-0.3463102645355031,-1.3780469760529775e-05
10.095,-0.3514076457003179,-2.7671836969807073e-05
10.1,-0.36319576810816845,-4.009565545751869e-05
10.105,-0.3806469148261946,-4.9921849118898483e-05
10.11,-0.4022284849142239,-5.6282151230099936e-05
10.115,-0.4260396316700092,-5.862682790535147e-05
10.120000000000001,-0.44998073163512003,-5.675740611485615e-05
10.125,-0.47194057543984597,-5.0843580126333e-05
10.13,-0.48998459158412405,-4.1412019645314756e-05
10.135,-0.5025273221603148,-2.930196078080526e-05
10.14,-0.5084737735340819,-1.5591337998067042e-05
10.145,-0.5073170399362426,-1.500881091570578e-06
10.15,-0.4991834963847952,1.171481124468945e-05
10.155,-0.484821531785479,2.28793582353654e-05
10.16,-0.46553482670542495,3.099983060659789e-05
10.165000000000001,-0.44306612440557486,3.535571355962896e-05
10.17,-0.4194418574654527,3.5563386667804497e-05
10.175,-0.39679148223317656,3.160940591542134e-05
10.18,-0.37715762824472265,2.384774964292849e-05
10.185,-0.36231398864265096,1.2961097810546834e-05
10.19,-0.35360718748016845,-1.0159175127445927e-07
10.195,-0.35183672214922007,-1.4191821384813417e-05
10.200000000000001,-0.3571836846034717,-2.804018076651412e-05
10.205,-0.36919461619870436,-4.037900765538112e-05
10.21,-0.3868219355640357,-5.009016065985446e-05
10.215,-0.40851733517793304,-5.6314791999633157e-05
10.22,-0.43236981992556944,-5.851238814385334e-05
10.225,-0.4562760808811765,-5.6495770796336745e-05
10.23,-0.4781280147289678,-5.04472295966086e-05
10.235,-0.4960006706253375,-4.0905494968275184e-05
10.24,-0.5083238681970539,-2.8719819072284763e-05
10.245000000000001,-0.5140221861613846,-1.497507184471537e-05
10.25,-0.5126108409551005,-8.951947195589354e-07
10.255,-0.5042389073626455,1.2265999592044505e-05
10.26,-0.48967602783072495,2.333681561141832e-05
10.265,-0.4702437953935023,3.133244618826017e-05
10.27,-0.4476979277283034,3.5543142687446245e-05
10.275,-0.42407173705290957,3.5597652587040834e-05
10.28,-0.40149485122510586,3.149540655685265e-05
10.285,-0.3820033478709218,2.360304363230399e-05
10.290000000000001,-0.3673582289356745,1.2615741066319614e-05
10.295,-0.358888419465064,-5.05405899924316e-07
10.3,-0.3573722879791511,-1.4603336015161707e-05
10.305,-0.36296825142901024,-2.8408875146917153e-05
10.31,-0.3752006516152877,-4.0663252636570884e-05
10.315,-0.39300216224924944,-5.0259344108957916e-05
10.32,-0.41480894587679434,-5.634777039825354e-05
10.325000000000001,-0.4387000769988655,-5.839778699388308e-05
10.33,-0.462568801192169,-5.6233887295118634e-05
10.335,-0.48431036171157144,-5.005105499766363e-05
10.34,-0.5020096479905333,-4.040003126769012e-05
10.345,-0.514111936334522,-2.8139973048493227e-05
10.35,-0.5195615005088972,-1.4362546536452026e-05
10.355,-0.5178957344660923,-2.9475258993571135e-07
10.36,-0.5092863957488116,1.2810536107669401e-05
10.365,-0.4945242925350329,2.3786455406302457e-05
10.370000000000001,-0.4749487795433835,3.165645123286888e-05
10.375,-0.4523283485550159,3.5721655599285796e-05
10.38,-0.4287029594422576,3.5623288140345494e-05
10.385,-0.4062021685999909,3.1373751837091295e-05
10.39,-0.38685526944513193,2.3352387267389136e-05
10.395,-0.37241037181029374,1.2266667634530513e-05
10.4,-0.3641785501145461,-9.108270931707667e-07
10.405,-0.36291695520081413,-1.5015296681035256e-05
10.41,-0.3687613109435589,-2.8777935757267218e-05
10.415000000000001,-0.38121381385684877,-4.094807327368976e-05
10.42,-0.3991875145070046,-5.0428889294805756e-05
10.425,-0.4211032239279853,-5.6380553996573204e-05
10.43,-0.44503030539787664,-5.8282552328763606e-05
10.435,-0.46885879935870306,-5.597135537351973e-05
10.44,-0.49048753577090237,-4.9654715617438025e-05
10.445,-0.508011462842962,-3.9895332665712126e-05
10.450000000000001,-0.5198914909398547,-2.7562159169971872e-05
10.455,-0.5250917093244681,-1.3753520523489151e-05
10.46,-0.5231717422443252,3.006734571875459e-07
10.465,-0.5143260104043166,1.3348642422278008e-05
10.47,-0.4993663974891813,2.422849738478107e-05
10.475,-0.47964986709294943,3.1972064989907415e-05
10.48,-0.4569574833306123,3.589146670158381e-05
10.485,-0.4333356209869451,3.564048815115817e-05
10.49,-0.4109135220295196,3.124458451131107e-05
10.495000000000001,-0.39171346414091357,2.3095818396487794e-05
10.5,-0.3774704655964942,1.1913763342151017e-05
10.505,-0.36947760060620893,-1.3180912811129105e-06
10.51,-0.3684707159513401,-1.5427903684311735e-05
10.515,-0.37456282694477594,-2.9147337374132263e-05
10.52,-0.3872340416091789,-4.123317356020928e-05
10.525,-0.405377911377693,-5.0598348543035246e-05
10.53,-0.42740007594438667,-5.641268197973708e-05
10.535,-0.4513604076338538,-5.816627586611582e-05
10.540000000000001,-0.47514598248193257,-5.570782834899434e-05
10.545,-0.49665945688041574,-4.925791623935576e-05
10.55,-0.5140060551630845,-3.939114304178224e-05
10.555,-0.5256624973515192,-2.698614949354519e-05
10.56,-0.5306128063948057,-1.3147784690146127e-05
10.565,-0.5284388870787036,8.912816793911958e-07
10.57,-0.5193578010885239,1.3880512418740368e-05
10.575000000000001,-0.5042024149866972,2.466313556924914e-05
10.58,-0.4843471464246011,3.227948313869725e-05
10.585,-0.4615854286467472,3.6052769782349205e-05
10.59,-0.43796981787623446,3.5649431889202146e-05
10.595,-0.4156289987248589,3.110804161451652e-05
10.6,-0.39657800241609664,2.2833387449022975e-05
10.605,-0.38253855771713,1.1556953966066578e-05
10.61,-0.3747855910999773,-1.7273690449755352e-06
10.615,-0.37403356133036,-1.584129132151197e-05
10.620000000000001,-0.38037276226552275,-2.9517024522481768e-05
10.625,-0.39326127275199496,-4.1518277937509275e-05
10.63,-0.4115732713261433,-5.07673274141334e-05
10.635,-0.43369940824520337,-5.644375354361095e-05
10.64,-0.4576902862324146,-5.80486029161545e-05
10.645,-0.48143025798420974,-5.544300482979107e-05
10.65,-0.5028260456128834,-4.886040040633848e-05
10.655,-0.5199933657553694,-3.8887240337811924e-05
10.66,-0.5314249218832564,-2.6411746698008897e-05
10.665000000000001,-0.536124786546192,-1.2545157905460832e-05
10.67,-0.5336971927693038,1.477244476147344e-06
10.675,-0.5243818184534271,1.4406315941948243e-05
10.68,-0.5090324180156687,2.5090541646398677e-05
10.685,-0.4890407063552822,3.25788808735711e-05
10.69,-0.46621228123075537,3.620574066367393e-05
10.695,-0.4426056461242085,3.56502849743839e-05
10.700000000000001,-0.4203486854267709,3.0964254870812345e-05
10.705,-0.4014489540047698,2.256515493211773e-05
10.71,-0.38761469468252596,1.119619805705041e-05
10.715,-0.380102540735785,-2.138777748771751e-06
10.72,-0.37960548140102945,-1.6255541396868278e-05
10.725,-0.38619107877807357,-2.9886919664373733e-05
10.73,-0.39929544436594533,-4.1803130216915944e-05
10.735,-0.4177735122509313,-5.093547685322186e-05
10.74,-0.4400011268666694,-5.647341832661774e-05
10.745000000000001,-0.46401984374472827,-5.7929223954159864e-05
10.75,-0.4877115336196135,-5.517662188416694e-05
10.755,-0.5089872231494342,-4.846194481455993e-05
10.76,-0.5259733362550852,-3.838343179042969e-05
10.765,-0.5371787318279296,-2.583877990027525e-05
10.77,-0.5416276456450739,-1.1945483267087177e-05
10.775,-0.5389466841246893,2.0587118133581067e-06
10.78,-0.5293981140379136,1.4926201948745796e-05
10.785,-0.5138564802503365,2.5510867866352908e-05
10.790000000000001,-0.49373063612624707,3.2870415534290945e-05
10.795,-0.470838137934643,3.635053946802236e-05
10.8,-0.4472432015588533,3.564320101059871e-05
10.805,-0.425072668395699,3.081335106426612e-05
10.81,-0.4063263879093101,2.2291189352333557e-05
10.815,-0.39269892208514506,1.0831480974213364e-05
10.82,-0.3854284676314157,-2.5523915410947635e-06
10.825000000000001,-0.3851864651911546,-1.6670694120275446e-05
10.83,-0.39201773739849033,-3.0256929488558546e-05
10.835,-0.4053364927398588,-4.2087492282217695e-05
10.84,-0.42397855149380115,-5.1102486553349e-05
10.845,-0.4463051375727335,-5.6501368512471684e-05
10.85,-0.47034898275855175,-5.780786767744625e-05
10.855,-0.49398971748449,-5.4908449379908546e-05
10.86,-0.5151429112885908,-4.8062354634804665e-05
10.865,-0.5319459091349431,-3.7879549928888595e-05
10.870000000000001,-0.5429238954612453,-2.5267101127533153e-05
10.875,-0.5471213805985328,-1.134862492246722e-05
10.88,-0.5441873869590528,2.635814130443771e-06
10.885,-0.5344067402618267,1.5440301188498222e-05
10.89,-0.5186746760427758,2.592424951521773e-05
10.895,-0.4984170253929628,3.315422885426791e-05
10.9,-0.47546309572406503,3.648731255952626e-05
10.905,-0.45188257981107016,3.5628322991418725e-05
10.91,-0.4298010334018713,3.065545237679276e-05
10.915000000000001,-0.41121037239253616,2.2011565495020693e-05
10.92,-0.3977912845944042,1.0462809934076745e-05
10.925,-0.39076338888041506,-2.9682495734198115e-06
10.93,-0.39077650069445113,-1.7086756879503183e-05
10.935,-0.3978526980910712,-3.062694971941638e-05
10.94,-0.41138435337795387,-4.237114269908582e-05
10.945,-0.43018830584899526,-5.126807935507384e-05
10.950000000000001,-0.45261134586587204,-5.6527332304180506e-05
10.955,-0.47667760590945285,-5.7684295271280495e-05
10.96,-0.5002647180279138,-5.463828528013502e-05
10.965,-0.5212930324551626,-4.766145959707421e-05
10.97,-0.5379110277116437,-3.737544920658707e-05
10.975,-0.5486603820453892,-2.4696582334496503e-05
10.98,-0.5526059893546373,-1.0754465371472976e-05
10.985,-0.5494193280892928,3.2086648144118773e-06
10.99,-0.5394077504200531,1.594872849043177e-05
10.995000000000001,-0.5234870804143678,2.6330807029634957e-05
11.0,-0.5030999642147792,3.343044888672139e-05
11.005,-0.48008725166719873,3.6616194210589e-05
11.01,-0.45652387630380203,3.5605784512713156e-05
11.015,-0.43453386571561836,3.049067669796163e-05
11.02,-0.41610097496988185,2.172636300419476e-05
11.025,-0.40289182595156947,1.0090209908201184e-05
11.03,-0.3961073205501554,-3.3863627421736994e-06
11.035,-0.3963755748719098,-1.7503711288295734e-05
11.040000000000001,-0.40369591987290665,-3.099686877527877e-05
11.045,-0.41743896100727035,-4.2653875315651165e-05
11.05,-0.43640269157284034,-5.1432006525287606e-05
11.055,-0.45891965699779974,-5.655106852197489e-05
11.06,-0.48300561589179125,-5.7558295661047443e-05
11.065,-0.5065364440621407,-5.436595172273285e-05
11.07,-0.52743750970911,-4.725911070422968e-05
11.075000000000001,-0.543868636152382,-3.687100315753664e-05
11.08,-0.5543881618325227,-2.4127112874308744e-05
11.085,-0.5580814709026782,-1.0162903171174258e-05
11.09,-0.5546425353319371,3.7773623114097486e-06
11.095,-0.5444011986763834,1.64515847204974e-05
11.1,-0.5282937690472307,2.6730647809410454e-05
11.105,-0.5077795430447714,3.369919165917316e-05
11.11,-0.4847107029237504,3.673730803695126e-05
11.115,-0.46116718624112724,3.55757108224092e-05
11.120000000000001,-0.43927125009754847,3.0319137910203743e-05
11.125,-0.42099826240171306,2.1435665213936358e-05
11.13,-0.4080005889647816,9.713720229560861e-06
11.135,-0.40146027767999204,-3.8067192112558656e-06
11.14,-0.4019836736532866,-1.792151883906294e-05
11.145,-0.4095473608185782,-3.136657053471862e-05
11.15,-0.4235002495850361,-4.2935497907416016e-05
11.155,-0.4426216243932238,-5.159404377969001e-05
11.16,-0.46522997598034227,-5.657236212384468e-05
11.165000000000001,-0.48933291546992946,-5.742968156972181e-05
11.17,-0.5128048047730718,-5.409129174227428e-05
11.175,-0.5335762667542955,-4.68551774649254e-05
11.18,-0.54981867948117,-3.636610198881855e-05
11.185,-0.5601072060681811,-2.3558597347856415e-05
11.19,-0.5635478252732837,-9.57385097708757e-06
11.195,-0.5598570374999753,4.341991933872636e-06
11.200000000000001,-0.5493871400573775,1.6948958460288622e-05
11.205,-0.5330948182756082,2.7123867776223157e-05
11.21,-0.5124558527193191,3.396056259879711e-05
11.215,-0.48933354673376184,3.6850768236371316e-05
11.22,-0.46581260459742513,3.553821973151629e-05
11.225,-0.44401327078895725,3.0140946152620423e-05
11.23,-0.42590230068572854,2.1139558190621016e-05
11.235,-0.4131176155041477,9.333391789705593e-06
11.24,-0.40682227427955164,-4.229288928945751e-06
11.245000000000001,-0.40760078193870175,-1.8340125428093805e-05
11.25,-0.41540697806492644,-3.17359364137964e-05
11.255,-0.4295681523062457,-4.321583089912922e-05
11.26,-0.44884501951930356,-5.175398793123146e-05
11.265,-0.47154220759624627,-5.659102048239285e-05
11.27,-0.49565940748923565,-5.729828623414565e-05
11.275,-0.5190697097305031,-5.381416652068981e-05
11.28,-0.5397092279472296,-4.644954555667172e-05
11.285,-0.5557611035851708,-3.586065053564956e-05
11.290000000000001,-0.5658174869945471,-2.2990953769062896e-05
11.295,-0.5690050535384158,-8.987233866513378e-06
11.3,-0.565062864399581,4.902627411925031e-06
11.305,-0.5543656304460511,1.744092745177425e-05
11.31,-0.5378903050771442,2.7510552717367466e-05
11.315,-0.5171289844478186,3.421465776344086e-05
11.32,-0.4939558804066427,3.695668066131787e-05
11.325000000000001,-0.47046022610652233,3.549342240800605e-05
11.33,-0.44876001150212197,2.9956208065835393e-05
11.335,-0.43081315504938733,2.083812995081218e-05
11.34,-0.4182429464969807,8.949284727667913e-06
11.345,-0.4121933233271373,-4.654027316854192e-06
11.35,-0.4132268836003721,-1.8759464971464856e-05
11.355,-0.42127472781594966,-3.2104846912344274e-05
11.36,-0.4356426016112879,-4.34947061806015e-05
11.365,-0.45507279165107023,-5.1911654064715615e-05
11.370000000000001,-0.4778562564100165,-5.660687028341649e-05
11.375,-0.5019849948872772,-5.716396066154938e-05
11.38,-0.5253310688985454,-5.353445307318112e-05
11.385,-0.545836318305681,-4.60421148450531e-05
11.39,-0.561695855220801,-3.535456651893206e-05
11.395,-0.5715189778536208,-2.2424111994963593e-05
11.4,-0.5744531578112474,-8.402987898788351e-06
11.405,-0.5702600468266943,5.459332229220827e-06
11.41,-0.55933672657552,1.7927559844176168e-05
11.415000000000001,-0.5426803070641306,2.7890779448004985e-05
11.42,-0.5217990298022182,3.446156490843025e-05
11.425,-0.49857780130995966,3.705514375039605e-05
11.43,-0.4751101452508665,3.544142407016239e-05
11.435,-0.45351155541085975,2.976502701980554e-05
11.44,-0.4357308899425218,2.053146982596979e-05
11.445,-0.42337662192312187,8.561466527801011e-06
11.450000000000001,-0.4175734367682401,-5.080878278285886e-06
11.455,-0.4188619614844464,-1.917946228863918e-05
11.46,-0.4271505653477832,-3.247318275260597e-05
11.465,-0.4417235291936363,-4.377196602430252e-05
11.47,-0.46130485498917523,-5.206687315272013e-05
11.475,-0.4841720267788571,-5.6619754934713546e-05
11.48,-0.5083095807047767,-5.7026571329312445e-05
11.485,-0.531588792645812,-5.32520422940707e-05
11.49,-0.5519574635172099,-4.563279769964107e-05
11.495000000000001,-0.5676228820198661,-3.484777905555436e-05
11.5,-0.5772116528902896,-2.185801237771802e-05
11.505,-0.5798921412459226,-7.821058875036557e-06
11.51,-0.5754486165635191,6.012160776893971e-06
11.515,-0.5643004860225171,1.840891527358751e-05
11.52,-0.5474649024746083,2.8264616819259534e-05
11.525,-0.5264660807065944,3.470136441337683e-05
11.53,-0.5031994068584184,3.714624933972465e-05
11.535,-0.47976245625077363,3.538232459490308e-05
11.540000000000001,-0.45826798514094474,2.9567503326522446e-05
11.545,-0.44065556902991215,2.0219667948865066e-05
11.55,-0.4285186808103906,8.17001045684456e-06
11.555,-0.4229626255141853,-5.509776647855253e-06
11.56,-0.4245059974129573,-1.96000353972322e-05
11.565,-0.43303444501382776,-3.284082570605616e-05
11.57,-0.4478108660076533,-4.404746210505579e-05
11.575000000000001,-0.4675411232446472,-5.2219490040948354e-05
11.58,-0.49048942286354913,-5.6629532395470465e-05
11.585,-0.5146330680967376,-5.688599825003227e-05
11.59,-0.5378427917557458,-5.296683730040463e-05
11.595,-0.5580725899476949,-4.522151755661832e-05
11.6,-0.5735421324954857,-3.4340227380290926e-05
11.605,-0.582895487355234,-2.1292604603518637e-05
11.61,-0.5853220080371953,-7.241401266284496e-06
11.615,-0.5806286063748913,6.561159353540739e-06
11.620000000000001,-0.5692569672008396,1.8885045800562388e-05
11.625,-0.5522441701634707,2.863212659542706e-05
11.63,-0.5311302294266915,3.493413009030824e-05
11.635,-0.5078207945026401,3.723008337195339e-05
11.64,-0.48441725305366024,3.531621905262986e-05
11.645,-0.46302938276075106,2.9363734438623545e-05
11.65,-0.4455872551841064,1.990281484138136e-05
11.655,-0.4336691612301273,7.774994282542106e-06
11.66,-0.42836089944087646,-5.9406501830399545e-06
11.665000000000001,-0.4301589721859074,-2.0021097334863446e-05
11.67,-0.43892632024994044,-3.320765918254857e-05
11.675,-0.45390454227644333,-4.4321054618772366e-05
11.68,-0.47378150964879356,-5.236936174294332e-05
11.685,-0.4968083486394017,-5.663607335180311e-05
11.69,-0.5209553603435028,-5.674213333748293e-05
11.695,-0.5440929774366807,-5.267875202279601e-05
11.700000000000001,-0.5641816246496797,-4.480820768812219e-05
11.705,-0.5794535560480256,-3.383185974569591e-05
11.71,-0.588570457507781,-2.0727846688894218e-05
11.715,-0.5907427634199509,-6.663977283927912e-06
11.72,-0.5858000500045534,7.1063670346683385e-06
11.725,-0.5742062293546791,1.9355996727107588e-05
11.73,-0.5570181895934512,2.8993364219736858e-05
11.735,-0.5357915685593424,3.515992989003581e-05
11.74,-0.5124420617181618,3.7306726517605e-05
11.745000000000001,-0.48907462932336004,3.5243198179687695e-05
11.75,-0.4677958297718359,2.915381513548532e-05
11.755,-0.4505260104781761,1.9581001086026418e-05
11.76,-0.43882810029282643,7.376499225064344e-06
11.765,-0.4337682673876806,-6.373421180574198e-06
11.77,-0.43582086558344285,-2.0442557601767702e-05
11.775,-0.44482614357975586,-3.357356863934751e-05
11.78,-0.4600044874998518,-4.459261149400152e-05
11.785,-0.4800259269630763,-5.251635599345241e-05
11.790000000000001,-0.5031287079071723,-5.6639259678260426e-05
11.795,-0.5272763608617616,-5.6594879021936214e-05
11.8,-0.550339261332072,-5.238771000228487e-05
11.805,-0.5702844953707424,-4.439281014418494e-05
11.81,-0.5853571029708088,-3.332263247158184e-05
11.815,-0.5942365406185899,-2.0163704110278783e-05
11.82,-0.5961544136686114,-6.0887560709697665e-06
11.825000000000001,-0.5909629821712818,7.647816431158342e-06
11.83,-0.5791483325518237,1.9821807310760376e-05
11.835,-0.5617870408260872,2.934837948477984e-05
11.84,-0.5404501910219391,3.537882652193379e-05
11.845,-0.517063305994251,3.7376254721573846e-05
11.85,-0.4937346784293852,3.516334879656569e-05
11.855,-0.4725674070996638,2.893783769737179e-05
11.86,-0.4554718961786924,1.9254317066703827e-05
11.865,-0.4439955341439464,6.974609101281612e-06
11.870000000000001,-0.43918473715641015,-6.808007785934507e-06
11.875,-0.4414916563681847,-2.0864323299634364e-05
11.88,-0.4507338666200894,-3.39384418541094e-05
11.885,-0.4661106304624833,-4.486200768914961e-05
11.89,-0.4862742874890396,-5.266035001847635e-05
11.895,-0.5094504043040962,-5.663898313589705e-05
11.9,-0.533595973215588,-5.644414707180374e-05
11.905,-0.5565815555305028,-5.209364335896139e-05
11.91,-0.5763811305617134,-4.397527484024786e-05
11.915000000000001,-0.5912527244558201,-3.2812509121070345e-05
11.92,-0.5998937149722711,-1.9600149046348616e-05
11.925,-0.6015569660964151,-5.515712995942679e-06
11.93,-0.5961174385649555,8.185534352973506e-06
11.935,-0.5840833376768769,2.0282511390930795e-05
11.94,-0.5665508045125419,2.9697217121592776e-05
11.945,-0.5451061900418136,3.5590877999151454e-05
11.950000000000001,-0.5216846248227655,3.743873968502431e-05
11.955,-0.4983974934363088,3.50767541795294e-05
11.96,-0.47734419508439546,2.8715892068926634e-05
11.965,-0.4604249727386677,1.8922852766628192e-05
11.97,-0.44917149795974554,6.569409628067725e-06
11.975,-0.4446103155104395,-7.244325052082588e-06
11.98,-0.4471713222876228,-2.128630002745031e-05
11.985,-0.45664944008646136,-3.430216909606927e-05
11.99,-0.4722228992418394,-4.5129124567589555e-05
11.995000000000001,-0.49252650307837353,-5.28012294864874e-05
12.0,-0.5157733413148533,-5.6635144266286054e-05
12.005,-0.5399141011274069,-5.628985758730427e-05
12.01,-0.5628197725757718,-5.179649190462636e-05
12.015,-0.5824714593848499,-4.355555876696294e-05
12.02,-0.5971403725992792,-3.230145978362572e-05
12.025,-0.6055419598698338,-1.9037159716333767e-05
12.030000000000001,-0.6069504290545868,-4.944829034368444e-06
12.035,-0.6012634558424441,8.719542392102942e-06
12.040000000000001,-0.589011306424244,2.0738137939836786e-05
12.045,-0.5713095618844244,3.0039917318587133e-05
12.05,-0.5497596591456367,3.579613811979349e-05
12.055,-0.5263061156871024,3.74942492918593e-05
12.06,-0.503063167093129,3.498349439203202e-05
12.065,-0.4821262734716776,2.8488066012353616e-05
12.07,-0.46538529979073234,1.8586697612994808e-05
12.075000000000001,-0.4543560259432984,6.160987857088518e-06
12.08,-0.45004500817392845,-7.6822857934785e-06
12.085,-0.4528598400766799,-2.170839258324728e-05
12.09,-0.4625728137987528,-3.466464322136818e-05
12.095,-0.47834122121649725,-4.5393849342588764e-05
12.1,-0.4987824851428967,-5.293888761160345e-05
12.105,-0.522097422282553,-5.662765144869831e-05
12.11,-0.5462306484890319,-5.613193813738381e-05
12.115,-0.5690538254768461,-5.149620237622685e-05
12.120000000000001,-0.5885554117218934,-4.3133625303554557e-05
12.125,-0.6030200004070914,-3.178946044911956e-05
12.13,-0.6111812556310732,-1.84747198001224e-05
12.135,-0.6123348119313818,-4.376090225100292e-06
12.14,-0.6064010716234691,9.249857436024696e-06
12.145,-0.5939323012911503,2.1188711548855214e-05
12.15,-0.5760633947445444,3.0376516180482087e-05
12.155000000000001,-0.5544106921486867,3.599465689309075e-05
12.16,-0.5309278760509677,3.754284798706316e-05
12.165000000000001,-0.5077317918227225,3.4883646580799974e-05
12.17,-0.4869137214035744,2.8254445251324638e-05
12.175,-0.4703529361402905,1.824594036016968e-05
12.18,-0.4595491513205705,5.749431717691893e-06
12.185,-0.4554888198311716,-8.121801273148973e-06
12.19,-0.4585571854603436,-2.2130505510852443e-05
12.195,-0.4685039366868701,-3.502575971271159e-05
12.200000000000001,-0.4844655230744431,-4.5656074584925785e-05
12.205,-0.5050421446647629,-5.307322438423967e-05
12.21,-0.5284225504198252,-5.661642009279014e-05
12.215,-0.552545519372596,-5.597032301647814e-05
12.22,-0.575283627717762,-5.119272777133134e-05
12.225,-0.5946329181821077,-4.270944361895294e-05
12.23,-0.608891561800219,-3.1276492459255134e-05
12.235,-0.6168115835967974,-1.7912817928269264e-05
12.24,-0.617710125151016,-3.8094871908379053e-06
12.245000000000001,-0.6115303244862886,9.77649212167905e-06
12.25,-0.598846385570441,2.1634252859178193e-05
12.255,-0.5808123854575262,3.0707046135005744e-05
12.26,-0.5590593831442235,3.6186480917552325e-05
12.265,-0.5355500033473829,3.758459711369412e-05
12.27,-0.5124034597112472,3.4777285241623665e-05
12.275,-0.49170661740952304,2.8015113605922228e-05
12.280000000000001,-0.47532793975880155,1.7900669004138144e-05
12.285,-0.4647509063366412,5.334829648897041e-06
12.290000000000001,-0.4609417541260642,-8.562781753756993e-06
12.295,-0.4642633331564645,-2.2552543523353644e-05
12.3,-0.47444275679662784,-3.538541667830818e-05
12.305,-0.49059573082138136,-4.5915697785545874e-05
12.31,-0.5113053922065012,-5.32041459088312e-05
12.315,-0.5347486288197811,-5.660137194499796e-05
12.32,-0.558858618041512,-5.5804952602201734e-05
12.325000000000001,-0.5815090932675526,-5.0886026769630214e-05
12.33,-0.6007039101101767,-4.228298814744847e-05
12.335,-0.6147550116199215,-3.076254202526714e-05
12.34,-0.62243292613097,-1.735144723198356e-05
12.345,-0.6230763801724754,-3.245014713825512e-06
12.35,-0.6166512539632919,1.0299455237891137e-05
12.355,-0.603753623343442,2.2074778944234227e-05
12.36,-0.585556616940481,3.1031536294943575e-05
12.365,-0.5637058264926496,3.6371653718103095e-05
12.370000000000001,-0.5401725949674608,3.7619555213494355e-05
12.375,-0.517078262497663,3.466448245813217e-05
12.38,-0.4965050393974033,2.7770153119325657e-05
12.385,-0.4803103677772078,1.7550970722477294e-05
12.39,-0.46996132225201764,4.917270304640947e-06
12.395,-0.4664038136616849,-9.005136937931888e-06
12.4,-0.46997825687860956,-2.297441182830207e-05
12.405000000000001,-0.4803892212956332,-3.5743514821967676e-05
12.41,-0.49673176978922573,-4.617262096741631e-05
12.415000000000001,-0.5175721379213192,-5.333156383182211e-05
12.42,-0.5410755604671785,-5.6582434489740425e-05
12.425,-0.5651698489613612,-5.563577279752664e-05
12.43,-0.5877301365899907,-5.057606322754348e-05
12.435,-0.6067683195940182,-4.185423812819205e-05
12.44,-0.6206103056329327,-3.024759980232637e-05
12.445,-0.6280452666227156,-1.6790604944646568e-05
12.450000000000001,-0.628433589488213,-2.6826713592132877e-06
12.455,-0.6217639005364997,1.0818752083506821e-05
12.46,-0.6086540794725779,2.2510303650589024e-05
12.465,-0.5902961726534535,3.135001278077805e-05
12.47,-0.568350116810857,3.655021604689516e-05
12.475,-0.5447957482493837,3.764777829623329e-05
12.48,-0.5217562915632894,3.454530811738841e-05
12.485,-0.501309064644605,2.7519644176809336e-05
12.49,-0.4853002764793543,1.7196931834829062e-05
12.495000000000001,-0.4751804293390806,4.496842318990799e-06
12.5,-0.471875,-9.448776318631834e-06
12.505,-0.47570192933907723,-2.3396016375032614e-05
12.51,-0.486343276479348,-3.609995739280854e-05
12.515,-0.5028735646445963,-4.642675034016825e-05
12.52,-0.5238422915632703,-5.3455394845574716e-05
12.525,-0.5474032482493634,-5.655954043082817e-05
12.530000000000001,-0.5714791168108551,-5.5462734545066806e-05
12.535,-0.5939466726534437,-5.026280573497494e-05
12.540000000000001,-0.6128260794725766,-4.1423177198985946e-05
12.545,-0.6264574005364909,-2.9731660512654232e-05
12.55,-0.6336485894882113,-1.623029204784771e-05
12.555,-0.6337817666227173,-2.1224591395832454e-06
12.56,-0.6268683056329376,1.1334384786851804e-05
12.565,-0.6135478195940258,2.2940837902387943e-05
12.57,-0.5950311365900085,3.1662499009632324e-05
12.575000000000001,-0.5729923489613723,3.672220615315159e-05
12.58,-0.5494195604671896,3.766932008144194e-05
12.585,-0.5264376379213211,3.441983010457011e-05
12.59,-0.5061187697892343,2.7263665617212985e-05
12.595,-0.4902977212956394,1.6838637780023777e-05
12.6,-0.4804082568786127,4.073634120722142e-06
12.605,-0.4773553136616849,-9.893609456438971e-06
12.61,-0.4814343222520142,-2.3817264040156563e-05
12.615,-0.4923048677771962,-3.64546501212859e-05
12.620000000000001,-0.5090210393973944,-4.667799599279455e-05
12.625,-0.5301157624976525,-5.35755602568693e-05
12.63,-0.5537315949674587,-5.6532627239977474e-05
12.635,-0.5777863264926387,-5.528579340172311e-05
12.64,-0.6001586169404637,-4.9946227225198305e-05
12.645,-0.6188771233434284,-4.098979303710769e-05
12.65,-0.6322962539632873,-2.9214722610807412e-05
12.655000000000001,-0.6392428801724751,-1.567051295590118e-05
12.66,-0.6391209261309719,-1.5643832152383614e-06
12.665000000000001,-0.6319645116199265,1.1846352591775838e-05
12.67,-0.6184349101101845,2.3366389974445985e-05
12.675,-0.5997615932675544,3.196901595439708e-05
12.68,-0.5776326180415229,3.688766002514136e-05
12.685,-0.5540441288198014,3.768423221593521e-05
12.69,-0.5311223922065199,3.428811447966168e-05
12.695,-0.51093423082139,2.7002294837797985e-05
12.700000000000001,-0.495302756796629,1.6476173106396702e-05
12.705,-0.48564483315646767,3.647733788022414e-06
12.71,-0.482844754126064,-1.0339546197537373e-05
12.715,-0.4871754063366347,-2.423806276423214e-05
12.72,-0.49827393975880024,-3.680750114650408e-05
12.725,-0.5151741174095141,-4.692627161929409e-05
12.73,-0.5363924597112367,-5.3691985609713986e-05
12.735,-0.5600605033473627,-5.6501636762739074e-05
12.74,-0.5840913831442038,-5.5104909165504295e-05
12.745000000000001,-0.6063658854575245,-4.96263046302352e-05
12.75,-0.6249213855704335,-4.0554077040225516e-05
12.755,-0.6381268244862841,-2.8696787985192204e-05
12.76,-0.6448281251510135,-1.5111275233799744e-05
12.765,-0.6444510835967994,-1.0084516255835844e-06
12.77,-0.6370525618002242,1.2354652114396037e-05
12.775,-0.6233154181821156,2.378696573752525e-05
12.780000000000001,-0.6044876277177719,3.226958237689444e-05
12.785,-0.5822710193726159,3.7046611608498e-05
12.790000000000001,-0.5586695504198274,3.769256447033203e-05
12.795,-0.5358106446647732,3.4150225637828256e-05
12.8,-0.5157555230744447,2.673560789234935e-05
12.805,-0.500315436686881,1.610962147250359e-05
12.81,-0.490890185460349,3.219228936176422e-06
12.815,-0.48834331983117113,-1.0786496843704084e-05
12.82,-0.49292515132056686,-2.465832164988671e-05
12.825000000000001,-0.5042504361402893,-3.715842093830648e-05
12.83,-0.5213327214035582,-4.717149427362795e-05
12.835,-0.542672291822712,-5.380460035483972e-05
12.84,-0.5663898760509565,-5.6466514872641156e-05
12.845,-0.5903941921486846,-5.492004554619644e-05
12.85,-0.6125683947445271,-4.930301857528112e-05
12.855,-0.6309588012911371,-4.011602404236995e-05
12.86,-0.6439490716234645,-2.8177861691344788e-05
12.865,-0.6504043119313806,-1.4552589344204991e-05
12.870000000000001,-0.6497722556310737,-4.54675047680385e-07
12.875,-0.6421325004071009,1.2859277574236974e-05
12.88,-0.6281894117219013,2.4202568879587165e-05
12.885,-0.6092093254768559,3.2564215038278676e-05
12.89,-0.5869076484890431,3.719909300305289e-05
12.895,-0.5632959222825642,3.769436491660385e-05
12.9,-0.5405024851429153,3.400622645553092e-05
12.905000000000001,-0.5205827212165057,2.646367958352113e-05
12.91,-0.5053358137987587,1.57390656561721e-05
12.915000000000001,-0.4961443400766804,2.788206631910253e-06
12.92,-0.49385100817392796,-1.1234372283479709e-05
12.925,-0.49868352594329457,-2.5077951029688958e-05
12.93,-0.5102342997907257,-3.7507322216964534e-05
12.935,-0.5274967734716686,-4.741358415014751e-05
12.94,-0.5489551670931184,-5.3913337558516326e-05
12.945,-0.5727196156870821,-5.6427211166714384e-05
12.950000000000001,-0.5966946591456259,-5.473116987436068e-05
12.955,-0.618766061884415,-4.897635310703909e-05
12.96,-0.6369893064242427,-3.967563205991831e-05
12.965,-0.6497629558424398,-2.765795171249856e-05
12.97,-0.6559714290545857,-1.399446841989856e-05
12.975,-0.6550844598698378,9.693342141614292e-08
12.98,-0.6472043725992845,1.3360221003004231e-05
12.985,-0.6330569593848578,2.4613201105662108e-05
12.99,-0.6139267725757818,3.285292888922785e-05
12.995000000000001,-0.591542601127418,3.7345134641228826e-05
13.0,-0.5679233413148644,3.7689680089346585e-05
13.005,-0.5451980030783754,3.3856178423810824e-05
13.01,-0.5254158992418477,2.6186583549113216e-05
13.015,-0.5103639400864719,1.5364587569752524e-05
13.02,-0.5014073222876277,2.3547533296114683e-06
13.025,-0.4993678155104389,-1.1683084092004881e-05
13.030000000000001,-0.5044504979597448,-2.549686251035217e-05
13.035,-0.5162254727386609,-3.7854119872273966e-05
13.040000000000001,-0.5336661950843863,-4.76524643863849e-05
13.045,-0.5552409934362894,-5.401813364553564e-05
13.05,-0.5790496248227633,-5.6383678696489165e-05
13.055,-0.6029926900418028,-5.4538252842524063e-05
13.06,-0.6249588045125327,-4.8646295451054614e-05
13.065,-0.643012837676864,-3.9232902064051365e-05
13.07,-0.6555684385649478,-2.7137068744318053e-05
13.075000000000001,-0.6615294660964148,-1.3436928058448607e-05
13.08,-0.6603877149722733,6.463584614403659e-07
13.085,-0.6522682244558257,1.3857472433504248e-05
13.09,-0.6379181305617281,2.501886231899452e-05
13.095,-0.6186400555305129,3.3135737242551865e-05
13.1,-0.5961759732155991,3.748476544982505e-05
13.105,-0.5725519043041073,3.767855513210111e-05
13.11,-0.5498972874890579,3.3700141770159285e-05
13.115,-0.5302551304624984,2.590439234328464e-05
13.120000000000001,-0.5153998666200905,1.498626828031717e-05
13.125,-0.5066791563681874,1.9189548250263593e-06
13.13,-0.5048937371564101,-1.2132544605618027e-05
13.135,-0.5102260341439391,-2.5914968998362408e-05
13.14,-0.5222238961786799,-3.8198730883652126e-05
13.145,-0.5398409070996545,-4.788806088571167e-05
13.15,-0.5615296784293745,-5.4118928171049675e-05
13.155000000000001,-0.5853798059942489,-5.633587372924211e-05
13.16,-0.6092881910219198,-5.4341268274891024e-05
13.165000000000001,-0.6311465408260779,-4.831283579463903e-05
13.17,-0.6490293325518166,-3.878783777602756e-05
13.175,-0.6613654821712809,-2.6615226000493048e-05
13.18,-0.6670784136686105,-1.2879986136424357e-05
13.185,-0.6656820406185944,1.1935827073360764e-06
13.19,-0.6573241029708143,1.435102007121183e-05
13.195,-0.6427729953707506,2.541955078563951e-05
13.200000000000001,-0.6233492613320739,3.34126519299524e-05
13.205,-0.6008078608617816,3.761801299707236e-05
13.21,-0.5771817079071835,3.7661033930893405e-05
13.215,-0.5546004269630863,3.3538175570183734e-05
13.22,-0.5351004874998601,2.56171775124209e-05
13.225,-0.5204436435797615,1.4604188033339082e-05
13.23,-0.5119598655834474,1.480896223278285e-06
13.235,-0.510428767387679,-1.258266697619085e-05
13.24,-0.5160101002928223,-2.633218471145863e-05
13.245000000000001,-0.5282295104781748,-3.854107424195686e-05
13.25,-0.5460208297718266,-4.8120302157165086e-05
13.255,-0.5678211293233494,-5.42156636176481e-05
13.26,-0.5917100617181505,-5.62837555355243e-05
13.265,-0.6155810685593318,-5.414019292133125e-05
13.27,-0.6373291895934419,-4.797596709169874e-05
13.275,-0.6550387293546664,-3.834044548251627e-05
13.280000000000001,-0.6671540500045493,-2.6092439036961714e-05
13.285,-0.6726182634199502,-1.2323662640836201e-05
13.290000000000001,-0.6709674575077815,1.738586911413725e-06
13.295,-0.6623720560480313,1.484085045032335e-05
13.3,-0.6476216246496879,2.5815263284271063e-05
13.305,-0.6280544774366991,3.3683683444932046e-05
13.31,-0.6054383603435138,3.774490362686973e-05
13.315,-0.5818128486394127,3.7637159235868624e-05
13.32,-0.5593075096488037,3.337033784994367e-05
13.325000000000001,-0.5399520422764515,2.5325009666535776e-05
13.33,-0.5254953202499504,1.4218426279037082e-05
13.335,-0.5172494721859078,1.0406619182072929e-06
13.34,-0.5159728994408754,-1.3033365209202722e-05
13.345,-0.5218026612301198,-2.6748425179001763e-05
13.35,-0.5342422551840936,-3.888107087390587e-05
13.355,-0.5522058827607418,-4.834911917079535e-05
13.36,-0.5741152530536494,-5.430828521417924e-05
13.365,-0.5980402945026289,-5.622728619921621e-05
13.370000000000001,-0.6218712294266808,-5.393500627253083e-05
13.375,-0.6435066701634542,-4.763568488708778e-05
13.38,-0.6610409672008383,-3.7890733868636546e-05
13.385,-0.6729341063748875,-2.5568725592234107e-05
13.39,-0.6781490080371947,-1.1767979515775603e-05
13.395,-0.6762439873552387,2.281350091116486e-06
13.4,-0.6674121324954961,1.5326948576232694e-05
13.405000000000001,-0.6524640899476966,2.620599524309184e-05
13.41,-0.632755791755756,3.394884107315408e-05
13.415000000000001,-0.6100675680967397,3.7865462581132434e-05
13.42,-0.5864454228635692,2.8104774396392186e-05
13.425,-0.5735208216209874,2.585349531390059e-05
13.43,-0.5521524628593631,3.0058139875202877e-05
13.435,-0.5350266795255925,2.0072516353860172e-05
13.44,-0.5236470649553733,7.591556412219736e-06
13.445,-0.5190049157763058,-6.272055380570488e-06
13.450000000000001,-0.5214908533691118,-2.028204584629535e-05
13.455,-0.530859998220182,-3.318875985654017e-05
13.46,-0.5462538020281242,-4.3840909780013234e-05
13.465,-0.5662765911341405,-5.128850506409614e-05
13.47,-0.5891199970861432,-5.486750429571701e-05
13.475,-0.6127241807940594,-5.4258813354861247e-05
13.48,-0.6349614764199389,-4.951661177154617e-05
13.485,-0.6538260823267812,-4.106351659441412e-05
13.49,-0.667612887287389,-2.9652941268970705e-05
13.495000000000001,-0.6750694887951344,-1.6301955048326348e-05
13.5,-0.675507850362535,-2.2006195633932034e-06
13.505,-0.668865643058907,1.1394108589908849e-05
13.51,-0.655711802413984,2.3270444967377485e-05
13.515,-0.6371958052646367,3.236982049765371e-05
13.52,-0.6149451887412186,3.7881265753150435e-05
13.525,-0.5909204480353373,3.931371309009616e-05
13.530000000000001,-0.5672402494637354,3.6539751081744485e-05
13.535,-0.5459925418671304,2.980690951994632e-05
13.540000000000001,-0.5290484066098016,1.9715493712459804e-05
13.545,-0.5178952422870166,7.1650663928403815e-06
13.55,-0.5135041564715328,-6.725524744486573e-06
13.555,-0.5162433871195716,-2.071758569781797e-05
13.56,-0.5258454725060161,-3.35630128900159e-05
13.565,-0.5414310966363619,-4.4115952109984393e-05
13.57,-0.5615874842100469,-5.1435266264519423e-05
13.575000000000001,-0.584494355872605,-5.486837980189694e-05
13.58,-0.6080862142813201,-5.410923057484805e-05
13.585,-0.6302364924539264,-4.9225426488646805e-05
13.59,-0.6489471467495231,-4.065221530592117e-05
13.595,-0.6625267914172941,-2.9153722010352252e-05
13.6,-0.6697414932195161,-1.575485578723542e-05
13.605,-0.6699247821120062,-1.6499484325759693e-06
13.61,-0.6630370700366611,1.1903723872849638e-05
13.615,-0.6496691803743282,2.3698036757136315e-05
13.620000000000001,-0.6309896733914637,3.2681735457740764e-05
13.625,-0.6086406638531724,3.805416782347453e-05
13.63,-0.58459141912948,3.933666615427375e-05
13.635,-0.5609627901801805,3.641519181516817e-05
13.64,-0.5398381281829518,2.9550417989085103e-05
13.645,-0.5230775444352219,1.9354381791963595e-05
13.65,-0.5121520730922138,6.735926407209052e-06
13.655000000000001,-0.5080125218766964,-7.180064770231847e-06
13.66,-0.5110047033075495,-2.115261188183479e-05
13.665000000000001,-0.5208386039632691,-3.3935296389211276e-05
13.67,-0.5366142404787566,-4.438782370290915e-05
13.675,-0.5569018970973983,-5.157801872080813e-05
13.68,-0.5798695912408286,-5.4864849317738096e-05
13.685,-0.6034464029694656,-5.3955322435989e-05
13.69,-0.6255071067800334,-4.8930467535682736e-05
13.695,-0.6440616449876119,-4.023811359417295e-05
13.700000000000001,-0.6574325502905745,-2.865300984489811e-05
13.705,-0.6644044995014489,-1.5207788297841837e-05
13.71,-0.6643326650579464,-1.1009144561565002e-06
13.715,-0.6572002042912071,1.2410159599912101e-05
13.72,-0.6436197610252412,2.4121107756857848e-05
13.725,-0.6247788456332481,3.298811003902442e-05
13.73,-0.6023339631636774,3.822092368431523e-05
13.735,-0.5782629284882221,3.935333634983818e-05
13.74,-0.5546885352385709,3.62846953190647e-05
13.745000000000001,-0.5336892992366136,2.928878551796462e-05
13.75,-0.5171141494899548,1.8989301165155847e-05
13.755,-0.5064175878812333,6.304256209146451e-06
13.76,-0.5025300138040948,-7.635560230107633e-06
13.765,-0.5057747748857986,-2.158701769939823e-05
13.77,-0.5158393390965275,-3.430551543101326e-05
13.775,-0.5318031583810938,-4.465644402294563e-05
13.780000000000001,-0.5522197396452927,-5.171669844128631e-05
13.785,-0.5752456061005813,-5.485686679924165e-05
13.790000000000001,-0.5988046514849614,-5.3797061061601806e-05
13.795,-0.6207732342444027,-4.863172401064472e-05
13.8,-0.6391695096987154,-3.9821214941884235e-05
13.805,-0.6523301203802943,-2.8150818849299798e-05
13.81,-0.6590584918100143,-1.4660772580923605e-05
13.815,-0.6587315124768522,-5.535384125035627e-07
13.82,-0.6513550870227971,1.2913399397307085e-05
13.825000000000001,-0.6375636098175439,2.4539650779879103e-05
13.83,-0.618563405856145,3.328895023734177e-05
13.835,-0.5960251814771793,3.8381555412116266e-05
13.84,-0.5719350734020586,3.936376340045273e-05
13.845,-0.548417575741567,3.614831899153989e-05
13.85,-0.5275461318207305,2.9022085416954814e-05
13.855,-0.5111582774101692,1.862033727178235e-05
13.86,-0.5006918161735741,5.8701477551283005e-06
13.865,-0.49705663302476644,-8.09191898899561e-06
13.870000000000001,-0.5005535738081558,-2.2020716345018903e-05
13.875,-0.5108476235428777,-3.467359258229887e-05
13.88,-0.5269977745103877,-4.492174807325193e-05
13.885,-0.5475409213115323,-5.185125534604612e-05
13.89,-0.5706223032726966,-5.484439874064421e-05
13.895,-0.5941608646756309,-5.3634429930245805e-05
13.9,-0.6160347902050903,-4.8329195321634386e-05
13.905000000000001,-0.6342706742973316,-3.940153219805784e-05
13.91,-0.6472194590937889,-2.7647171602318155e-05
13.915000000000001,-0.6537034553427123,-1.4113836344107059e-05
13.92,-0.6531213386760973,-7.84805717918082e-09
13.925,-0.6455017603731125,1.3413420578113845e-05
13.93,-0.631500792970105,2.4953652925021595e-05
13.935,-0.6123434384525018,3.3584256870951426e-05
13.94,-0.589714413835548,3.853608039047332e-05
13.945,-0.565607951088973,3.9367982782144325e-05
13.950000000000001,-0.5421500024158465,3.600611639173881e-05
13.955,-0.5214087020819851,2.8750387495430092e-05
13.96,-0.5052099829737335,1.8247572223397663e-05
13.965,-0.49497478649459853,5.433689574815713e-06
13.97,-0.4915923792684035,-8.549052682471474e-06
13.975,-0.49534107103274205,-2.245362516372394e-05
13.98,-0.5058634020780782,-3.503945477467295e-05
13.985,-0.5221980123835325,-4.518367524341828e-05
13.99,-0.5428653511729543,-5.198164364867167e-05
13.995000000000001,-0.565999585500162,-5.482741578302564e-05
14.0,-0.5895149476215019,-5.346741648637417e-05
14.005,-0.6112916905417225,-4.802288462932806e-05
14.01,-0.6293650729623842,-3.8979081720153364e-05
14.015,-0.6421005247775238,-2.714209392221174e-05
14.02,-0.6483393763271499,-1.3567010250559943e-05
14.025,-0.6475021589923006,5.361261857388053e-07
14.030000000000001,-0.6396402674204553,1.3910198065398286e-05
14.035,-0.6254313774622865,2.5363099162663237e-05
14.040000000000001,-0.6061190283312295,3.3874028872065215e-05
14.045,-0.5834017555072337,3.868451434587165e-05
14.05,-0.5592816586833451,3.93660285398251e-05
14.055,-0.5358859056017542,3.58581398708864e-05
14.06,-0.515277085512439,2.8473760531756533e-05
14.065,-0.4992693200939714,1.7871087114656406e-05
14.07,-0.4892665263722774,4.9949689006172285e-06
14.075000000000001,-0.48613725122338186,-9.006874789880758e-06
14.08,-0.4901372365252756,-2.2885663911163644e-05
14.085,-0.5008866186228804,-3.54030317071449e-05
14.09,-0.5174037948760293,-4.544216781585884e-05
14.095,-0.5381929379358044,-5.210782044697464e-05
14.1,-0.5613773554592152,-5.480589138176e-05
14.105,-0.5848668056456715,-5.32960108800696e-05
14.11,-0.6065438516650921,-4.7712797654903005e-05
14.115,-0.6244526406447325,-3.855388224610739e-05
14.120000000000001,-0.6369732767218478,-2.6635613798727033e-05
14.125,-0.6429662420226112,-1.3020326907009391e-05
14.13,-0.6418739897895759,1.0783521835167947e-06
14.135,-0.6337706521748343,1.4403705304079032e-05
14.14,-0.6193554310263018,2.576797320342338e-05
14.145,-0.5998902609081161,3.415826411860716e-05
14.15,-0.5770873019763985,3.88268721512133e-05
14.155000000000001,-0.5529562932248698,3.9357934074410866e-05
14.16,-0.5296253752429931,3.5704441356241914e-05
14.165000000000001,-0.5091513569409205,2.8192273060025614e-05
14.17,-0.49333634181351016,1.7490962794903174e-05
14.175,-0.4835670623340489,4.5540723779266305e-06
14.18,-0.480691246536911,-9.465300026096057e-06
14.185,-0.48494203926249857,-2.3316754241375036e-05
14.19,-0.49591721624942203,-3.5764255388309884e-05
14.195,-0.5126150442307853,-4.569717052708517e-05
14.200000000000001,-0.5335235899461523,-5.222974529025196e-05
14.205,-0.5567555157704479,-5.477980137930492e-05
14.21,-0.5802163443250551,-5.3120205547839965e-05
14.215,-0.6017911905266966,-4.739894227062549e-05
14.22,-0.6195333130745937,-3.812595449558849e-05
14.225,-0.631837675165636,-2.612776100552678e-05
14.23,-0.6375840407215153,-1.2473820487403724e-05
14.235,-0.6362368484576648,1.6187964602169505e-06
14.24,-0.6278929595729422,1.489391461648347e-05
14.245000000000001,-0.6132730221394879,2.6168257845987065e-05
14.25,-0.5936572220960888,3.443695977849926e-05
14.255,-0.5707711489320215,3.8963168173933803e-05
14.26,-0.5466319516474851,3.934373250627388e-05
14.265,-0.5233685008763652,3.554507274365112e-05
14.27,-0.5030315905244873,2.7905993796907937e-05
14.275,-0.48741110029822937,1.7107280305336353e-05
14.280000000000001,-0.4778764199037927,4.1110864543046935e-06
14.285,-0.4752543618153019,-9.924244050703293e-06
14.290000000000001,-0.4797554472357164,-2.3746819507463422e-05
14.295,-0.4909551371877211,-3.6123059979580465e-05
14.3,-0.5078316820669845,-4.594863041319405e-05
14.305,-0.5288572152003495,-5.234738001343906e-05
14.31,-0.5521339690099157,-5.474912382916719e-05
14.315,-0.5755634695011945,-5.293999503033031e-05
14.32,-0.5970336246282127,-4.708132831442616e-05
14.325000000000001,-0.6146070267688745,-3.7695320983516646e-05
14.33,-0.6266936813008285,-2.5618566913909986e-05
14.335,-0.6321927617507459,-1.1927526547629621e-05
14.34,-0.6305907534099536,2.157424380744218e-06
14.345,-0.6220072354730306,1.538079738576251e-05
14.35,-0.6071842200164924,2.6563935161876155e-05
14.355,-0.5874199982953797,3.471011250009703e-05
14.36,-0.564453392256982,3.909341648037183e-05
14.365,-0.5403087307683124,3.932345690706798e-05
14.370000000000001,-0.517115371621554,3.5380086173263204e-05
14.375,-0.49691785973997243,2.7614991967462548e-05
14.38,-0.48149364683130946,1.6720121225077942e-05
14.385,-0.4721946235989178,3.6660976741530726e-06
14.39,-0.4698265926243552,-1.038362328533737e-05
14.395,-0.4745774274544501,-2.4175784681345174e-05
14.4,-0.4860003228322683,-3.647938175818062e-05
14.405000000000001,-0.5030536293890308,-4.6196496768860066e-05
14.41,-0.5241937213555246,-5.246068867707673e-05
14.415000000000001,-0.5475126177202538,-5.471383891890628e-05
14.42,-0.570908087290992,-5.275537588354632e-05
14.425,-0.592271072030909,-4.675996749326276e-05
14.43,-0.6096737190384148,-3.7262005918106435e-05
14.435,-0.6215412572768558,-2.5108064387216734e-05
14.44,-0.626792395472873,-1.1381481917300653e-05
14.445,-0.6249357240813713,2.69420026130362e-06
14.450000000000001,-0.6161135266496769,1.5864324169154535e-05
14.455,-0.6010890946013778,2.6954986613698732e-05
14.46,-0.5811786763837171,3.497771854057825e-05
14.465,-0.55813412801712,3.921763098406225e-05
14.47,-0.5339867272766116,3.929714048408176e-05
14.475,-0.5108660761709571,3.520953427029885e-05
14.48,-0.4908102373755735,2.731933760998483e-05
14.485,-0.4755840318073798,1.6329568003186375e-05
14.49,-0.46652169692756446,3.2191929501279524e-06
14.495000000000001,-0.46440793348986653,-1.08433547754753e-05
14.5,-0.4694079459501966,-2.460357633512844e-05
14.505,-0.4810527137487126,-3.683315914621616e-05
14.51,-0.4982808065955609,-4.6440721168334024e-05
14.515,-0.5195330157401203,-5.256963756341357e-05
14.52,-0.5428913644217958,-5.4673928944456266e-05
14.525,-0.5662501040974212,-5.2566346637784047e-05
14.530000000000001,-0.5875034513649936,-4.643487333139258e-05
14.535,-0.6047333279951395,-3.6826035141520305e-05
14.540000000000001,-0.616380366204959,-2.459628771581712e-05
14.545,-0.6213829332872514,-1.083572463028255e-05
14.55,-0.6192717809261732,3.2290874429162628e-06
14.555,-0.6102118807884477,1.634446477625299e-05
14.56,-0.5949877165596403,2.7341393140799772e-05
14.565,-0.5749333437063812,3.5239773864904476e-05
14.57,-0.5518134524502762,3.933582556972566e-05
14.575000000000001,-0.5276660377227482,3.9264816749145653e-05
14.58,-0.5046207027795682,3.503347038391979e-05
14.585,-0.48470879552259005,2.701910189457798e-05
14.59,-0.4696823047267702,1.5935704311137866e-05
14.595,-0.46085766238592346,2.770459841685611e-06
14.6,-0.4589983778982507,-1.1303356072562003e-05
14.605,-0.46424696778031727,-2.5030122664759297e-05
14.61,-0.4761122496806423,-3.718433278825362e-05
14.615,-0.4935131334885259,-4.668125753104983e-05
14.620000000000001,-0.5148750053644662,-5.2674195211135746e-05
14.625,-0.538270111623686,-5.4629378318373084e-05
14.63,-0.5615894266202062,-5.237290778721952e-05
14.635,-0.5827306818388989,-4.610606114694915e-05
14.64,-0.5997857925591195,-3.6387436097014304e-05
14.645,-0.6112109721623971,-2.4083272577095938e-05
14.65,-0.615964367631002,-1.0290293878863969e-05
14.655000000000001,-0.6135989454156062,3.762048342627021e-06
14.66,-0.6043023464804584,1.6821188326460906e-05
14.665000000000001,-0.5888801572701479,2.7723135226071916e-05
14.67,-0.5686840880662462,3.549627422914882e-05
14.675,-0.5454914619553114,3.944801420725816e-05
14.68,-0.5213467585071793,3.9226519687602176e-05
14.685,-0.49837933925490696,3.485194884240095e-05
14.69,-0.4786136055671704,2.6714357476448943e-05
14.695,-0.46378851418986267,1.55386154371849e-05
14.700000000000001,-0.45520254145566846,2.319986858162838e-06
14.705,-0.4535979182972858,-1.1763545125820662e-05
14.71,-0.4590944570320055,-2.5455353550244473e-05
14.715,-0.47117886955646,-3.753284567312612e-05
14.72,-0.4887505292823409,-4.691806222690602e-05
14.725,-0.5102195969313871,-5.2774332482985594e-05
14.73,-0.5336487618350392,-5.458017360569036e-05
14.735,-0.5569259618664656,-5.217506180355783e-05
14.74,-0.5779526832484985,-4.5773548050208626e-05
14.745000000000001,-0.5948310524655409,-3.594623781599386e-05
14.75,-0.6060330401965467,-2.3569056013913374e-05
14.755,-0.6105366919798753,-9.745229985150448e-06
14.76,-0.6079172400354604,4.293044488733589e-06
14.765,-0.5983849732168298,1.7294463291930783e-05
14.77,-0.5827664888169968,2.810019295033158e-05
14.775,-0.5624309977137636,3.574721525487713e-05
14.780000000000001,-0.5391682530811085,3.9554211063278875e-05
14.785,-0.5150289858694537,3.91822839369719e-05
14.790000000000001,-0.4921420729470009,3.4665025237700216e-05
14.795,-0.47252473818217455,2.640517890111809e-05
14.8,-0.45790270789154697,1.5138388740786099e-05
14.805,-0.4495563546015056,1.867863799565314e-06
14.81,-0.44820654609697413,-1.2223840178696275e-05
14.815,-0.4539503768263966,-2.587920065295777e-05
14.82,-0.46625251149635005,-3.787864330169321e-05
14.825000000000001,-0.4839929126131026,-4.715109422196818e-05
14.83,-0.5055666968468486,-5.287002266558108e-05
14.835,-0.5290272175760083,-5.4526303585942354e-05
14.84,-0.5522596171613233,-5.197281317191322e-05
14.845,-0.573169375986258,-4.543735296129171e-05
14.85,-0.5898690482715797,-3.55024709225363e-05
14.855,-0.600846536328886,-2.3053676428992704e-05
14.86,-0.6050999008489942,-9.20057438704647e-06
14.865,-0.6022266882835029,4.822036542758845e-06
14.870000000000001,-0.5924598113830414,1.776425752883004e-05
14.875,-0.5766467839812871,2.8472546037352213e-05
14.88,-0.5561741613368929,3.599259249824633e-05
14.885,-0.5328439225155576,3.96544306151985e-05
14.89,-0.5087128158772327,3.913214498300866e-05
14.895,-0.48590899073842003,3.447275675177012e-05
14.9,-0.4664422633191101,2.6091643078865242e-05
14.905000000000001,-0.45202493261577814,1.4735114185448854e-05
14.91,-0.44391912126883826,1.41418214731834e-06
14.915000000000001,-0.4428242516705222,-1.2684159667405425e-05
14.92,-0.4488146893227723,-2.630159755417749e-05
14.925,-0.4613331128193391,-3.822167390608359e-05
14.93,-0.479240201547872,-4.738031526864181e-05
14.935,-0.5009162112306351,-5.296124160397154e-05
14.94,-0.5244053813889435,-5.446775934253413e-05
14.945,-0.547590300158481,-5.176616844920061e-05
14.950000000000001,-0.5683806810503176,-4.5097496647302553e-05
14.955,-0.5848997213631848,-3.5056167655093365e-05
14.96,-0.5956514275588836,-2.2537173594703104e-05
14.965,-0.5996539897934815,-8.656369638095277e-06
14.97,-0.5965273146667965,5.348984309057484e-06
14.975,-0.5865269122531819,1.8230538298047707e-05
14.98,-0.570521116232826,2.8840173891045062e-05
14.985,-0.5499136680509835,3.623240151609868e-05
14.99,-0.5265185670745239,3.974868777177463e-05
14.995000000000001,-0.5023983444153294,3.907613938057577e-05
15.0,-0.479680179034364,3.4275202537850904e-05
15.005,-0.4603662502001527,2.577382984788646e-05
15.01,-0.44615523423024017,1.432888497061887e-05
15.015,-0.43829085988154887,9.590355179008395e-07
15.02,-0.4374510243554396,-1.3144422120650139e-05
15.025,-0.44368735572287776,-2.6722479941805685e-05
15.030000000000001,-0.4564206100504463,-3.856188872879584e-05
15.035,-0.47449231359402166,-4.7605690146860195e-05
15.040000000000001,-0.4962680459270603,-5.3047967875210786e-05
15.045,-0.5197831558495009,-5.440453438240554e-05
15.05,-0.5429179188507544,-5.1555136347201647e-05
15.055,-0.5635865200535056,-4.475400178033213e-05
15.06,-0.5799230139617646,-3.4607361906348046e-05
15.065,-0.5904476818677459,-2.2019588678943713e-05
15.07,-0.594198955408966,-8.112659421668216e-06
15.075000000000001,-0.5908191446989046,5.873846731862767e-06
15.08,-0.5805863279841007,1.8693272275492593e-05
15.085,-0.5643895597217178,2.9203055625411837e-05
15.09,-0.5436496073886069,3.646663793061453e-05
15.095,-0.5201922836908025,3.983699800389616e-05
15.1,-0.4960856671747686,3.901430500748419e-05
15.105,-0.4734557237528118,3.407242417218828e-05
15.11,-0.45429676731024704,2.5451822649266583e-05
15.115,-0.44029365768111184,1.3919798286854138e-05
15.120000000000001,-0.432671587839897,5.02520193850492e-07
15.125,-0.4320868524547552,-1.3604546060665629e-05
15.13,-0.4385683362753487,-2.7141785854907793e-05
15.135,-0.4515149389279267,-3.88992423728738e-05
15.14,-0.46974916570864855,-4.7827186965155205e-05
15.145,-0.4916221065157098,-5.313018300724972e-05
15.15,-0.5151604435777581,-5.433662479042228e-05
15.155000000000001,-0.5382423815805701,-5.133972784354088e-05
15.16,-0.5587868152322816,-4.440689301888457e-05
15.165000000000001,-0.5749388691307796,-3.4156089283308004e-05
15.17,-0.5852352682220818,-2.1500964288756328e-05
15.175,-0.5887347953319712,-7.56948858073721e-06
15.18,-0.5851022048969798,6.396581878801806e-06
15.185,-0.5746381116094564,1.9152425551309366e-05
15.19,-0.5582521892699457,2.956117008730818e-05
15.195,-0.5373820692893424,3.669529749392165e-05
15.200000000000001,-0.5138651694030587,3.991937748959795e-05
15.205,-0.48977487964186994,3.894668136088139e-05
15.21,-0.4672357103146877,3.386448619482583e-05
15.215,-0.4482338823892942,2.5125709341736324e-05
15.22,-0.43444024698793904,1.3507956223352606e-05
15.225,-0.4270613215185336,4.4735748873230244e-08
15.23,-0.42673172323835,-1.4064449906817754e-05
15.235,-0.4334575902802464,-2.7559455998627538e-05
15.24,-0.4466160344106021,-3.923369323744141e-05
15.245000000000001,-0.4650106743080476,-4.804477753294608e-05
15.25,-0.48697829832221406,-5.3207871751257485e-05
15.255,-0.5105371472493256,-5.426402942439411e-05
15.26,-0.5335635970504242,-5.111995632509194e-05
15.265,-0.5539814894556083,-4.40561971163069e-05
15.27,-0.5699472307822379,-3.3702387190543215e-05
15.275,-0.5800141565774405,-2.0981344534119128e-05
15.280000000000001,-0.5832615082401846,-7.0269031653092305e-06
15.285,-0.5793765227787385,6.917146909249312e-06
15.290000000000001,-0.5686823170336665,1.96079636170012e-05
15.295,-0.5521090803628075,2.9914495871662693e-05
15.3,-0.5311111440895154,3.6918376153714135e-05
15.305,-0.5075373213447572,3.9995843277895394e-05
15.31,-0.48346607708735334,3.887330990763557e-05
15.315,-0.46102022363416306,3.365145676242288e-05
15.32,-0.4421776624244227,2.4795583190701466e-05
15.325000000000001,-0.4285950452386127,1.3093466863016079e-05
15.33,-0.4214600762646331,-4.142142133270843e-07
15.335,-0.4213856229444156,-1.4524051884131498e-05
15.34,-0.42835507609370077,-2.7975434145441462e-05
15.345,-0.44172383068528154,-3.9565204056450236e-05
15.35,-0.46027675527724815,-4.8258437818206905e-05
15.355,-0.48233652642904035,-5.3281022417591255e-05
15.36,-0.5059131696064494,-5.418675015825144e-05
15.365,-0.5288814743332971,-5.08958377696331e-05
15.370000000000001,-0.5491704662337524,-4.3701943060939284e-05
15.375,-0.5649480436830944,-3.32462949404866e-05
15.38,-0.5747843178817393,-2.046077511521712e-05
15.385,-0.5777790938526096,-6.484950500291548e-06
15.39,-0.5736421268593216,7.435498025229437e-06
15.395,-0.5627189990257565,2.005985133866804e-05
15.4,-0.5459603091403097,3.026301132842145e-05
15.405000000000001,-0.5248369225118904,3.7135870121205627e-05
15.41,-0.5012088367330791,4.006641347693985e-05
15.415000000000001,-0.47715935455546943,3.8794234503159304e-05
15.42,-0.4548093481089368,3.3433408441563425e-05
15.425,-0.4361281736423462,2.4461544073763627e-05
15.43,-0.4227580945844527,1.2676445607823151e-05
15.435,-0.41586786639614276,-8.742211833602722e-07
15.44,-0.4160485367810158,-1.4983269940543522e-05
15.445,-0.4232607511326625,-2.838966764284553e-05
15.450000000000001,-0.4368382611742708,-3.9893742562756725e-05
15.455,-0.4555473239796109,-4.846814850808181e-05
15.46,-0.47769669568635814,-5.3349627288104104e-05
15.465,-0.5012884134691076,-5.4104792182717484e-05
15.47,-0.5241959228830282,-5.066739097307055e-05
15.475,-0.5443536697270107,-4.3344162253920454e-05
15.48,-0.5599412534615481,-3.27878538957805e-05
15.485000000000001,-0.5695457240785783,-1.9939303437435213e-05
15.49,-0.5722875529295964,-5.943679277404295e-06
15.495000000000001,-0.5678990466480408,7.951590401856567e-06
15.5,-0.5567482132131126,2.050805291413401e-05
15.505,-0.5398059523884816,3.060669456014683e-05
15.51,-0.5185594956553212,3.734777594273986e-05
15.515,-0.49487981285783167,4.013110747325112e-05
15.52,-0.4708548068531557,3.8709501896353245e-05
15.525,-0.44860316761061336,3.321041917803056e-05
15.530000000000001,-0.430085481501807,2.412369995519184e-05
15.535,-0.41692943623539863,1.2257016786558054e-05
15.540000000000001,-0.4102847052001485,-1.335170706279098e-06
15.545,-0.4107204489277796,-1.544202167842571e-05
15.55,-0.4181745718797605,-2.8802108052505487e-05
15.555,-0.43195925854296785,-4.0219282304797576e-05
15.56,-0.4508222952664843,-4.867389569386161e-05
15.565,-0.47305871072284145,-5.34136831204301e-05
15.57,-0.4966627817460979,-5.4018164375239145e-05
15.575000000000001,-0.5195068525446462,-5.0434637831331946e-05
15.58,-0.5395310247543629,-4.298288873212082e-05
15.585,-0.5549268066132645,-3.232710764992194e-05
15.59,-0.5642983481104413,-1.941697875937905e-05
15.595,-0.5667868872727556,-5.403139675711244e-06
15.6,-0.5621473126450123,8.465378093488453e-06
15.605,-0.5507700160751342,2.095253181103199e-05
15.610000000000001,-0.5336460875306142,3.094552340882955e-05
15.615,-0.5122789549843568,3.7554090576671055e-05
15.620000000000001,-0.4885503470703471,4.018994619043223e-05
15.625,-0.46455252853922036,3.861916234303025e-05
15.63,-0.44240176547513504,3.298257348635745e-05
15.635,-0.42404965068610817,2.3782168694039454e-05
15.64,-0.4111091104553083,1.1835315608298862e-05
15.645,-0.4047106049313592,-1.7969411451561278e-06
15.65,-0.4054013425377049,-1.5900224308185396e-05
15.655000000000001,-0.41309649388826764,-2.9212711952062284e-05
15.66,-0.4270867547075449,-4.054180364940302e-05
15.665000000000001,-0.446101583486919,-4.887567170694565e-05
15.67,-0.46842247595658526,-5.347319176345997e-05
15.675,-0.49203617744611544,-5.392687975331854e-05
15.68,-0.5148141735646555,-5.01976036881743e-05
15.685,-0.5347024568020492,-4.2618159445343184e-05
15.69,-0.5499046505074507,-3.1864102253964754e-05
15.695,-0.5590421639217829,-1.889385238065731e-05
15.700000000000001,-0.5612770997247529,-4.86338351648358e-06
15.705,-0.5563869563376764,8.97681391077581e-06
15.71,-0.5447844649367953,2.1393250682150995e-05
15.715,-0.5274807926184265,3.127947543006686e-05
15.72,-0.5059953923188059,3.7754811477495725e-05
15.725,-0.4822205367723762,4.0242952397923884e-05
15.73,-0.45825261391355315,3.852327035587249e-05
15.735000000000001,-0.43620522449327287,3.274996391504404e-05
15.74,-0.4180207450957338,2.343708026593041e-05
15.745000000000001,-0.40529715655736387,1.1411490538814548e-05
15.75,-0.39914557681070884,-2.2594022098315667e-06
15.755,-0.40009119973908075,-1.6357794634613982e-05
15.76,-0.40802647178717105,-2.9621441938259093e-05
15.765,-0.4222206808427169,-4.0861295011958216e-05
15.77,-0.44138510249743984,-4.907347613806323e-05
15.775,-0.4637878956060019,-5.352816090757875e-05
15.780000000000001,-0.48740850368881755,-5.3830956028987154e-05
15.785,-0.5101177966012758,-4.995631776276743e-05
15.790000000000001,-0.5298678920320717,-4.2250014599262944e-05
15.795,-0.5448747333928798,-3.139888649889399e-05
15.8,-0.5537771464620008,-1.836997787756351e-05
15.805,-0.5557581941689849,-4.324464459502642e-06
15.81,-0.5506180101972058,9.48584926265528e-06
15.815,-0.5387916179620833,2.1830171253435362e-05
15.82,-0.5213101463231609,3.1608527852247e-05
15.825000000000001,-0.49970889982326105,3.7949936689733446e-05
15.83,-0.47589047940497525,4.0290151083132694e-05
15.835,-0.451955157006376,3.842188562627152e-05
15.84,-0.4300136269011816,3.251269285672845e-05
15.845,-0.4119988278410582,2.308857949742759e-05
15.85,-0.3994936128995865,1.098570619372157e-05
15.855,-0.39358963102407585,-2.722413205557899e-06
15.860000000000001,-0.39479000163752626,-1.6814649090298307e-05
15.865,-0.40296445928634916,-3.0028267879249298e-05
15.870000000000001,-0.41736096738959333,-4.117775436446818e-05
15.875,-0.43667276567187474,-4.9267317079502236e-05
15.88,-0.4591548737007489,-5.3578604998547294e-05
15.885,-0.48277966371587794,-5.373041628598193e-05
15.89,-0.5054176327346354,-4.9710813674083755e-05
15.895,-0.5250272572906188,-4.187849807804673e-05
15.9,-0.5398370044037903,-3.093151226551582e-05
15.905000000000001,-0.5485032716882948,-1.7845411396923803e-05
15.91,-0.5502301755291352,-3.786438249578828e-06
15.915000000000001,-0.5448405076748003,9.992433955779878e-06
15.92,-0.5327915341473949,2.2263254178903152e-05
15.925,-0.5151342279266073,3.193265751796363e-05
15.93,-0.4934195699965841,3.813946495475728e-05
15.935,-0.46956027243738946,4.033156990387877e-05
15.94,-0.4456602515674797,3.831507416263597e-05
15.945,-0.42382705437101686,3.227087478989397e-05
15.950000000000001,-0.4059839612351457,2.273682943509623e-05
15.955,-0.3936985168804601,1.0558146862414834e-05
15.96,-0.3880427767211218,-3.1858209480396507e-06
15.965,-0.389497728318146,-1.727070383501488e-05
15.97,-0.39791040918185266,-3.0433168475221673e-05
15.975,-0.41250754406361456,-4.1491191083542435e-05
15.98,-0.4319644859112373,-4.9457212638941934e-05
15.985000000000001,-0.4545233140926784,-5.3624546350411934e-05
15.99,-0.47814956090202554,-5.362528980614378e-05
15.995000000000001,-0.5007135934769162,-4.9461130083035794e-05
16.0,-0.5201804801164112,-4.150365796391031e-05
16.005,-0.5347914135656853,-3.0462034956458237e-05
16.01,-0.5432205165684089,-1.7320212020636714e-05
16.015,-0.5446930497686129,-3.2493630241318833e-06
16.02,-0.5390544831978703,1.0496515942326901e-05
16.025,-0.5267842733147892,2.2692458855415675e-05
16.03,-0.5089531173120581,3.22518408040587e-05
16.035,-0.4871274956613432,3.8323395834742526e-05
16.04,-0.4632300133559319,4.03672397425059e-05
16.045,-0.43936799105558905,3.8202909701443885e-05
16.05,-0.41764558800161744,3.202463906053264e-05
16.055,-0.39997620678663554,2.2382015499872304e-05
16.06,-0.3879119049346645,1.0129020801115998e-05
16.065,-0.38250502201424497,-3.649457281684607e-06
16.07,-0.38421435884780253,-1.772587494580418e-05
16.075,-0.39286427336129454,-3.083613320025393e-05
16.080000000000002,-0.40766033986257055,-4.1801628214287775e-05
16.085,-0.42726017565365615,-4.964319278439115e-05
16.09,-0.4498931204668066,-5.366601650081014e-05
16.095,-0.47351809876607764,-5.351561307756653e-05
16.1,-0.49600559078244977,-4.92073114780538e-05
16.105,-0.5153274887489627,-4.112554717483653e-05
16.11,-0.5297379118010557,-2.999051402825028e-05
16.115000000000002,-0.5379288590832615,-1.6794442216355584e-05
16.12,-0.5391468238898756,-2.713299695200094e-06
16.125,-0.5332599721661132,1.0998041004836932e-05
16.13,-0.5207698961051395,2.3117743188594334e-05
16.135,-0.5027668949551855,3.256605351604263e-05
16.14,-0.48083276995326707,3.85017298591502e-05
16.145,-0.45689979965287053,4.039719538929634e-05
16.15,-0.43307846862762117,3.808547546209117e-05
16.155,-0.41146930830924466,3.1774133338737835e-05
16.16,-0.39397562519275287,2.202435061221401e-05
16.165,-0.38213381252892176,9.698565462687512e-06
16.17,-0.3769763739776585,-4.113136126492922e-06
16.175,-0.37893987127750683,-1.818007872954531e-05
16.18,-0.38782600280931717,-3.123716471512701e-05
16.185,-0.40281928307469517,-4.2109105243289526e-05
16.19,-0.42255974688439757,-4.982530159309322e-05
16.195,-0.4452641963523117,-5.370305786164676e-05
16.2,-0.4688851809819032,-5.34014310243494e-05
16.205000000000002,-0.49129353705775386,-4.894940913576391e-05
16.21,-0.5104682121367936,-4.074422424640811e-05
16.215,-0.5246764509349403,-2.9517013645509e-05
16.22,-0.532628278229448,-1.6268168393412093e-05
16.225,-0.5335915059336234,-2.178312422313865e-06
16.23,-0.527457010947456,1.149695236406623e-05
16.235,-0.5147484639712662,2.3539063299101108e-05
16.240000000000002,-0.4965756419148996,3.2875270752064465e-05
16.245,-0.4745354863105397,3.867446870101958e-05
16.25,-0.4505697288152595,4.042147638956378e-05
16.255,-0.4267917771281449,3.7962866335078755e-05
16.26,-0.40529829521843397,3.151952791936396e-05
16.265,-0.387982276332332,2.166408151619119e-05
16.27,-0.37636427415793333,9.267053865853426e-06
16.275,-0.37145683864658074,-4.576649965625595e-06
16.28,-0.37367424264491134,-1.863323219882881e-05
16.285,-0.3827955476132243,-3.1636281861396236e-05
16.29,-0.3979843012868812,-4.241368149447487e-05
16.295,-0.4178631111458671,-5.000359999346276e-05
16.3,-0.44063644513349587,-5.373572573047582e-05
16.305,-0.4642507113894927,-5.3282798506978484e-05
16.31,-0.4865773451715667,-4.868748229524229e-05
16.315,-0.5056025799455043,-4.035975428981186e-05
16.32,-0.5196069837004444,-2.9041603484507377e-05
16.325,-0.5273187540216544,-1.5741461587285352e-05
16.330000000000002,-0.528027104977885,-1.6444691965181383e-06
16.335,-0.5216456368739416,1.1993190192905196e-05
16.34,-0.5087200391708975,2.395637315638873e-05
16.345,-0.4903794398240305,3.3179466729961796e-05
16.35,-0.4682357384631836,3.884161539213622e-05
16.355,-0.44423989831390814,4.0440128099437524e-05
16.36,-0.4205080090787439,3.7835191617006157e-05
16.365000000000002,-0.3991326280528084,3.126102107654984e-05
16.37,-0.38199621925901406,2.1301496582201572e-05
16.375,-0.3706033233404743,8.834802348756022e-06
16.38,-0.365946421016549,-5.039765669870199e-06
16.385,-0.3684174489769494,-1.908525376246756e-05
16.39,-0.37777285696865487,-3.2033523371662e-05
16.395,-0.3931553213928818,-4.271544028755746e-05
16.4,-0.41317017954769225,-5.0178169109520197e-05
16.405,-0.43600977006088815,-5.376409074190033e-05
16.41,-0.45961459400588484,-5.315978215295257e-05
16.415,-0.4818569284647158,-4.842159959371445e-05
16.42,-0.5007305225657939,-3.9972210165380565e-05
16.425,-0.5145294637441498,-2.856435971933149e-05
16.43,-0.5220002674949268,-1.5214398301439967e-05
16.435,-0.5224536311369866,-1.1118425603553874e-06
16.44,-0.5158258882374387,1.2486691015232613e-05
16.445,-0.502684684759542,2.4369624123517038e-05
16.45,-0.48417837088005244,3.347861457042948e-05
16.455000000000002,-0.4619336204224014,3.900317459004242e-05
16.46,-0.437910405592178,4.045320300679796e-05
16.465,-0.4142272566674261,3.7702578434472764e-05
16.47,-0.39297238552606684,3.099884573389684e-05
16.475,-0.37601751219453156,2.093693543139791e-05
16.48,-0.36485099261555176,8.402180001727501e-06
16.485,-0.3604451250428455,-5.502219536635247e-06
16.490000000000002,-0.3631694652925602,-1.9536064195182323e-05
16.495,-0.3727578791853589,-3.242895246153355e-05
16.5,-0.3883322696016844,-4.301449402960945e-05
16.505,-0.40848086277693074,-5.034911434100545e-05
16.51,-0.43138407426223857,-5.3788241856676695e-05
16.515,-0.4549767330360817,-5.3032462591629746e-05
16.52,-0.4771322007600449,-4.815184082192471e-05
16.525,-0.49585197112145335,-3.9581673919643e-05
16.53,-0.5094438456313843,-2.808536623158561e-05
16.535,-0.5166728007068295,-1.4687061541892037e-05
16.54,-0.5168710955603943,-5.805104944584853e-07
16.545,-0.5099978042852785,1.2977386963824439e-05
16.55,-0.4966424645833176,2.4778764393631883e-05
16.555,-0.4779725178357378,3.377268602797759e-05
16.56,-0.4556292264698152,3.915915291292406e-05
16.565,-0.4315813480548745,4.046076238964202e-05
16.57,-0.4079496117381406,3.7565176036937005e-05
16.575,-0.38681764573303185,3.0733277775226315e-05
16.580000000000002,-0.37004621252204195,2.05708008003946e-05
16.585,-0.35910731353868075,7.9696201338158e-06
16.59,-0.3549529536400493,-5.963711398978756e-06
16.595,-0.3579302656055291,-1.998558796643016e-05
16.6,-0.36775056169311393,-3.282266250473333e-05
16.605,-0.3835150714459574,-4.331099044792128e-05
16.61,-0.4037950711082194,-5.051657034292317e-05
16.615000000000002,-0.42675926075353465,-5.380829000832024e-05
16.62,-0.45033703288401417,-5.2900937183155074e-05
16.625,-0.47240307637227835,-4.787829907051557e-05
16.63,-0.4909668574771906,-3.918823854520657e-05
16.635,-0.5043500848513911,-2.760471609407225e-05
16.64,-0.5113363367394994,-1.4159542087862914e-05
16.645,-0.5112795104314373,-5.055750822588633e-08
16.65,-0.5041614252157771,1.3465204865699556e-05
16.655,-0.4905934432716924,2.5183738294181496e-05
16.66,-0.47176196398968484,3.406165115975897e-05
16.665,-0.44932265114667375,3.930955936406791e-05
16.67,-0.4252528230571795,4.046287840439104e-05
16.675,-0.4016751657803341,3.74231611845654e-05
16.68,-0.38066848614071075,3.046464639831141e-05
16.685,-0.3640823767795608,2.0203573156290234e-05
16.69,-0.35337231667829994,7.537634198400094e-06
16.695,-0.3494699086817044,-6.423897633951814e-06
16.7,-0.35269982292746094,-2.0433755026427087e-05
16.705000000000002,-0.3627508510477421,-3.3214784036463896e-05
16.71,-0.3787036517905193,-4.360512021870823e-05
16.715,-0.3991127144139774,-5.0680707104744416e-05
16.72,-0.4221352324501018,-5.382437255345852e-05
16.725,-0.4456953981634836,-5.2765323351779814e-05
16.73,-0.46766947011776405,-4.7601083355310014e-05
16.735,-0.48607511424638056,-3.8792010136145264e-05
16.740000000000002,-0.4992481378224232,-2.7122513390032132e-05
16.745,-0.5059908597015815,-1.3631940051743142e-05
16.75,-0.5056788889659208,4.779240193329882e-07
16.755,-0.49831679217366853,1.3950065116173564e-05
16.76,-0.48453768623008686,2.558448542970983e-05
16.765,-0.4655467931767816,3.434547792084189e-05
16.77,-0.4430139892431013,3.945440587470709e-05
16.775,-0.41892492789349856,4.0459636722071464e-05
16.78,-0.3954040099184771,3.727674491488553e-05
16.785,-0.37452498357942765,3.019334700904351e-05
16.79,-0.35812606065353275,1.9835828681548856e-05
16.795,-0.3476460316122839,7.106828686581051e-06
16.8,-0.343995991000104,-6.882382868257991e-06
16.805,-0.3474781092708699,-2.0880503168298717e-05
16.81,-0.35775869293718954,-3.360549338237838e-05
16.815,-0.3738979348408755,-4.389712630196933e-05
16.82,-0.3944337021747221,-5.08417373739276e-05
16.825,-0.4175118921777161,-5.383665870513481e-05
16.830000000000002,-0.44105173370900863,-5.262576265900819e-05
16.835,-0.46293129732415406,-4.732032182912549e-05
16.84,-0.4811766747987783,-3.839311052778485e-05
16.845,-0.49413796189673137,-2.6638875443524935e-05
16.85,-0.5006363547300349,-1.3104366793678457e-05
16.855,-0.5000692454106272,1.0048321921987182e-06
16.86,-0.49246394724539655,1.4431880294092946e-05
16.865000000000002,-0.47847525963238663,2.5980939627728942e-05
16.87,-0.459327089758673,3.4624131673215116e-05
16.875,-0.43670333578731935,3.959370800291369e-05
16.88,-0.41259775978641494,4.0451139862331016e-05
16.885,-0.38913623490163374,3.712618104452787e-05
16.89,-0.36838721423408777,2.9919857269447256e-05
16.895,-0.35217731897249893,1.9468261378279464e-05
16.9,-0.34192848692457267,6.6779255947953355e-06
16.905,-0.33853120038619544,-7.338710141588768e-06
16.91,-0.3422650956523633,-2.1325781108837296e-05
16.915,-0.35277403218770215,-3.399502327237435e-05
16.92,-0.3690978441519223,-4.418731536021472e-05
16.925,-0.3897579434894305,-5.0999925722932816e-05
16.93,-0.4128891426836551,-5.3845356168741666e-05
16.935,-0.43640594458664883,-5.248242578245488e-05
16.94,-0.45818847384012773,-4.703616571171115e-05
16.945,-0.47627147326814473,-3.7991680529773365e-05
16.95,-0.48901951536541294,-2.6153935553704173e-05
16.955000000000002,-0.4952728079918245,-1.2576947270762118e-05
16.96,-0.4944505950416774,1.530053574285541e-06
16.965,-0.48660293345429484,1.4910553460193468e-05
16.97,-0.4724062304134166,2.6373027644911953e-05
16.975,-0.4531029386141677,3.489757459428502e-05
16.98,-0.4303907860347688,3.9727485838490316e-05
16.985,-0.4062714158755152,4.043751141623195e-05
16.990000000000002,-0.38287193109314266,3.6971776851655774e-05
16.995,-0.36225525363551364,2.9644757053161753e-05
17.0,-0.3462362057008196,1.910171019501233e-05
17.005,-0.3362197102018895,6.251787187305103e-06
17.01,-0.3330755355896059,-7.79234924276362e-06
17.015,-0.337060752095937,-2.176955245594771e-05
17.02,-0.3477968127701393,-3.4383675870918625e-05
17.025,-0.36430330263665367,-4.447607172035407e-05
17.03,-0.3850853470858767,-5.115559962580477e-05
17.035,-0.4082668866477579,-5.385071924940248e-05
17.04,-0.43175793610487023,-5.233551860299783e-05
17.045,-0.4534409160449841,-4.674879409891648e-05
17.05,-0.47135944455973694,-3.758788388609227e-05
17.055,-0.48389275746315646,-2.5667846346473495e-05
17.06,-0.4899002066855054,-1.2049822918708851e-05
17.065,-0.4888229541627964,2.0534607062053092e-06
17.07,-0.4807337947556949,1.5385976067918272e-05
17.075,-0.46633066626133024,2.676066758192773e-05
17.080000000000002,-0.44687442512952263,3.516576496903646e-05
17.085,-0.4240764354572059,3.985576517906694e-05
17.09,-0.3999459932063431,4.0418901400906016e-05
17.095,-0.37661118846034125,3.6813906495930336e-05
17.1,-0.3561291766518052,2.9368753230546902e-05
17.105,-0.34030277393249775,1.8737192258944523e-05
17.11,-0.3305197280306077,5.829445906610727e-06
17.115000000000002,-0.327628994318784,-8.242682878785125e-06
17.12,-0.33186504763640545,-2.2211800757430603e-05
17.125,-0.3428269778063828,-3.477183874079266e-05
17.13,-0.3595142325749649,-4.476387443643748e-05
17.135,-0.38041582133101143,-5.1309162991090845e-05
17.14,-0.4036450266935546,-5.385305875927934e-05
17.145,-0.42710761382538415,-5.218528964826771e-05
17.150000000000002,-0.44868854085814347,-4.645841984838641e-05
17.155,-0.46644052435771743,-3.718191212519746e-05
17.16,-0.47875764837290835,-2.51807838821525e-05
17.165,-0.48451853904268527,-1.1523155185566594e-05
17.17,-0.48318634010344375,2.5749090587147587e-06
17.175,-0.4748565760319284,1.5858025400575767e-05
17.18,-0.4602486356098689,2.7143766944479266e-05
17.185,-0.4406416351886685,3.5428656349010664e-05
17.19,-0.4177603797318545,3.9978579063664846e-05
17.195,-0.39362158871940006,4.03954930546615e-05
17.2,-0.37035409656426604,3.665302786886018e-05
17.205000000000002,-0.35000905747974304,2.9092710407241167e-05
17.21,-0.33437707588514254,1.8375943505473263e-05
17.215,-0.3248285659937266,5.4121404367905096e-06
17.22,-0.32219157324125935,-8.688990269993502e-06
17.225,-0.32667795032294655,-2.2652535851655205e-05
17.23,-0.3378644695758278,-3.516000435484384e-05
17.235,-0.35473055562245404,-4.5051318128503303e-05
17.240000000000002,-0.3757492742414502,-5.146111269631691e-05
17.245,-0.39902346539944933,-5.385275412626239e-05
17.25,-0.4224548835738861,-5.2032039195725434e-05
17.255,-0.4439312657486656,-4.616529678271219e-05
17.26,-0.46151464913249235,-3.6773990499440905e-05
17.265,-0.4736141492304292,-2.4692952688482495e-05
17.27,-0.47912779432936653,-1.0997129863510555e-05
17.275000000000002,-0.47754077121685123,3.0942332971335584e-06
17.28,-0.46897132308719003,1.6326561430228465e-05
17.285,-0.4541602076305013,2.752222027564394e-05
17.29,-0.43440465516344323,3.5686196561198474e-05
17.295,-0.41144271473049093,4.009596977697748e-05
17.3,-0.38729829923899445,4.036751146319815e-05
17.305,-0.3641007445494021,3.648970373411717e-05
17.31,-0.3438949696363927,2.8817688979105432e-05
17.315,-0.3284591628940305,1.801946823595039e-05
17.32,-0.31914624866794233,5.001359097336387e-06
17.325,-0.31676326798402676,-9.130427682540525e-06
17.330000000000002,-0.32149942722273656,-2.30918017627415e-05
17.335,-0.33290922952191315,-3.5548793881689045e-05
17.34,-0.3499521928194324,-4.533913841275014e-05
17.345,-0.3710856134940021,-5.1612058787898045e-05
17.35,-0.39440210530974423,-5.385026819450223e-05
17.355,-0.4177996514507666,-5.1876130405299314e-05
17.36,-0.43916900874461967,-4.586972850380396e-05
17.365000000000002,-0.45658175614801844,-3.636438525692178e-05
17.37,-0.4684622221287129,-2.4204591925304505e-05
17.375,-0.4737279628471619,-1.0471962396493167e-05
17.38,-0.4718862668779216,3.611242703752759e-06
17.385,-0.46307808264229366,1.6791422971329388e-05
17.39,-0.44806545222459593,2.7895906270294625e-05
17.395,-0.42816357190377063,3.5938326550717856e-05
17.400000000000002,-0.40512353650852323,4.0207991472052363e-05
17.405,-0.38097622146219445,4.033523451120264e-05
17.41,-0.3578512211335459,3.632462822145012e-05
17.415,-0.3377869859507173,2.854499214644349e-05
17.42,-0.3225490854062285,1.7669599403672086e-05
17.425,-0.31347279962083463,4.598891938446215e-06
17.43,-0.3113440731340421,-9.566005308844858e-06
17.435,-0.316329444424694,-2.3529686396678595e-05
17.44,-0.3279611982588455,-3.593898609418141e-05
17.445,-0.34517906459993364,-4.562824290372073e-05
17.45,-0.366424746436169,-5.176274915515058e-05
17.455000000000002,-0.38978084894575893,-5.384616531474374e-05
17.46,-0.41314182384185844,-5.171800293231452e-05
17.465,-0.4344016884425046,-4.557207917596976e-05
17.47,-0.45164178346891276,-3.595341254131919e-05
17.475,-0.46330183012229886,-2.3715982932115413e-05
17.48,-0.4683190359344095,-9.947904379799883e-06
17.485,-0.46622284748100945,4.125715572664763e-06
17.490000000000002,-0.4571769023293586,1.7252422976168627e-05
17.495,-0.4419644400154472,2.826468426560444e-05
17.5,-0.42191847272771904,3.618497904359524e-05
17.505,-0.3988029412939596,4.031471360484021e-05
17.51,-0.374655451947823,4.029900678278516e-05
17.515,-0.35160561459771644,3.6158659982804635e-05
17.52,-0.3316851785552465,2.8276223854090695e-05
17.525000000000002,-0.31664689297481985,1.732857172607506e-05
17.53,-0.30780824140818874,4.206893121273033e-06
17.535,-0.3059339822388429,-9.994559783219518e-06
17.54,-0.3111679670433608,-2.396633329263862e-05
17.545,-0.3230203155783911,-3.63315523827783e-05
17.55,-0.34041109080077014,-4.591974896374262e-05
17.555,-0.36176658009668233,-5.1914099659514085e-05
17.56,-0.3851595988169786,-5.3841133452033266e-05
17.565,-0.4084813074291519,-5.1558189568805806e-05
17.57,-0.4296292240164984,-4.527278671253482e-05
17.575,-0.44669466996749196,-3.554144927895402e-05
17.580000000000002,-0.45813293723150067,-2.3227458462844687e-05
17.585,-0.46290100596716177,-9.4252515133448e-06
17.59,-0.4605505344376012,4.637392352594791e-06
17.595,-0.4512678306863945,1.7709342787852485e-05
17.6,-0.4358572423401987,2.862838998235767e-05
17.605,-0.4156694454115061,3.6426077021256363e-05
17.61,-0.3924810254764754,4.041622543312796e-05
17.615000000000002,-0.3683360871054778,4.025925719533584e-05
17.62,-0.3453640127760495,3.5992863613380424e-05
17.625,-0.3255896188778202,2.8013359992610216e-05
17.63,-0.3107526342532701,1.6999110041148297e-05
17.635,-0.3021525955714291,3.827955393980796e-06
17.64,-0.3005329878072778,-1.041472146854184e-05
17.645,-0.30601495922289546,-2.44019556562906e-05
17.650000000000002,-0.3180865204567241,-3.6727698993405206e-05
17.655,-0.33564819067064927,-4.621502959956449e-05
17.66,-0.3571110211961442,-5.206723090710697e-05
17.665,-0.3805382574322133,-5.383601119457433e-05
17.67,-0.4038180092014069,-5.139733657852968e-05
17.675,-0.42485153522765035,-4.4972378892759956e-05
17.68,-0.44174035533081435,-3.512894648749143e-05
17.685,-0.4529555084465243,-2.2739413976014852e-05
17.69,-0.45747386636005194,-8.904353324970298e-06
17.695,-0.4548693501738816,5.145967267343287e-06
17.7,-0.44535091715174524,1.81619251301037e-05
17.705000000000002,-0.4297439312416758,2.8986830370443775e-05
17.71,-0.4094165781795165,3.6661532008144536e-05
17.715,-0.38615788559645187,4.0512641908629584e-05
17.72,-0.36201822318449545,4.021652134990367e-05
17.725,-0.339126503045744,3.5828561288730436e-05
17.73,-0.31950037763346706,2.7758835606850994e-05
17.735,-0.304866356989894,1.6684535656899714e-05
17.740000000000002,-0.296505882635153,3.465198708169178e-06
17.745,-0.29514108131037,-1.0824875465417652e-05
17.75,-0.30087038414115197,-2.4836852834200793e-05
17.755,-0.31315975106136534,-3.712891774181109e-05
17.76,-0.3308902828794146,-4.6515769162022645e-05
17.765,-0.3524579761577044,-5.2223513098266496e-05
17.77,-0.37591672731068454,-5.383182073462225e-05
17.775000000000002,-0.3991518364647308,-5.1236228530488514e-05
17.78,-0.4200685424330659,-4.4671493044761194e-05
17.785,-0.4367787800675258,-3.471644553031201e-05
17.79,-0.4477695097314482,-2.2252321424081212e-05
17.795,-0.45203761156704414,-8.385625044154769e-06
17.8,-0.44917931812816747,5.651078089425891e-06
17.805,-0.4394262120584297,1.86098655709872e-05
17.81,-0.4236245794601937,2.9339777388914697e-05
17.815,-0.4031599596942701,3.689124218941493e-05
17.82,-0.37983361833392526,4.060411138891896e-05
17.825,-0.35570195626293366,4.017146982608861e-05
17.830000000000002,-0.33289317231712595,3.5667396976933994e-05
17.835,-0.3134175248163629,2.751565130312614e-05
17.84,-0.2989881080223888,1.6388893764496477e-05
17.845,-0.2908681221047813,3.122375246008219e-06
17.85,-0.28975825318228676,-1.122311507282145e-05
17.855,-0.2957342040138666,-2.527142926062315e-05
17.86,-0.3082399447582595,-3.753704656778949e-05
17.865000000000002,-0.32613728552735644,-4.682403078982819e-05
17.87,-0.3478073511177024,-5.238462067694247e-05
17.875,-0.3712949109931108,-5.382980811423536e-05
17.88,-0.394482696853188,-5.107581860060952e-05
17.885,-0.415280166595022,-4.437090005930709e-05
17.89,-0.4318098855146157,-3.4304597945921945e-05
17.895,-0.44257490802809507,-2.1766746073688426e-05
17.900000000000002,-0.44659223708206897,-7.869562081371958e-06
17.905,-0.4434804627482234,6.1522936799572124e-06
17.91,-0.4334937666284168,1.9052802149800244e-05
17.915,-0.41749926042528573,2.968696052665576e-05
17.92,-0.39689967904627377,3.7115090399677516e-05
17.925,-0.37350832049752053,4.069082572205141e-05
17.93,-0.349387382236646,4.012494394871133e-05
17.935,-0.3266641070237654,3.551141605412969e-05
17.94,-0.3073411296918172,2.728750250916184e-05
17.945,-0.2931179332724735,1.6117105267483412e-05
17.95,-0.2852393324643421,2.8039933223494747e-06
17.955000000000002,-0.28438449282142697,-1.1607186165090094e-05
17.96,-0.29060638009898154,-2.570621569293711e-05
17.965,-0.3033270381189443,-3.7954341358823826e-05
17.97,-0.32138911615452614,-4.714233784639711e-05
17.975,-0.34315905193634194,-5.2552598838365994e-05
17.98,-0.36667271105286364,-5.383149228964189e-05
17.985,-0.3898104983393725,-5.09172655048332e-05
17.990000000000002,-0.41048632928995443,-4.407153364977085e-05
17.995,-0.42683361384418605,-3.389418960391044e-05
18.0,-0.4373716712598168,-2.1283366990691416e-05
18.005,-0.4411377394395378,-7.3567576545537515e-06
18.01,-0.43777280948848113,6.649098836475083e-06
18.015,-0.42755363296680204,1.9490302802802314e-05
18.02,-0.41136804824729917,3.002805784549733e-05
18.025000000000002,-0.39063582574382216,3.733294206046729e-05
18.03,-0.3671820890134421,4.077303341843562e-05
18.035,-0.34307459680839525,4.0078000915601116e-05
18.04,-0.320439393112582,3.536316368048061e-05
18.045,-0.3012712607883452,2.7078935694257292e-05
18.05,-0.28725587774066763,1.5875146573841324e-05
18.055,-0.27961953117436744,2.515462751186642e-06
18.06,-0.2790197885916331,-1.1974420644180703e-05
18.065,-0.2854868727010802,-2.614189221460132e-05
18.07,-0.2984209669277646,-3.838356045654332e-05
18.075,-0.31664569175009705,-4.747377191421672e-05
18.080000000000002,-0.3385129842084655,-5.272994433630023e-05
18.085,-0.3620500301071184,-5.383872487178777e-05
18.09,-0.3851351492448729,-5.0761978451276955e-05
18.095,-0.4056869527173781,-4.377452594593671e-05
18.1,-0.4218499080699631,-3.348617007848925e-05
18.105,-0.4321597683351643,-2.080300194037423e-05
18.11,-0.43567411621473634,-6.847924201641715e-06
18.115000000000002,-0.43205638480714587,7.140875910518067e-06
18.12,-0.4216058640558439,1.9921850165154345e-05
18.125,-0.40523101770891057,3.0362685306245245e-05
18.13,-0.3843684897028193,3.754464319866371e-05
18.135,-0.3608550209144524,4.085105683051438e-05
18.14,-0.33676369547682666,4.003197060954832e-05
18.145,-0.3142191160340072,3.522580587364525e-05
18.150000000000002,-0.29520798588987635,2.6895536055955053e-05
18.155,-0.2814019855011738,1.5670260934842775e-05
18.16,-0.2740087346698943,2.263264266417067e-06
18.165,-0.2736641278235239,-1.2321656784817192e-05
18.17,-0.28037564117590225,-2.6579311979663868e-05
18.175,-0.2935216661891749,-3.882806310614629e-05
18.18,-0.311906928761944,-4.782209020835914e-05
18.185,-0.3338690532743605,-5.291970345809608e-05
18.19,-0.357426770827929,-5.3853762748724066e-05
18.195,-0.3804565582506986,-5.061167175443325e-05
18.2,-0.40088195970879137,-4.348125070487244e-05
18.205000000000002,-0.4168587120538727,-3.308168828723054e-05
18.21,-0.42693916915142305,-2.032663758216905e-05
18.215,-0.43020136602410186,-6.343919325966323e-06
18.22,-0.4263312161631689,7.626882569764099e-06
18.225,-0.4156505137488978,2.034682326595707e-05
18.23,-0.399088244256622,3.0690384123495564e-05
18.235,-0.3780977612365542,3.775001875694224e-05
18.240000000000002,-0.35452721332876436,4.0925314521345775e-05
18.245,-0.3304547735256431,3.998852693106008e-05
18.25,-0.3080033607322676,3.510327782937952e-05
18.255,-0.2891513720280452,2.6744151455627865e-05
18.26,-0.2755562996968312,1.5511204695886595e-05
18.265,-0.26840695835858314,2.0551453816204857e-06
18.27,-0.2683174968159363,-1.2645143931719575e-05
18.275000000000002,-0.27527264393496564,-2.7019523945229877e-05
18.28,-0.2886290701351778,-3.929192274006995e-05
18.285,-0.3071727431060506,-4.819186550587362e-05
18.29,-0.3292271642305246,-5.3125590496155815e-05
18.295,-0.3528028359532965,-5.387935618513746e-05
18.3,-0.37577463440773257,-5.046843103844305e-05
18.305,-0.39607127373650897,-4.319337563613001e-05
18.31,-0.4118599705124135,-3.268213561344464e-05
18.315,-0.4217098445980374,-1.985546597858892e-05
18.32,-0.42471948852538177,-5.8457771362561945e-06
18.325,-0.4205973320131026,8.106224988724649e-06
18.330000000000002,-0.40968763676429176,2.076447557452207e-05
18.335,-0.39293980399218187,3.101060589266125e-05
18.34,-0.37182373104536337,3.79488715200118e-05
18.345,-0.3481987634689238,4.099635033348382e-05
18.35,-0.3241479260126998,3.994977708717368e-05
18.355,-0.3017922116357252,3.500046464699612e-05
18.36,-0.2831014854745178,2.663315743953385e-05
18.365000000000002,-0.2697188625341779,1.5408531213094053e-05
18.37,-0.26281421661896776,1.9003445464819133e-06
18.375,-0.26297988083748314,-1.2940428669816262e-05
18.38,-0.2701778384503252,-2.7463791823727942e-05
18.385,-0.2837431122328522,-3.9780055296925556e-05
18.39,-0.30244305017621287,-4.8588651790892393e-05
18.395,-0.3245872219404579,-5.335213051185226e-05
18.400000000000002,-0.3481781282983017,-5.3918855417319865e-05
18.405,-0.3710892871471413,-5.033479326330565e-05
18.41,-0.3912548189223642,-4.291292556684124e-05
18.415,-0.40685362902294475,-3.228919790918452e-05
18.42,-0.41647176655994333,-1.93909285821521e-05
18.425,-0.41922848441767185,-5.3547459599089605e-06
18.43,-0.4148547618078644,8.577825663188711e-06
18.435,-0.40371728867910495,2.1173908805387342e-05
18.44,-0.38678577366387473,3.132269525107621e-05
18.445,-0.36554649020624774,3.8140982140175805e-05
18.45,-0.34186976862075424,4.106487108268071e-05
18.455000000000002,-0.3178432477592114,3.99183729546854e-05
18.46,-0.295585752647213,3.492342016583747e-05
18.465,-0.27705839173340646,2.657276787441348e-05
18.47,-0.26388971527865246,1.53749140004952e-05
18.475,-0.257230522798819,1.8098444475883093e-06
18.48,-0.25765126412823774,-1.3202219337205455e-05
18.485,-0.2650911812594413,-2.7913605116985425e-05
18.490000000000002,-0.27886372519192076,-4.029836161640802e-05
18.495,-0.2977177648536452,-4.9019178678336706e-05
18.5,-0.3199491310455521,-5.360483062210232e-05
18.505,-0.343552550766229,-5.397633920088823e-05
18.51,-0.3664004262906737,-5.021384312404029e-05
18.515,-0.3864325200463385,-4.264235840074267e-05
18.52,-0.40183963402991585,-3.190491795094958e-05
18.525000000000002,-0.4112249079207855,-1.8934769002876106e-05
18.53,-0.413728355441336,-4.872333516996206e-06
18.535,-0.4091035359893945,9.040384966207419e-06
18.54,-0.39773952592280676,2.1574041857318e-05
18.545,-0.38062623065773465,3.162586988761277e-05
18.55,-0.35926613016251585,3.832611096960272e-05
18.555,-0.3355403261322946,4.1131795315962355e-05
18.56,-0.31154083333889854,3.989764939509985e-05
18.565,-0.2893840671344302,3.4879630017142665e-05
18.57,-0.27102215553382136,2.6575394865532157e-05
18.575,-0.25806889824990076,1.542550866311286e-05
18.580000000000002,-0.2516558892136159,1.7966535921873716e-06
18.585,-0.25233162990153885,-1.3424225697760095e-05
18.59,-0.2600126279701237,-2.8370676305297312e-05
18.595,-0.27399084097240156,-4.0853881134443915e-05
18.6,-0.2929968015166436,-4.9491577142910175e-05
18.605,-0.31531279597600576,-5.3890384363448256e-05
18.61,-0.3389260063596083,-5.4056769190745195e-05
18.615000000000002,-0.3617079620609173,-5.010932867396502e-05
18.62,-0.38160430255517186,-4.2384656033439066e-05
18.625,-0.39681793285099587,-3.153177007344372e-05
18.63,-0.40596924256599976,-1.8489095975222604e-05
18.635,-0.40821910437780967,-4.40036072779226e-06
18.64,-0.40334368598714837,9.492335512360312e-06
18.645,-0.3917544057707959,2.19635742636018e-05
18.650000000000002,-0.37446125298874533,3.1919197820092884e-05
18.655,-0.35298274271338564,3.8504002716348227e-05
18.66,-0.3292105334026559,4.1198316207931686e-05
18.665,-0.30524077706716185,3.98917952114944e-05
18.67,-0.28318723792046363,3.4878325114173905e-05
18.675,-0.2649928408225096,2.6656059954359413e-05
18.68,-0.25225645081715947,1.557835003268099e-05
18.685,-0.2460903271451368,1.8761126240101188e-06
18.69,-0.2470209603459005,-1.3598970908460027e-05
18.695,-0.25494213326557913,-2.883691601532056e-05
18.7,-0.269124390792395,-4.1454951393041544e-05
18.705000000000002,-0.2882800740504493,-5.001563791659834e-05
18.71,-0.3106781209616927,-5.421691378865543e-05
18.715,-0.33429839819124596,-5.416617438247588e-05
18.72,-0.3570118050915744,-5.0025799270680405e-05
18.725,-0.3767700925708956,-4.214343254145599e-05
18.73,-0.391788473683064,-3.1172748809147215e-05
18.735,-0.4007047453857848,-1.8056458011216987e-05
18.740000000000002,-0.40270073504928194,-3.941025365057342e-06
18.745,-0.39757524421453333,9.931788394946858e-06
18.75,-0.38576198633788733,2.2340943590324602e-05
18.755,-0.36829091929196905,3.220157204180055e-05
18.76,-0.3466964200034766,3.86743953652249e-05
18.765,-0.3228804878708716,4.1265982442997966e-05
18.77,-0.29894317299035744,3.9906063260678665e-05
18.775000000000002,-0.2769953472743685,3.4930851454747494e-05
18.78,-0.2589705107565349,2.683285578320609e-05
18.785,-0.24645241139475033,1.5854776278390243e-05
18.79,-0.24053384684017715,2.0662178006914453e-06
18.795,-0.2417192366270371,-1.371757386036665e-05
18.8,-0.24987965090959724,-2.9314375290453754e-05
18.805,-0.26426430513595767,-4.211136400142536e-05
18.81,-0.2835674958570271,-5.0603101810429936e-05
18.815,-0.30604501004305307,-5.4594253646894876e-05
18.82,-0.32966962949531464,-5.43118700343156e-05
18.825,-0.35231186643769014,-4.9968769077859455e-05
18.830000000000002,-0.37192981689923327,-4.192306201497167e-05
18.835,-0.3867512056081013,-3.083147336947155e-05
18.84,-0.3954313922779767,-1.7639931207772877e-05
18.845,-0.39717325231825706,-3.496976718854468e-06
18.85,-0.3917982440651982,1.0356470439997791e-05
18.855,-0.37976232657170444,2.2704276367363596e-05
18.86,-0.3621153088135461,3.247168293201245e-05
18.865000000000002,-0.340407254512262,3.883703537963325e-05
18.87,-0.3165502870048182,4.13368018612276e-05
18.875,-0.2926481148751021,3.994702699238337e-05
18.88,-0.2708084769017507,3.5051101038142276e-05
18.885,-0.2529552276960474,2.712745305579309e-05
18.89,-0.24065681743771963,1.6279865178814592e-05
18.895,-0.23498645750938413,2.3879483031296774e-06
18.900000000000002,-0.23642643889001813,-1.3769501897293562e-05
18.905,-0.24482513375184362,-2.9805141041517936e-05
18.91,-0.2594105137610083,-4.283450234795952e-05
18.915,-0.2788589798649127,-5.126797774238294e-05
18.92,-0.3014133670820767,-5.503428102459084e-05
18.925,-0.32503960363842904,-5.4502715387199635e-05
18.93,-0.347608057585768,-4.994490928972985e-05
18.935,-0.3670834030379252,-4.17288282812348e-05
18.94,-0.38170607859901984,-3.0512309655264292e-05
18.945,-0.39014916015080614,-1.7243221517159075e-05
18.95,-0.39163666208700043,-3.0714022686227836e-06
18.955000000000002,-0.38601271990924363,1.0763651826422365e-05
18.96,-0.37375548624593186,2.3051332418340494e-05
18.965,-0.3559345014016228,3.272798927659514e-05
18.97,-0.33411533904355184,3.8991701970384916e-05
18.975,-0.31022002829013096,4.141337374129447e-05
18.98,-0.2863556961975398,4.002289126191462e-05
18.985,-0.26462670793541476,3.5256006561577456e-05
18.990000000000002,-0.2469470531971948,2.7565641228813413e-05
18.995,-0.2348697054375513,1.6882858746437392e-05
19.0,-0.22944816732620102,2.865576109666616e-06
19.005,-0.2311425462615412,-1.3742297290407623e-05
19.01,-0.23977853373322272,-3.03111676255714e-05
19.015,-0.2545629457073153,-4.363743930384268e-05
19.02,-0.2741544385391787,-5.2026878877764124e-05
19.025000000000002,-0.2967830957733077,-5.555129180470102e-05
19.03,-0.3204082241306353,-5.474941391402527e-05
19.035,-0.3429002904638193,-4.9962271853594513e-05
19.04,-0.3622307791850278,-4.1567098368034926e-05
19.045,-0.3766530435253877,-3.0220511096136247e-05
19.05,-0.38485802692552445,-1.6870782416542606e-05
19.055,-0.3860909712968691,-2.6681269882418025e-06
19.06,-0.3802187070892878,1.1150063813633317e-05
19.065,-0.3677415259534727,2.3379442928512648e-05
19.07,-0.3497485774972713,3.2968689411674944e-05
19.075,-0.3278207667149407,3.913824423308325e-05
19.080000000000002,-0.3038898092190453,4.1499056852031035e-05
19.085,-0.28006601013264165,4.01438654744691e-05
19.09,-0.2584501209261382,3.5566098920559465e-05
19.095,-0.24094604800512096,2.817788239549569e-05
19.1,-0.22909111091802953,1.769754055843755e-05
19.105,-0.22391898342593178,3.5269266528712494e-06
19.11,-0.2258675368523071,-1.3621286240376412e-05
19.115000000000002,-0.23473980189134264,-3.083402478281892e-05
19.12,-0.24972152930461833,-4.453496424136295e-05
19.125,-0.2694537838914542,-5.289935937765439e-05
19.13,-0.2921540996547961,-5.616242172082827e-05
19.135,-0.3157753946363838,-5.5064858485714605e-05
19.14,-0.3381884774515097,-5.003054658061262e-05
19.145,-0.3573718742471313,-4.144552075266851e-05
19.150000000000002,-0.3715920521590157,-2.996237887864793e-05
19.155,-0.3795579715389149,-1.6527948229665106e-05
19.16,-0.38053618792751753,-2.2917252605690903e-06
19.165,-0.3744162419164198,1.1511806974388972e-05
19.17,-0.3617205070995574,2.3685443327873897e-05
19.175,-0.3435576181253426,3.319169495714386e-05
19.18,-0.3215236309471484,3.9276636272631975e-05
19.185,-0.2975597272792369,4.15981817964678e-05
19.19,-0.27377914954361104,4.032260670656542e-05
19.195,-0.25227879583351165,3.600612084823006e-05
19.2,-0.23495227204701186,2.89998457158023e-05
19.205000000000002,-0.22332106843114574,1.8762515174983878e-05
19.21,-0.21839891190493155,4.4035451446465366e-06
19.215,-0.22060138775950847,-1.3389287214838892e-05
19.22,-0.22970888836611847,-3.1374540674508055e-05
19.225,-0.24488619218083216,-4.5543498041404634e-05
19.23,-0.2647569274899317,-5.3908223129215814e-05
19.235,-0.28752628211906794,-5.688810396486028e-05
19.240000000000002,-0.3111410189855566,-5.546452137186978e-05
19.245,-0.33347253139010624,-5.016135193861522e-05
19.25,-0.35250661784744397,-4.1373248066081794e-05
19.255,-0.36652305717944267,-2.974544089438895e-05
19.26,-0.3742489739457049,-1.622108224258049e-05
19.265,-0.37497232099598327,-1.947644343788227e-06
19.27,-0.36860536166607033,1.1844251346153479e-05
19.275000000000002,-0.35569249189476176,2.3965603158826306e-05
19.28,-0.3373617048851925,3.339461093003518e-05
19.285,-0.31522402545332634,3.940705710659583e-05
19.29,-0.2912298799427359,4.1716317628823896e-05
19.295,-0.26749520697132356,4.057473904496862e-05
19.3,-0.2461128120167847,3.6605681651682256e-05
19.305,-0.22896578442523655,3.0072874039627048e-05
19.31,-0.21755961155317738,2.0121320946315927e-05
19.315,-0.21288795781991246,5.530707426041301e-06
19.32,-0.21534407506944994,-1.3026346670266638e-05
19.325,-0.2246857424054797,-3.193231972517323e-05
19.330000000000002,-0.24005686127027775,-4.668084299919157e-05
19.335,-0.26006378046942297,-5.5079760909678316e-05
19.34,-0.2828995464241829,-5.7752546426366386e-05
19.345,-0.3065050011844745,-5.596688492200421e-05
19.35,-0.3287523655923732,-5.0368557245009653e-05
19.355,-0.34763494033379644,-4.136118177676676e-05
19.36,-0.361446012179353,-2.9578646859881032e-05
19.365000000000002,-0.3689310151208588,-1.595773707949077e-05
19.37,-0.3693993805556605,-1.6423367934358513e-06
19.375,-0.36278610457377336,1.2141931396272876e-05
19.38,-0.349657543347887,2.4215556642909546e-05
19.385,-0.3311609199413403,3.3574727808850047e-05
19.39,-0.3089220442284182,3.9530004208757796e-05
19.395,-0.284900364654843,4.186060410864562e-05
19.400000000000002,-0.26121427462373337,4.091945248792389e-05
19.405,-0.23995224822578304,3.739992623554681e-05
19.41,-0.22298664341062707,3.144431482786612e-05
19.415,-0.21180677288086924,2.1822286927593666e-05
19.42,-0.20738612518736343,6.947196230531235e-06
19.425,-0.21009557386028627,-1.2509544945169615e-05
19.43,-0.21967031237114332,-3.250512001973852e-05
19.435,-0.23523346282199098,-4.796570302913669e-05
19.44,-0.25537425354153065,-5.644385345014441e-05
19.445,-0.27827379570480737,-5.8784198775641866e-05
19.45,-0.3018672454268134,-5.659390251353201e-05
19.455000000000002,-0.3240278938525762,-5.0668630115747845e-05
19.46,-0.34275677278661487,-4.1422233255243595e-05
19.465,-0.35636087166988684,-2.947257436249471e-05
19.47,-0.363604077061741,-1.5746822422262008e-05
19.475,-0.36381737769515843,-1.38339707845708e-06
19.48,-0.3569585098307907,1.2398440754050689e-05
19.485,-0.34361572525874584,2.4430239758304198e-05
19.490000000000002,-0.324955346014125,3.372903343861201e-05
19.495,-0.30261778153840097,3.964645202555268e-05
19.5,-0.2785712788229747,4.204016203058379e-05
19.505,-0.2549364443653188,4.138017971685932e-05
19.51,-0.23379718259195353,3.8430175752589846e-05
19.515,-0.2170149064358517,3.316762433963485e-05
19.52,-0.20606258402770117,2.391802306292549e-05
19.525000000000002,-0.2018934169830912,8.694745613564358e-06
19.53,-0.2048558582048572,-1.1812933036189048e-05
19.535,-0.2146625457444751,-3.3088086113449615e-05
19.54,-0.23041592240816333,-4.941690077419592e-05
19.545,-0.2506882570048686,-5.8033855261079336e-05
19.55,-0.2736489329832306,-6.0016161872183595e-05
19.555,-0.2972276561045003,-5.737147024330895e-05
19.56,-0.31929903045618807,-5.1080997562870727e-05
19.565,-0.3378720470268083,-4.1571591325176154e-05
19.57,-0.351267591085813,-2.9439636922542526e-05
19.575,-0.3582681427901645,-1.5598771946856062e-05
19.580000000000002,-0.3582263245370325,-1.1796947340219878e-06
19.585,-0.3511226175796241,1.2606334386461648e-05
19.59,-0.33756710221090697,2.460384236652897e-05
19.595,-0.31874506637029965,3.3854255570289986e-05
19.6,-0.2963113319096007,3.9758069610168996e-05
19.605,-0.2722427198055139,4.226659445395307e-05
19.61,-0.2486618077066363,4.198534105457282e-05
19.615000000000002,-0.22764769261947926,3.974447673975797e-05
19.62,-0.2110506300888398,3.5302128360195196e-05
19.625,-0.20032707562026963,2.6464413126521002e-05
19.63,-0.19640983514188332,1.081704118845092e-05
19.635,-0.19962490117363596,-1.0907680716737868e-05
19.64,-0.2096623891325504,-3.367285230682773e-05
19.645,-0.22560416493266178,-5.105221594770961e-05
19.650000000000002,-0.2460057007552627,-5.988614955647414e-05
19.655,-0.2690248611803929,-6.148646883452375e-05
19.66,-0.2925861378186564,-5.832987722634051e-05
19.665,-0.31456569018978026,-5.16284018023712e-05
19.67,-0.33298069562352195,-4.182698082060724e-05
19.675,-0.3461661267905977,-2.9494280454417298e-05
19.68,-0.35292319635433467,-1.552569725466198e-05
19.685,-0.35262623423639544,-1.0414927234259323e-06
19.69,-0.3452784689094504,1.2757049319154075e-05
19.695,-0.331511739564352,2.4729787305133644e-05
19.7,-0.3125301648134999,3.3946949299848416e-05
19.705000000000002,-0.2900027901178012,3.986751449840571e-05
19.71,-0.265914784900738,4.2554590774775684e-05
19.715,-0.242390455793914,4.276913601543758e-05
19.72,-0.22150385517640703,4.139797030349817e-05
19.725,-0.20509387010630484,3.791229675014841e-05
19.73,-0.19460027729480653,2.951896672168362e-05
19.735,-0.19093538055728715,1.3358156694767115e-05
19.740000000000002,-0.19440267483780996,-9.76253508753546e-06
19.745,-0.20466978827416568,-3.4246560236022494e-05
19.75,-0.22079811463956933,-5.288677870441316e-05
19.755,-0.24132649429599834,-6.203924179273599e-05
19.76,-0.26440148312699735,-6.32381387903645e-05
19.765,-0.28794259539051664,-5.950418575383456e-05
19.77,-0.3098277883506968,-5.233722251120804e-05
19.775000000000002,-0.32808265190180613,-4.220888983467205e-05
19.78,-0.3410564360814002,-2.9653148828204608e-05
19.785,-0.34756922283067393,-1.5541511668164902e-05
19.79,-0.34701712097942083,-9.805353064794623e-07
19.795,-0.3394261058514497,1.2840859059881073e-05
19.8,-0.3254497034479945,2.4800752312213766e-05
19.805,-0.30631072567465106,3.400364757244504e-05
19.81,-0.2836922511774844,3.9978822748042115e-05
19.815,-0.25958757133575544,4.292264260768386e-05
19.82,-0.23612247939861813,4.377234297758907e-05
19.825,-0.21536574648584897,4.34529633214015e-05
19.830000000000002,-0.19914468136740732,4.106636675437315e-05
19.835,-0.18888221769380828,3.313838656426302e-05
19.84,-0.1854700530815066,1.636031519819427e-05
19.845,-0.18918915027247818,-8.344701177702418e-06
19.85,-0.19968468804610023,-3.4790873149760675e-05
19.855,-0.21599769512179978,-5.493097934310072e-05
19.86,-0.23665054674817768,-6.453224444201525e-05
19.865000000000002,-0.25977870157463206,-6.531887256586306e-05
19.87,-0.2832969338722531,-6.093447189821211e-05
19.875,-0.30508524075668764,-5.323772610610659e-05
19.88,-0.32317784995024884,-4.274073557439551e-05
19.885,-0.33593847719395936,-2.9935192891137427e-05
19.89,-0.3422062083255185,-1.5662001323236138e-05
19.895,-0.34139899998173107,-1.0100848916562051e-06
19.900000000000002,-0.3335655713739951,1.2846881325119675e-05
19.905,-0.3193810607521091,2.4808754921909453e-05
19.91,-0.30008683380237766,3.402109692781586e-05
19.915,-0.27737981033102577,4.009791708303153e-05
19.92,-0.2532611762553757,4.339387424961168e-05
19.925,-0.22985796890706264,4.5043065678811384e-05
19.93,-0.20923344211731537,4.59785513845261e-05
19.935,-0.1932031178875136,4.483413741161629e-05
19.94,-0.18317292446275596,3.737522890649182e-05
19.945,-0.1800138515254197,1.9860894307906216e-05
19.95,-0.18398429755994214,-6.621255463911172e-06
19.955000000000002,-0.1947070324693757,-3.528111503838982e-05
19.96,-0.2112028293298426,-5.718790748316016e-05
19.965,-0.23197776686112223,-6.74026078467573e-05
19.97,-0.25515641920682947,-6.77802284470108e-05
19.975,-0.2786490585577733,-6.266583320741719e-05
19.98,-0.30033796375554406,-5.436419019693046e-05
19.985,-0.31826622462851895,-4.3448930748376356e-05
19.990000000000002,-0.33081220930734256,-3.0361690974818388e-05
19.995,-0.33683413997669737,-1.5904815617119567e-05
20.0,-0.3357718874866563,-1.1448826139335364e-06
20.005,-0.3276969093777329,1.2763163015214942e-05
20.01,-0.3133058791207248,2.4745324586894954e-05
20.015,-0.2938585745533556,3.399660420786007e-05
20.02,-0.2710655630377923,4.0233255409489205e-05
20.025000000000002,-0.24693569671098942,4.39969796577203e-05
20.03,-0.22359701431013163,4.663733579079017e-05
20.035,-0.20310701697813474,4.9049611681608696e-05
20.04,-0.1872692328120118,4.928376303002826e-05
20.045,-0.17747242424695153,4.227358814239284e-05
20.05,-0.1745667736587147,2.388865796384122e-05
20.055,-0.17878808579310723,-4.5611802900504085e-06
20.06,-0.18973676471561024,-3.568570963323224e-05
20.065,-0.20641343958058256,-5.965041431782323e-05
20.07,-0.2273080630227506,-7.068298316165669e-05
20.075,-0.25053453865013314,-7.067609295824799e-05
20.080000000000002,-0.27399887499356035,-6.474804503438629e-05
20.085,-0.29558587423467386,-5.575483890022477e-05
20.09,-0.31334771157477354,-4.436280544247257e-05
20.095,-0.32567759254858897,-3.0956143710996025e-05
20.1,-0.33145300595501365,-1.6289344743808058e-05
20.105,-0.330135800763374,-1.4010035996329096e-06
20.11,-0.3218201646905898,1.2576869835796459e-05
20.115000000000002,-0.3072242269439335,2.460178947233867e-05
20.12,-0.287626033782542,3.3928522142008434e-05
20.125,-0.2647496049632152,4.0396639317349905e-05
20.13,-0.2406112296495326,4.476724073133973e-05
20.135,-0.21733970519304535,4.8619444841716444e-05
20.14,-0.19698654530480977,5.274495891333274e-05
20.145,-0.18134307841022898,5.447740817947686e-05
20.150000000000002,-0.17178074268848909,4.7863830815609525e-05
20.155,-0.16912881621014364,2.8459299366152524e-05
20.16,-0.17360048307901932,-2.1380532052036846e-06
20.165,-0.18477382711356524,-3.5966131463792544e-05
20.17,-0.2016294475661348,-6.22979999560847e-05
20.175,-0.22264134326999624,-7.439717620042177e-05
20.18,-0.24591296248524366,-7.406025740667161e-05
20.185,-0.2693462889894839,-6.723472485476788e-05
20.19,-0.2908288896305521,-5.745151414383932e-05
20.195,-0.3084222472129781,-4.551433527612446e-05
20.2,-0.32053458799727425,-3.1744003514417564e-05
20.205000000000002,-0.3260627954655843,-1.6836450164633844e-05
20.21,-0.3244907581049441,-1.7955762840483666e-06
20.215,-0.31593538306267654,1.2274609407832568e-05
20.22,-0.30113617335006226,2.4369706548172233e-05
20.225,-0.28138929783334676,3.381690135645164e-05
20.23,-0.25843203196791137,4.060419490339882e-05
20.235,-0.23428787190246184,4.574757655080755e-05
20.240000000000002,-0.21108613072510557,5.106183768266541e-05
20.245,-0.19087210065465754,5.7144447154904894e-05
20.25,-0.17542470606948846,6.046570175461394e-05
20.255,-0.1660979044233381,5.415654553613412e-05
20.26,-0.16369997486789506,3.3570521749298055e-05
20.265,-0.16842145654251583,6.666659136759402e-07
20.27,-0.17981816115569427,-3.607759378572585e-05
20.275000000000002,-0.19685077436274961,-6.509385512082648e-05
20.28,-0.21797751529933349,-7.855527554297918e-05
20.285,-0.24129159325816887,-7.798294010497405e-05
20.29,-0.26469120662951134,-7.0181851063527e-05
20.295,-0.2860669279381109,-5.949900218894859e-05
20.3,-0.3034897687601844,-4.6937627524165756e-05
20.305,-0.31538315768996417,-3.275220136366164e-05
20.31,-0.32066349874907607,-1.7568016148682362e-05
20.315,-0.31883677882623074,-2.3463372491493215e-06
20.32,-0.3100426111610515,1.1842914780332172e-05
20.325,-0.2950417881977594,2.4041461465235753e-05
20.330000000000002,-0.27514845352781386,3.366433193996672e-05
20.335,-0.2521129400967826,4.087752445393956e-05
20.34,-0.22796572017467034,4.6989538761675864e-05
20.345,-0.20483637964948836,5.404435714798981e-05
20.35,-0.18476375589732172,6.232481689126432e-05
20.355,-0.1695141662892655,6.728105400015805e-05
20.36,-0.16042393307852248,6.11360623425751e-05
20.365000000000002,-0.15828024428008847,3.919705734284196e-05
20.37,-0.1632509723299657,3.859934578954283e-06
20.375,-0.1748697075047962,-3.5970669627465954e-05
20.38,-0.19207734043984542,-6.79825121826335e-05
20.385,-0.21331648647734291,-8.314821645564907e-05
20.39,-0.23667033349130676,-8.248617227349824e-05
20.395,-0.26003353428238885,-7.364548802163193e-05
20.400000000000002,-0.2812999077201267,-6.19439366757944e-05
20.405,-0.29855021423371525,-4.866812519338607e-05
20.41,-0.3102232646245313,-3.400844260182769e-05
20.415,-0.3152551070828141,-1.8506298770532425e-05
20.42,-0.31317388326169143,-3.0710004105670525e-06
20.425,-0.30414189656437773,1.1268908551018197e-05
20.43,-0.2889411420680498,2.361105786683018e-05
20.435,-0.2689035881567488,3.347698767916082e-05
20.44,-0.24579242556802167,4.1245005335161494e-05
20.445,-0.2216448710334183,4.85541241528955e-05
20.45,-0.19859054027315362,5.76525922179138e-05
20.455000000000002,-0.17866158320650066,6.83541431480389e-05
20.46,-0.1636115086754058,7.493008371999257e-05
20.465,-0.1547588512694164,6.875411414036841e-05
20.47,-0.15286961805538404,4.5286207513471575e-05
20.475,-0.15808899561311834,7.4333504713242115e-06
20.48,-0.16992840600080628,-3.559395869083167e-05
20.485,-0.18730906566911254,-7.088865252235852e-05
20.490000000000002,-0.20865816385124616,-8.814226121908129e-05
20.495,-0.2320490856945127,-8.759810495161247e-05
20.5,-0.2553731786123582,-7.767860291040796e-05
20.505,-0.2765277481165408,-6.483321302220259e-05
20.51,-0.2936035224582133,-5.074150660222855e-05
20.515,-0.30505487276436405,-3.554026099570232e-05
20.52,-0.30983761278178135,-1.9673064359248924e-05
20.525000000000002,-0.3075020927630483,-3.986433203247695e-06
20.53,-0.29823328775751196,1.0541155231600074e-05
20.535,-0.28283430625631006,2.307510317508812e-05
20.54,-0.2626547894697271,3.326586913072045e-05
20.545,-0.2394705847620983,4.174318045461345e-05
20.55,-0.2153254208973517,5.051222316360602e-05
20.555,-0.19234870045680252,6.197506034143538e-05
20.56,-0.172565654051752,7.528485216752771e-05
20.565,-0.15771678193444794,8.338563898488299e-05
20.57,-0.14910268059717408,7.692443375585385e-05
20.575,-0.14746808876370887,5.175464053033989e-05
20.580000000000002,-0.15293549059308936,1.1359782595200941e-05
20.585,-0.1649941956676823,-3.489777008371775e-05
20.59,-0.1825458693336261,-7.371763550057882e-05
20.595,-0.20400245415947643,-9.347410326115256e-05
20.6,-0.22742775237633098,-9.332649719041839e-05
20.605,-0.2507100465898401,-8.232693204707914e-05
20.61,-0.27175036885365444,-6.82118767518803e-05
20.615000000000002,-0.2886496330725985,-5.319228527737644e-05
20.62,-0.2998779470424922,-3.737384657485901e-05
20.625,-0.3044110091994966,-2.1088532661665595e-05
20.63,-0.30182142969685954,-5.107652947999316e-06
20.635,-0.2923168341259921,9.650690824507158e-06
20.64,-0.27672135276410736,2.2433979160098017e-05
20.645,-0.25640214566504904,3.304821720184512e-05
20.650000000000002,-0.23314751421079913,4.241814256628731e-05
20.655,-0.20900746602553857,5.2944466932193804e-05
20.66,-0.18611094760482003,6.709896312168532e-05
20.665,-0.16647603919025833,8.314545177015844e-05
20.67,-0.15183003386808547,9.25791635707109e-05
20.675,-0.14345544164627247,8.55192545643685e-05
20.68,-0.1420756479371062,5.8487256512099414e-05
20.685,-0.1477904205044583,1.5591002595518513e-05
20.69,-0.16006701472034007,-3.38386006961348e-05
20.695,-0.17778767013702484,-7.635822049688353e-05
20.7,-0.199349263842353,-9.904748267177993e-05
20.705000000000002,-0.22280623605504452,-9.965189705528529e-05
20.71,-0.24604404550201328,-8.762397040988759e-05
20.715,-0.26696769025325834,-7.212049135940827e-05
20.72,-0.2836884865369778,-5.605215007210848e-05
20.725,-0.29469245336559946,-3.95326960229309e-05
20.73,-0.29897529072876977,-2.2770169410277097e-05
20.735,-0.2961319174419771,-6.446682508526451e-06
20.740000000000002,-0.2863925859503849,8.592194953098734e-06
20.745,-0.27060235429095714,2.1693161638147437e-05
20.75,-0.2501457453797101,3.284903740992559e-05
20.755,-0.22682331058625071,4.3326763971605506e-05
20.76,-0.20269110250644956,5.594018375931451e-05
20.765,-0.17987736865527007,7.310431092623991e-05
20.77,-0.16039280865879538,9.19313671424873e-05
20.775000000000002,-0.14595131136773082,0.00010239442281344774
20.78,-0.137817153982154,9.436874813257076e-05
20.785,-0.13669228607070527,6.533886736930122e-05
20.79,-0.14265374761945132,2.0056925182375612e-05
20.795,-0.1551468005716792,-3.2383983146578896e-05
20.8,-0.17303438621281572,-7.868772524172636e-05
20.805,-0.19469849905279032,-0.00010473226571906517
20.81,-0.2181844392698336,-0.00010652128776115954
20.815,-0.24137508296335858,-9.358531520225753e-05
20.82,-0.2621796332417534,-7.659204788621133e-05
20.825,-0.27872002413945945,-5.934812346497381e-05
20.830000000000002,-0.2894983586179001,-4.2036170026991356e-05
20.835,-0.293530452802341,-2.473140470774588e-05
20.84,-0.29043358038687134,-8.011332325151601e-06
20.845,-0.2804605944005295,7.365245224959698e-06
20.85,-0.26447738422606965,2.0864626902562985e-05
20.855,-0.24388567767932187,3.2702638557852116e-05
20.86,-0.22049807068985378,4.453756769450254e-05
20.865000000000002,-0.19637642624695914,5.959514102982268e-05
20.87,-0.17364805007001005,8.005633427370985e-05
20.875,-0.15431603176576705,0.0001015955765977395
20.88,-0.14008066040914652,0.00011266379511536552
20.885,-0.13218783614898755,0.00010326432385729313
20.89,-0.1313179926238035,7.21392015169819e-05
20.895,-0.1375254332522307,2.4666954776665973e-05
20.900000000000002,-0.15023348983974577,-3.0517104533554697e-05
20.905,-0.16828593513374515,-8.057951014806027e-05
20.91,-0.190050065666971,-0.00011036682551621368
20.915,-0.21356226459184102,-0.0001138431795840137
20.92,-0.23670306692623344,-0.00010020277634882651
20.925,-0.25738611935920064,-8.164854321900935e-05
20.93,-0.27374418800282896,-6.310064928096104e-05
20.935,-0.2842956306649058,-4.48980726329512e-05
20.94,-0.2880764918934041,-2.6980381424759665e-05
20.945,-0.28472644392683805,-9.80400058261738e-06
20.95,-0.2745209115297176,5.975570452880333e-06
20.955000000000002,-0.25834651663994934,1.9968256910956843e-05
20.96,-0.23762203204791726,3.2654051789300214e-05
20.965,-0.21417189144120247,4.613098255157601e-05
20.97,-0.19006353296144013,6.400774726707099e-05
20.975,-0.16742307782485832,8.799630187613213e-05
20.98,-0.14824577708327127,0.00011204006611190799
20.985,-0.13421812604718303,0.00012316838257309844
20.990000000000002,-0.12656750566756086,0.0001119663851597769
20.995,-0.12595275602106215,7.870132101977712e-05
21.0,-0.13240543776332175,2.931367963013615e-05
21.005,-0.14532701835498796,-2.82405128632243e-05
21.01,-0.163542233921173,-8.191225004715229e-05
21.015,-0.18540386929504932,-0.00011576422791834343
21.02,-0.20893961463532396,-0.00012148520894456034
21.025000000000002,-0.2320279056914075,-0.00010743884303166421
21.03,-0.2525870707682435,-8.729741852585946e-05
21.035,-0.26876092109113203,-6.732174028235889e-05
21.04,-0.279084238357105,-4.8125384175517723e-05
21.045,-0.2826134055160085,-2.951885390579414e-05
21.05,-0.2790105344611098,-1.1820598033052021e-05
21.055,-0.26857359026877575,4.436204574232984e-06
21.06,-0.252209826276,1.903313561510891e-05
21.065,-0.2313548983777071,3.276016150067965e-05
21.07,-0.2078448698670628,4.819868175331429e-05
21.075,-0.183752518160879,6.927343995918547e-05
21.080000000000002,-0.16120253739975215,9.693114968203837e-05
21.085,-0.14218211243925094,0.00012310940689489393
21.09,-0.12836375241065656,0.00013364302029130116
21.095,-0.12095617903328752,0.00012021657756168533
21.1,-0.12059656365383964,8.483297633324344e-05
21.105,-0.12729372056415092,3.387877996356202e-05
21.11,-0.14042732116755416,-2.5578275446572084e-05
21.115000000000002,-0.15880319905450896,-8.258004061539497e-05
21.12,-0.180759815291955,-0.0001207221924435136
21.125,-0.20431639206880092,-0.00012927519203960127
21.13,-0.22734950791849073,-0.00011522222316264605
21.135,-0.24778241026296013,-9.352810233608709e-05
21.14,-0.2637701672162035,-7.201331288235336e-05
21.145,-0.2738641515335265,-5.1717273076765525e-05
21.150000000000002,-0.27714119222534184,-3.23413542327117e-05
21.155,-0.2732858793898555,-1.4049702587143995e-05
21.16,-0.2626186844200069,2.7684418490608637e-06
21.165,-0.24606738854191304,1.8098619442311184e-05
21.17,-0.22508436695885758,3.309035301317736e-05
21.175,-0.20151710309033982,5.0841683522630155e-05
21.18,-0.17744347714194286,7.547710609698293e-05
21.185,-0.1549865137689637,0.00010682267598679582
21.19,-0.13612510490978202,0.00013458792449337343
21.195,-0.12251758269733024,0.00014378681816240035
21.2,-0.11535387171431763,0.00012775383146191978
21.205000000000002,-0.11524940188162378,9.034982177713392e-05
21.21,-0.12219024012166232,3.824059362735777e-05
21.215,-0.13553433255467878,-2.2576145485627982e-05
21.22,-0.15406874648077173,-8.25020948894687e-05
21.225,-0.17611780876822666,-0.00012503614571696226
21.23,-0.19969249962612007,-0.00013700623963248487
21.235,-0.22266778263632103,-0.00012344520699413827
21.240000000000002,-0.24297206127770138,-0.00010030893394965805
21.245,-0.25877187104409805,-7.716580665073831e-05
21.25,-0.2686353410251693,-5.566447755763027e-05
21.255,-0.27165985161789524,-3.543471642922462e-05
21.26,-0.26755250711104434,-1.6472027417564202e-05
21.265,-0.25665624865103054,1.0025091130254445e-06
21.27,-0.23991927950110553,1.7215068005448705e-05
21.275000000000002,-0.21881052846922353,3.372646664894332e-05
21.28,-0.1951886883189598,5.41669039849733e-05
21.285,-0.17113650497607108,8.268358642124965e-05
21.29,-0.14877509139143716,0.00011757743312157618
21.295,-0.13007482081144517,0.00014620187966620787
21.3,-0.11667965916896814,0.0001532791541465786
21.305,-0.10976059814976775,0.00013433272196044634
21.31,-0.10991125603357978,9.508891672812904e-05
21.315,-0.11709495396304061,4.228241529322288e-05
21.32,-0.13064798602820407,-1.9299599862582512e-05
21.325,-0.14933879162421018,-8.163070991985537e-05
21.330000000000002,-0.17147775460080295,-0.0001285140551120638
21.335,-0.19506784011752124,-0.00014444599890005446
21.34,-0.2179826392533772,-0.0001319635136022863
21.345,-0.23815594789585343,-0.00010758474493490825
21.35,-0.2537659781013718,-8.275713364557037e-05
21.355,-0.26339777865832054,-5.9949087347925935e-05
21.36,-0.2661693843315104,-3.8777998792059514e-05
21.365000000000002,-0.2618104470171939,-1.9060245699566934e-05
21.37,-0.2506863384885658,-8.220986370576314e-07
21.375,-0.2337655758640716,1.6444135224112768e-05
21.38,-0.21253347396396868,3.4761845157118906e-05
21.385,-0.18885972283474317,5.8281907810605124e-05
21.39,-0.16483169649866466,9.092660246290726e-05
21.395,-0.14256835420118458,0.00012903877749055205
21.400000000000002,-0.12403132569373389,0.00015762774435856044
21.405,-0.11085002314649849,0.00016180013358511235
21.41,-0.10417637174808012,0.00013974201847624532
21.415,-0.10458211041024376,9.892069245625945e-05
21.42,-0.11200781868057116,4.5900400907829996e-05
21.425,-0.12576821434219088,-1.5829964136930303e-05
21.43,-0.14461324939592216,-7.99563702799819e-05
21.435,-0.16683955744384002,-0.0001309912850368243
21.44,-0.19044231644075976,-0.00015134944023489444
21.445,-0.21329398756814785,-0.00014059905283048422
21.45,-0.23333399485847098,-0.0001152753483648113
21.455000000000002,-0.24875243478131856,-8.875193877359101e-05
21.46,-0.2581514372577813,-6.454467713063651e-05
21.465,-0.260669792045305,-4.234277795965078e-05
21.47,-0.25605972949202743,-2.1779161479926357e-05
21.475,-0.24470901031211817,-2.656633313443107e-06
21.48,-0.22760635497960202,1.5858540674089958e-05
21.485,-0.20625329486514263,3.629927047613684e-05
21.490000000000002,-0.18253030398234193,6.328770956984439e-05
21.495,-0.1585291462983193,0.00010019680219156375
21.5,-0.1363663855976775,0.00014098273620512063
21.505,-0.11799468433155169,0.00016850700028025537
21.51,-0.10502871500531592,0.00016905359447448768
21.515,-0.0986012048854975,0.00014382096769110895
21.52,-0.09926194828529024,0.00010175767723470692
21.525000000000002,-0.1069287899366095,4.9009981096154775e-05
21.53,-0.12089494950056698,-1.2259152098057367e-05
21.535,-0.13989203420353036,-7.750927823810388e-05
21.54,-0.16220312173962464,-0.0001323435891244974
21.545,-0.18581583159222118,-0.00015747399238417903
21.55,-0.2086017377793889,-0.00014914570333842737
21.555,-0.22850612757283637,-0.00012327513315703428
21.56,-0.24373118835004584,-9.510109595798155e-05
21.565,-0.25289629064997565,-6.941666426257367e-05
21.57,-0.25516107747948114,-4.6093718122884475e-05
21.575,-0.25030038590701964,-2.4586160576753325e-05
21.580000000000002,-0.23872432134752636,-4.443434721890624e-06
21.585,-0.2214416948259295,1.5541257604444624e-05
21.59,-0.19997008295128443,3.844760519813629e-05
21.595,-0.17620052915817028,6.926964483113142e-05
21.6,-0.1522289487059099,0.00011043000928081449
21.605,-0.13016926843630042,0.00015311931342712042
21.61,-0.11196496071784723,0.0001784669571968913
21.615000000000002,-0.09921577417068944,0.00017478998973372402
21.62,-0.09303510890464507,0.00014647098408599834
21.625,-0.09395075190746148,0.00010355875755723592
21.63,-0.10185782246862408,5.1549962198353665e-05
21.635,-0.11602812276485917,-8.683739621237744e-06
21.64,-0.135175059960979,-7.435716578270678e-05
21.645,-0.15756835172951222,-0.00013249659042205946
21.650000000000002,-0.18118828867795256,-0.00016259539662463187
21.655,-0.20390580049633636,-0.00015737782897920407
21.66,-0.22367227212099822,-0.00013145389578612411
21.665,-0.23870218695255038,-0.00010174133635545353
21.67,-0.2476323136659266,-7.452270353083952e-05
21.675,-0.24964324439501773,-4.9989260705367984e-05
21.68,-0.24453244861780654,-2.743183121776552e-05
21.685,-0.23273232966041096,-6.116546945929625e-06
21.69,-0.21527167400186079,1.5584058790681997e-05
21.695,-0.1936839303469863,4.1316984579967735e-05
21.7,-0.16987049579925576,7.62865576263632e-05
21.705000000000002,-0.14593119778396849,0.0001214971242591158
21.71,-0.1239770850189299,0.00016510051422676046
21.715,-0.10594221805633654,0.00018714601608166442
21.72,-0.09341123911324849,0.00017882613294037755
21.725,-0.08747809411323273,0.00014766104502684935
21.73,-0.08864850250258456,0.00010432851667718515
21.735,-0.09679487009434347,5.348394348958141e-05
21.740000000000002,-0.11116766466206014,-5.199126184175839e-06
21.745,-0.1304622400983876,-7.059981734401828e-05
21.75,-0.15293515146481643,-0.0001314306581897228
21.755,-0.17655959092468154,-0.00016652250691745116
21.76,-0.19920608674893847,-0.00016506090566814857
21.765,-0.2188323552682312,-0.00013965897618191153
21.77,-0.23366537961860426,-0.00010859491988145491
21.775000000000002,-0.24235948214411962,-7.981290997782867e-05
21.78,-0.2441162975932401,-5.398224857738923e-05
21.785,-0.23875595096048036,-3.026062332220604e-05
21.79,-0.2267330941495708,-7.602556973649936e-06
21.795,-0.20909637171783965,1.608534871804879e-05
21.8,-0.18739492951234865,4.5012452458551374e-05
21.805,-0.16354030137208594,8.435883746128498e-05
21.81,-0.13963598731583024,0.00013319738540716874
21.815,-0.11778991708457495,0.00017653567730859237
21.82,-0.0999265187542675,0.00019422079869817636
21.825,-0.08761514734457977,0.0001810590055752391
21.830000000000002,-0.08193016978288423,0.00014742609737546553
21.835,-0.08335518027570579,0.00010411205049439298
21.84,-0.09173988571704123,5.479918165503376e-05
21.845,-0.10631350499258121,-1.894421593887926e-06
21.85,-0.12575348757189647,-6.636118367501077e-05
21.855,-0.148303424817721,-0.0001291808264954114
21.86,-0.17192964169089317,-0.00016910943761348754
21.865000000000002,-0.1945025079980389,-0.00017196337669875692
21.87,-0.21398630447136424,-0.00014771870711863968
21.875,-0.22862071626855235,-0.00011556932454613524
21.88,-0.23707777293326865,-8.522972887280972e-05
21.885,-0.23858024291526925,-5.802030414950047e-05
21.89,-0.23297092724779825,-3.3011425195946255e-05
21.895,-0.2207266745402861,-8.821627954785883e-06
21.900000000000002,-0.20291586778688026,1.7147181881833244e-05
21.905,-0.18110317323239597,4.962601182891543e-05
21.91,-0.1572100433615247,9.345617235206194e-05
21.915,-0.1333434107949865,0.00014525676473904186
21.92,-0.11160784580001998,0.00018701372317386436
21.925,-0.09391792441527685,0.0001994318748839032
21.93,-0.08182753541296302,0.00018147161474123204
21.935,-0.07639134414808224,0.00014585895623752296
21.94,-0.07807076441335527,0.00010298640060489464
21.945,-0.08669282133092693,5.5503455760795844e-05
21.95,-0.10146557283823626,1.151519365973239e-06
21.955000000000002,-0.12104871487354851,-6.17802105946131e-05
21.96,-0.14367307549228212,-0.00012583213876406142
21.965,-0.16729834447789158,-0.00017026389756629826
21.97,-0.1897949761454451,-0.0001778687360644655
21.975,-0.20913404788703074,-0.00015544713722195604
21.98,-0.2235681477190452,-0.00012255703002297377
21.985,-0.23178716389496518,-9.070735111150705e-05
21.990000000000002,-0.23303508724135724,-6.204582514997242e-05
21.995,-0.22717741276528158,-3.561797773207458e-05
22.0,-0.21471313137748277,-9.6887512002869e-06
22.005,-0.19673024261543035,1.8871332553266886e-05
22.01,-0.1748087546065255,5.522718678893038e-05
22.015,-0.15087981925972718,0.00010348623655514273
22.02,-0.12705356141446958,0.00015733306626627668
22.025000000000002,-0.10543095175053417,0.00019613077088750014
22.03,-0.08791649583238553,0.00020260465632648616
22.035,-0.07604843889921405,0.0001801301282528484
22.04,-0.0708616244052244,0.00014309723444860288
22.045,-0.07279523308592967,0.00010105019009526038
22.05,-0.08165362802660707,5.562073058085941e-05
22.055,-0.09662379657030609,3.872737104392253e-06
22.06,-0.11634783404137095,-5.700151953482437e-05
22.065,-0.13904400703545092,-0.000121511384716806
22.07,-0.16266560294077378,-0.00016995113244450626
22.075,-0.18508340354394767,-0.0001825868604478031
22.080000000000002,-0.20427551437989247,-0.00016264993924868364
22.085,-0.21850762568866766,-0.00012943558979245905
22.09,-0.22648763390619475,-9.617069326499292e-05
22.095,-0.22748083849010572,-6.599554130851271e-05
22.1,-0.22137544376717738,-3.800911376576484e-05
22.105,-0.2086925260188006,-1.0115309892337019e-05
22.11,-0.1905395771942276,2.1354260206651096e-05
22.115000000000002,-0.16851176703792078,6.185238660560307e-05
22.12,-0.1445497265549798,0.00011428585308223974
22.125,-0.12076653205611573,0.0001690287538111893
22.13,-0.09925931493070851,0.0002035204621511151
22.135,-0.0819222929810854,0.00020366250503387368
22.14,-0.07027789241261073,0.00017717293506546708
22.145,-0.06534101671180036,0.00013930753646537684
22.150000000000002,-0.06752856345017631,9.841311975413531e-05
22.155,-0.07662225599664614,5.51864512147037e-05
22.16,-0.09178810385773642,6.2175202966442e-06
22.165,-0.11165075666934518,-5.216689880063996e-05
22.17,-0.13441612284804233,-0.00011637652617058636
22.175,-0.1580313208993864,-0.0001681934901957417
22.18,-0.1803677030073529,-0.00018596374398243591
22.185,-0.19941063353078112,-0.00016913135596630894
22.19,-0.2134391028034287,-0.0001360682894754292
22.195,-0.22117916286174066,-0.00010153410608232478
22.2,-0.22191750561756046,-6.979968053729327e-05
22.205000000000002,-0.21556505747230748,-4.0108894935048624e-05
22.21,-0.20266492062761574,-1.0011119033069015e-05
22.215,-0.18434395308909005,2.468083211341456e-05
22.22,-0.1622123042228602,6.949363676140433e-05
22.225,-0.13821986272054076,0.000125616387747031
22.23,-0.11448241528002068,0.00017991166119612652
22.235,-0.09309301473535857,0.0002088835052833647
22.240000000000002,-0.07593537501247274,0.0002026301893022199
22.245,-0.06451592958693213,0.00017279355968584167
22.25,-0.05982952618569255,0.00013466934432660553
22.255,-0.06227073165178999,9.51867141722964e-05
22.26,-0.0715986545412667,5.424316160867549e-05
22.265,-0.08695842167541756,8.14865927692246e-06
22.27,-0.10695739391752687,-4.740827082768562e-05
22.275000000000002,-0.1297893261957204,-0.00011060516980408516
22.28,-0.15339540234933474,-0.00016506611622960445
22.285,-0.17564778782046134,-0.0001878889928671491
22.29,-0.19453933564470582,-0.00017470195692533837
22.295,-0.2083625326021501,-0.00014230574643255535
22.3,-0.21586173167648584,-0.00010670012011321936
22.305,-0.21634509861618473,-7.338091304169953e-05
22.31,-0.2097462920598424,-4.183680970764434e-05
22.315,-0.1966303781659725,-9.287162855833502e-06
22.32,-0.17814345243158025,2.8916747289967173e-05
22.325,-0.15591046013999155,7.808758960070128e-05
22.330000000000002,-0.13189032520355634,0.00013716515029781268
22.335,-0.10820130331401401,0.00018954260239389926
22.34,-0.08693212995043581,0.00021201264610825688
22.345,-0.06995580024647811,0.0001996273135862819
22.35,-0.05876258307663494,0.00016722021187120367
22.355,-0.054327156904594096,0.00012936072353418352
22.36,-0.05702171282814229,9.147722020153762e-05
22.365000000000002,-0.06658277207415322,5.2836900126084556e-05
22.37,-0.08213467631248955,9.642862645061714e-06
22.375,-0.10226765652213193,-4.2842474615470474e-05
22.38,-0.12516352022007055,-0.00010438328788478239
22.385,-0.14875775147297118,-0.00016068961189564084
22.39,-0.17092357174892944,-0.00018830066749106012
22.395,-0.18966155175877986,-0.0001791868806907791
22.400000000000002,-0.20327786954178492,-0.00014798879318052508
22.405,-0.21053532228759606,-0.00011155865686805999
22.41,-0.2107636285137223,-7.665336319267561e-05
22.415,-0.2039191866649323,-4.3108283258525076e-05
22.42,-0.19058896238737688,-7.859273771267463e-06
22.425,-0.17193815790960287,3.409977684789958e-05
22.43,-0.14960632903964477,8.75061133802439e-05
22.435,-0.12556121141397933,0.000148554303526074
22.44,-0.10192328804310162,0.00019750766289123345
22.445,-0.08077673874400935,0.00021280963354459062
22.45,-0.0639836261652354,0.00019485293726608844
22.455000000000002,-0.0530178845531451,0.0001606950103511642
22.46,-0.04883391190554026,0.00012354731923329768
22.465,-0.051781481111128014,8.73810114714413e-05
22.47,-0.06157455612831958,5.101457046883558e-05
22.475,-0.07731679338072436,1.0689614107557902e-05
22.48,-0.09758145480575348,-3.8567911019680394e-05
22.485,-0.12053860794968627,-9.789509681607371e-05
22.490000000000002,-0.14411827265029192,-0.0001552206407715439
22.495,-0.16619496904907638,-0.00018718728752037479
22.5,-0.1847772136501148,-0.00018243413030965693
22.505,-0.1981850690026295,-0.00015295289313550577
22.51,-0.20519991765657342,-0.00011598720362992022
22.515,-0.20517310737194483,-7.952208672047644e-05
22.52,-0.19808378137427118,-4.383582039338669e-05
22.525000000000002,-0.1845407378294979,-5.652966390117133e-06
22.53,-0.16572815275800168,4.0230206429489184e-05
22.535,-0.14330000543311483,9.755011206382466e-05
22.54,-0.1192326187134188,0.00015935814281663698
22.545,-0.09564846099894816,0.00020345184793961707
22.55,-0.0746269186573782,0.00021129177722009813
22.555,-0.058018909406544514,0.0001885639317807201
22.56,-0.047281864701208556,0.0001534555771411929
22.565,-0.04334979318456153,0.00011737530495018679
22.57,-0.04655000963010819,8.298237945001198e-05
22.575,-0.056573953362074964,4.882227862105968e-05
22.580000000000002,-0.0725046978230397,1.1289720171772091e-05
22.585,-0.09289869868762679,-3.466288144008946e-05
22.59,-0.11591449231119667,-9.131466597266817e-05
22.595,-0.13947687046981097,-0.00014884146859096045
22.6,-0.16146189447769888,-0.00018458702373664037
22.605,-0.17988625384362855,-0.00018432239626797997
22.61,-0.19308408729339702,-0.00015703416567018345
22.615000000000002,-0.19985550177119515,-0.00011985244733547619
22.62,-0.1995735482852719,-8.18834853380874e-05
22.625,-0.19224011722147813,-4.3931140614566645e-05
22.63,-0.17848576980682812,-2.609536988925116e-06
22.635,-0.15951352074909486,4.7261228619473735e-05
22.64,-0.1369915840818433,0.00010794844262408749
22.645,-0.11290464440399536,0.00016912859600819128
22.650000000000002,-0.08937691334946873,0.00020711005021716193
22.655,-0.06848274659625267,0.00020758722867366856
22.66,-0.05206170575738739,0.00018105041959712832
22.665,-0.04155455321540873,0.0001457209031638385
22.67,-0.037874801696458196,0.0001109681927168574
22.675,-0.04132727051496511,7.835327522147712e-05
22.68,-0.051580909565128605,4.630449447265268e-05
22.685,-0.06769831392209053,1.1453751778556406e-05
22.69,-0.08821929769387377,-3.118532027519111e-05
22.695,-0.11129107614030635,-8.479951439501458e-05
22.7,-0.13483344973948141,-0.00014174931893092674
22.705000000000002,-0.15672426330182773,-0.0001805842823657711
22.71,-0.1749886056197181,-0.00018476782617170745
22.715,-0.1879748816561872,-0.00016007686808491864
22.72,-0.19450205964734735,-0.00012301377096408136
22.725,-0.19396496537927044,-8.362714745493199e-05
22.73,-0.186388236182438,-4.330864765652158e-05
22.735,-0.17242412440325727,1.3066534442794368e-06
22.740000000000002,-0.1532943461830864,5.5090449323574376e-05
22.745,-0.13068115998657096,0.00011836374215742554
22.75,-0.10657738571727642,0.00017742748765768856
22.755,-0.0831087358884616,0.00020833120471248115
22.76,-0.06234429882195079,0.00020191985264947409
22.765,-0.046112070147542636,0.00017261174805174238
22.77,-0.03583597879679391,0.0001376823738240235
22.775000000000002,-0.03240893735469089,0.00010442686012694877
22.78,-0.03611323489929126,7.355442381789768e-05
22.785,-0.046595369664795175,4.350383773977159e-05
22.79,-0.06289756530888059,1.1200527658028681e-05
22.795,-0.08354316096779155,-2.8173571077996025e-05
22.8,-0.10666826219291632,-7.848620159115087e-05
22.805,-0.1301879154975909,-0.00013414626400740939
22.81,-0.15198199130834789,-0.00017530404013691608
22.815,-0.170084203021848,-0.00018372916565653882
22.82,-0.18285741027138103,-0.00016194192755053475
22.825,-0.18913957733073855,-0.00012532882743128168
22.830000000000002,-0.18834737380904837,-8.463953430917128e-05
22.835,-0.180528181170529,-4.189047744819565e-05
22.84,-0.16635586846450834,6.100082785303134e-06
22.845,-0.14707071387841553,6.355406620787753e-05
22.85,-0.12436882837653443,0.000128406527952391
22.855,-0.10025093980321949,0.00018386270089951038
22.86,-0.07684401902521491,0.00020709214095310292
22.865000000000002,-0.056211650942669125,0.0001945861205430487
22.87,-0.04017005664334031,0.00016353590896591678
22.875,-0.030126169149566367,0.0001294998648914894
22.88,-0.02695219903138929,9.783185615188764e-05
22.885,-0.030907872923694096,6.863723257919498e-05
22.89,-0.04161727773225897,4.046128076329531e-05
22.895,-0.058102374971446734,1.0555731494366019e-05
22.900000000000002,-0.07887019728025162,-2.5647867595215997e-05
22.905,-0.10204595315625485,-7.248774628742846e-05
22.91,-0.12554017302356074,-0.0001262301856701428
22.915,-0.14723499481363803,-0.0001689044080914066
22.92,-0.16517298086410026,-0.00018121077253861393
22.925,-0.1777316322624265,-0.00016251587750123553
22.93,-0.18376804189848586,-0.00012666112880334375
22.935,-0.18272078975753203,-8.480975168505438e-05
22.94,-0.17465999603171117,-3.961316353351689e-05
22.945,-0.16028106959048508,1.1735899003810064e-05
22.95,-0.14084270916211153,7.242553254636019e-05
22.955000000000002,-0.11805468469865558,0.0001376580108347775
22.96,-0.09392540371905164,0.00018812413652458652
22.965,-0.07058285277415756,0.0002034989795450559
22.97,-0.050084877904885784,0.00018592751886795843
22.975,-0.034235718441512936,0.0001540843091140457
22.98,-0.024425150977962343,0.00012130206760778363
22.985,-0.021504584557481846,9.124699429172911e-05
22.990000000000002,-0.025711153739192708,6.364600176098478e-05
22.995,-0.036646576988933435,3.721658067758005e-05
23.0,-0.053312665263673016,9.550702653181463e-06
23.005,-0.07420031504014248,-2.3612232454919778e-05
23.01,-0.09742405165994439,-6.689261028507745e-05
23.015,-0.12089012784871786,-0.0001181871620313589
23.02,-0.14248319067305615,-0.00016156798471890103
23.025000000000002,-0.1602548747386349,-0.00017726315450637852
23.03,-0.17259750770048654,-0.00016171937350951306
23.035,-0.1783874414605864,-0.00012688924987523803
23.04,-0.17708523043361463,-8.403734974891594e-05
23.045,-0.16878372553950646,-3.643563781728159e-05
23.05,-0.15419979612758405,1.8132825000548283e-05
23.055,-0.1346104178600911,8.142048948471965e-05
23.06,-0.11173882460654441,0.0001457006865127466
23.065,-0.08760087441815928,0.00019001464132508
23.07,-0.06432532674462413,0.00019777573500811112
23.075,-0.04396405398483733,0.00017630231538788506
23.080000000000002,-0.028309107863105448,0.0001444826041585239
23.085,-0.018732949983169725,0.00011318977512368074
23.09,-0.01606609072294375,8.472336080435138e-05
23.095,-0.02052304551072559,5.8620066211566474e-05
23.1,-0.031683209812959134,3.3808781191612536e-05
23.105,-0.04852835791417881,8.221394002414287e-06
23.11,-0.06953342230478554,-2.20565781257666e-05
23.115000000000002,-0.09280246028707433,-6.176494982766369e-05
23.12,-0.11623768576710804,-0.00011018547562739889
23.125,-0.13772649629051797,-0.00015349259991583747
23.13,-0.15532982102301363,-0.00017198088475749553
23.135,-0.16745499760898053,-0.000159514381181062
23.14,-0.17299776516127818,-0.00012591689264473686
23.145,-0.17144071407018524,-8.224169683593805e-05
23.150000000000002,-0.1628994153899066,-3.2347869778773914e-05
23.155,-0.148112117160924,2.5158628409688142e-05
23.16,-0.12837392628733463,9.020929028238152e-05
23.165,-0.10542134394963877,0.0001521541094687455
23.17,-0.08127744873906359,0.0001894711496243995
23.175,-0.058071530130664316,0.00019024172879971248
23.18,-0.037849252780015816,0.00016606014197974664
23.185,-0.022390276347486388,0.0001349172105777724
23.19,-0.013049590860411672,0.00010524076114770361
23.195,-0.010636713277161161,7.830307554306699e-05
23.2,-0.015343515420793236,5.359561471418947e-05
23.205000000000002,-0.026727117745800236,3.027665062938514e-05
23.21,-0.04374937403522058,6.607453512458449e-06
23.215,-0.06486942679039137,-2.095887016538689e-05
23.22,-0.08818108158535186,-5.7145845911677825e-05
23.225,-0.11158275284627868,-0.00010237130690049707
23.23,-0.1329648296278742,-0.0001448820482671567
23.235,-0.15039775688743642,-0.00016549798441337486
23.240000000000002,-0.16230406396804697,-0.00015590916820151503
23.245,-0.16759900318028198,-0.0001236827563619887
23.25,-0.16578725992205423,-7.937203353719014e-05
23.255,-0.1570071121961775,-2.7379007970396712e-05
23.26,-0.1420181025064377,3.262979870181069e-05
23.265,-0.12213332123800494,9.84374688643149e-05
23.27,-0.09910233876232312,0.0001567116414712513
23.275000000000002,-0.07495522339440844,0.00018657231246568985
23.28,-0.05182155170083299,0.00018128108259654946
23.285,-0.03174054720074473,0.00015552189461998187
23.29,-0.01647927444649981,0.00012553631742378809
23.295,-0.007375097296138125,9.751503680950318e-05
23.3,-0.00521644692941689,7.202237476435901e-05
23.305,-0.01017252967321515,4.860703220436796e-05
23.31,-0.021778241498892598,2.6658947596997605e-05
23.315,-0.038975634131662405,4.751362832235274e-06
23.32,-0.06020823588262152,-2.0287278824437237e-05
23.325,-0.08355981807825576,-5.3055259309465555e-05
23.330000000000002,-0.10692523543796065,-9.486607350601293e-05
23.335,-0.12819810921424066,-0.00013593736461582016
23.34,-0.14545862030193357,-0.00015798109422449774
23.345,-0.1571446697188934,-0.00015096040089802482
23.35,-0.1621911467339171,-0.00012016897688631727
23.355,-0.1601248882637658,-7.541692313453563e-05
23.36,-0.15110686348352492,-2.160353973058554e-05
23.365000000000002,-0.13591782270287991,4.0316882903029724e-05
23.37,-0.1158886899755775,0.00010575307090732129
23.375,-0.09278190525284627,0.0001591728556583279
23.38,-0.06863429495988928,0.0001815308153970665
23.385,-0.045575479788028624,0.0001713086030473209
23.39,-0.02563800946188883,0.00014496619767901986
23.395,-0.010576151818716184,0.00011645383206798682
23.400000000000002,-0.0017094919653131146,9.00595818843921e-05
23.405,0.00019471465050385772,6.591379629748886e-05
23.41,-0.005010053496974309,4.368768898896448e-05
23.415,-0.016836520960375224,2.299443324874092e-05
23.42,-0.03420705811007502,2.6975596315106457e-06
23.425,-0.05554975664719012,-2.0002292850397645e-05
23.43,-0.07893857227612237,-4.9494499385296954e-05
23.435,-0.10226504018871826,-8.776529892402102e-05
23.44,-0.12342625415532346,-0.00012684911209879482
23.445,-0.1405123500434643,-0.00014962095998390318
23.45,-0.1519767787680108,-0.00014477192745588163
23.455000000000002,-0.15677418807610072,-0.00011540689912095995
23.46,-0.154453620387277,-7.041158524924685e-05
23.465,-0.14519871768365258,-1.5143870478293891e-05
23.47,-0.12981134900380545,4.7956293967634285e-05
23.475,-0.10964012022291789,0.00011183810317067294
23.48,-0.08646013979248876,0.00015946612472656993
23.485,-0.06231475986319894,0.00017467108465466552
23.490000000000002,-0.03933340227944983,0.00016073658326402608
23.495,-0.01954171107464138,0.000134622444956584
23.5,-0.004680957223746521,0.00010775469725843042
23.505,0.003947203471180674,8.2912012143169e-05
23.51,0.005596778831591959,6.000741954835518e-05
23.515,0.0001439488498290037,3.887016724441441e-05
23.52,-0.011901895202014456,1.932158444469225e-05
23.525000000000002,-0.029443565287903303,4.914830253714833e-07
23.53,-0.05089389584043265,-2.0058794147103872e-05
23.535,-0.07431724668723215,-4.6449035497090925e-05
23.54,-0.09760207405063537,-8.113883829300815e-05
23.545,-0.11864918414267833,-0.00011779104132674369
23.55,-0.13555888570287927,-0.00014062290025319284
23.555,-0.1468003559912786,-0.0001374901892918555
23.56,-0.15134812049924046,-0.00010947915937316701
23.565,-0.14877347859951992,-6.444163355700478e-05
23.57,-0.13928272412925458,-8.167965700199194e-06
23.575,-0.12369875336946701,5.526833082751226e-05
23.580000000000002,-0.10338770015224003,0.00011643988108826184
23.585,-0.08013713890444094,0.00015765701468045524
23.59,-0.055996714373062306,0.00016639561250401006
23.595,-0.03309540660660061,0.00014994643234174837
23.6,-0.013451722838338204,0.00012466947014329327
23.605,0.0012062614833378144,9.950031170987108e-05
23.61,0.00959496836900299,7.610298858579521e-05
23.615000000000002,0.010989754020777412,5.433124360670767e-05
23.62,0.005289514075887833,3.4185974914515815e-05
23.625,-0.006974302486110952,1.5678006496324367e-05
23.63,-0.024685074402642684,-1.821488773079595e-06
23.635,-0.046240559919909316,-2.0408093781798382e-05
23.64,-0.0696957438289682,-4.389150826549928e-05
23.645,-0.09293624429196498,-7.503225006579839e-05
23.650000000000002,-0.1138668194628426,-0.00010891534976647309
23.655,-0.13059816769179117,-0.00013119699432754983
23.66,-0.1416153672379866,-0.00012929658712623765
23.665,-0.1459129383349898,-0.00010251747025392736
23.67,-0.14308448621986394,-5.764209077689425e-05
23.675,-0.13335893304840607,-8.81343720262502e-07
23.68,-0.11758010845857922,6.19798087823977e-05
23.685,-0.09713151837501352,0.00011939726614361185
23.69,-0.07381299925284501,0.00015394039151295872
23.695,-0.04968025458828877,0.0001571450747883972
23.7,-0.026861579735281367,0.00013926779861712688
23.705000000000002,-0.0073681148323535214,0.00011523835533726966
23.71,0.007085457357446048,9.173323332738726e-05
23.715,0.01523378310270461,6.965744860867576e-05
23.72,0.016373649661967762,4.891087958135769e-05
23.725,0.010426679852485604,2.96648518138849e-05
23.73,-0.002053680272566513,1.2099593818405096e-05
23.735,-0.01993150362107951,-4.197198179304578e-06
23.740000000000002,-0.04158965505511225,-2.0999913494560462e-05
23.745,-0.06507396623897484,-4.1784813209583906e-05
23.75,-0.08826745850767448,-6.94690750398635e-05
23.755,-0.10907908100640093,-0.00010034963420566952
23.76,-0.12563013724939537,-0.00012154871649483045
23.765,-0.13642177933474203,-0.00012039747974515311
23.77,-0.14046863695490291,-9.469606122394263e-05
23.775000000000002,-0.1373866675774656,-5.019120227829701e-05
23.78,-0.127427395558815,6.486319508221318e-06
23.785,-0.1114554876200002,6.784842347385008e-05
23.79,-0.09087166393188639,0.0001206570902596169
23.795,-0.0674878176318027,0.00014861716437568692
23.8,-0.04336547642677234,0.000147358262427632
23.805,-0.020632008155635026,0.00012896630745353304
23.81,-0.0012909564081314759,0.00010641776715076223
23.815,0.01295658436880745,8.448080618029371e-05
23.82,0.020863629067975425,6.359492175039354e-05
23.825,0.021748476234966882,4.376879060210021e-05
23.830000000000002,0.015555484809211137,2.5333817360182547e-05
23.835,0.002860034774015377,8.61953316743666e-06
23.84,-0.015182770548657971,-6.593911781996892e-06
23.845,-0.03694108713820521,-2.1784271152934582e-05
23.85,-0.060451816486240796,-4.0085134356867185e-05
23.855,-0.0835956246299551,-6.445376793136717e-05
23.86,-0.1042858902770411,-9.219549809914024e-05
23.865000000000002,-0.12065473644919553,-0.00011187065446351813
23.87,-0.13121956008924146,-0.00011101275558145999
23.875,-0.13501521277095854,-8.622133533542599e-05
23.88,-0.13168004800848376,-4.229940302004644e-05
23.885,-0.12148816366196938,1.3698615562972646e-05
23.89,-0.10532496488439043,7.268516426660662e-05
23.895,-0.08460822628256068,0.00012027758084141505
23.900000000000002,-0.06116169095429615,0.00014205955756758427
23.905,-0.03705247561451173,0.0001374373974438852
23.91,-0.014406777872311982,0.00011923955781054516
23.915,0.004779683818687437,9.82604195684527e-05
23.92,0.018819597408240532,7.775772705885352e-05
23.925,0.02648448868377276,5.792928112190097e-05
23.93,0.027114245254282215,3.892333468184257e-05
23.935000000000002,0.02067596852956656,2.1216135652346698e-05
23.94,0.007766906777081459,5.267276879373401e-06
23.945,-0.010438792238910519,-8.973479925109789e-06
23.95,-0.032294761794726276,-2.2713204240202913e-05
23.955000000000002,-0.05582919718217965,-3.874480719492701e-05
23.96,-0.07892065093876001,-5.997502180232165e-05
23.965,-0.09948716940053784,-8.452866064126706e-05
23.97,-0.11567190820559,-0.00010233580035806937
23.975,-0.12600867829393353,-0.00010136404902945583
23.98,-0.12955266323596937,-7.731884035678583e-05
23.985,-0.1259646538531789,-3.419463261178184e-05
23.990000000000002,-0.11554129023722304,2.0531567442242205e-05
23.995,-0.09918861495579484,7.637108239343378e-05
24.0,-0.0783412952955519,0.00011841803886834717
24.005,-0.054834716241093366,0.0001346708889497742
24.01,-0.030741347674725392,0.00012772282942911245
24.015,-0.00818597439468998,0.00011021991148491891
24.02,0.010843737976172364,9.078965087668125e-05
24.025000000000002,0.024674452292316656,7.15678015204858e-05
24.03,0.03209634539431984,5.266828694496401e-05
24.035,0.032470969267815064,3.438785181247958e-05
24.04,0.025788171546437103,1.7330374445488042e-05
24.045,0.01266700064078792,2.067624132079839e-06
24.05,-0.005699485202892124,-1.130234837169139e-05
24.055,-0.027650584394319704,-2.3742252210127597e-05
24.060000000000002,-0.0512060109917765,-3.7714896462636395e-05
24.065,-0.07424244607230195,-5.600923455946175e-05
24.07,-0.09468284113360848,-7.740032506227659e-05
24.075,-0.11068159628036506,-9.309271460979841e-05
24.080000000000002,-0.12078910372959127,-9.16636572283223e-05
24.085,-0.12408098684387428,-6.82190134772496e-05
24.09,-0.12024051245291657,-2.6105841473579037e-05
24.095,-0.10958682903578428,2.679174904146024e-05
24.1,-0.0930465132030926,7.88656119898149e-05
24.105,-0.07207096123790213,0.00011531674153756072
24.11,-0.04850699060971635,0.00012684645623607004
24.115000000000002,-0.024432187916988594,0.00011847890578943522
24.12,-0.001969682727084983,0.00010198201891041497
24.125,0.016901138943795177,8.400552024208648e-05
24.13,0.030521105768382878,6.590522730323252e-05
24.135,0.03769918367098861,4.781322063330176e-05
24.14,0.037818661855426594,3.0169990781448413e-05
24.145,0.030892135337451457,1.3689707914441331e-05
24.150000000000002,0.017560382042618845,-9.599665698813593e-07
24.155,-0.0009647654186741433,-1.355232437765333e-05
24.16,-0.02300846006156778,-2.483162229660727e-05
24.165,-0.0465821606447296,-3.694739058851225e-05
24.17,-0.06956091903744344,-5.25238912199494e-05
24.175,-0.0898728288726976,-7.083950665688176e-05
24.18,-0.10568374528913203,-8.42626631578681e-05
24.185000000000002,-0.11556080716876946,-8.210505850916949e-05
24.19,-0.11860018312990876,-5.914327447051429e-05
24.195,-0.11450765214706009,-1.8246829252392497e-05
24.2,-0.10362483467456274,3.233069181227821e-05
24.205000000000002,-0.08689873565136855,8.020524813321514e-05
24.21,-0.06579731476491472,0.00011126126502229673
24.215,-0.042178611263397184,0.00011894119978028244
24.22,-0.01812509142632384,0.00010989060553789991
24.225,0.004242012640978142,9.455294874265678e-05
24.23,0.022951820360112285,7.78901721322487e-05
24.235,0.03635951551948145,6.0755714705900416e-05
24.240000000000002,0.043292989014079186,4.335881142711854e-05
24.245,0.04315733762738215,2.627140222621287e-05
24.25,0.03598790232026347,1.0301563782745202e-05
24.255,0.022447117425917547,-3.801747473057018e-06
24.26,0.003765451659039444,-1.5701026560972755e-05
24.265,-0.01836829368685001,-2.59469845747561e-05
24.27,-0.04195754894649368,-3.639694288882985e-05
24.275000000000002,-0.06487597922004493,-4.948067525946044e-05
24.28,-0.08505705666274622,-6.48559992362636e-05
24.285,-0.10067830070766635,-7.593864298316831e-05
24.29,-0.11032376037912849,-7.285567504208489e-05
24.295,-0.11311025267065868,-5.0291899851518986e-05
24.3,-0.10876610226972648,-1.0802437469682522e-05
24.305,-0.09765536262991721,3.705361727578083e-05
24.310000000000002,-0.08074535897326784,8.049326832925528e-05
24.315,-0.05952044690984565,0.00010655653902747327
24.32,-0.035849675479951035,0.00011124772688630126
24.325,-0.011820153052316425,0.00010206885509894825
24.330000000000002,0.010449027744373063,8.792309466134977e-05
24.335,0.028995716630298957,7.241243689549786e-05
24.34,0.04218964016919435,5.6097656423098896e-05
24.345,0.04887774795447834,3.929354862399484e-05
24.35,0.04848701222268881,2.2687845956681497e-05
24.355,0.04107551584772941,7.167654004282297e-06
24.36,0.027327273992282734,-6.4496982418163815e-06
24.365000000000002,0.008491251089233834,-1.7731988682049424e-05
24.37,-0.013729989937159738,-2.7059875922457894e-05
24.375,-0.03733207878940541,-3.6022127264659757e-05
24.38,-0.0601875363953364,-4.683817360278132e-05
24.385,-0.08023544920588466,-5.9443670211949306e-05
24.39,-0.09566520887810719,-6.818606168230049e-05
24.395,-0.10507793612664593,-6.405220977413012e-05
24.400000000000002,-0.10761119708399539,-4.183475481683917e-05
24.405,-0.10301589314642817,-3.918625122001518e-06
24.41,-0.0916784692313462,4.092164036887231e-05
24.415,-0.07458646048029202,7.988281729099769e-05
24.42,-0.05324044907348391,0.00010149573075972769
24.425,-0.029520280600641425,0.00010398576319823206
24.43,-0.0055174673983286494,9.506158491041615e-05
24.435000000000002,0.01665127915192071,8.205653754738734e-05
24.44,0.03503276293365923,6.75317382308784e-05
24.445,0.0480114392863792,5.190344133561833e-05
24.45,0.05445344805519009,3.5600373558797534e-05
24.455000000000002,0.05380770230731724,1.9409687454991624e-05
24.46,0.046155020202946165,4.284367733150271e-06
24.465,0.03220091969387539,-8.901205166201385e-06
24.47,0.01321271843491019,-1.9634431813664556e-05
24.475,-0.009093453266945035,-2.8147730924452928e-05
24.48,-0.032705653163690396,-3.5786217087950175e-05
24.485,-0.055495500738244864,-4.4554096498216346e-05
24.490000000000002,-0.07540793186999463,-5.458381313813693e-05
24.495,-0.09064441701506029,-6.104473693941266e-05
24.5,-0.09982330817873407,-5.5798575905704503e-05
24.505,-0.1021030190288889,-3.390547727637808e-05
24.51,-0.09725705609062354,2.3027753100114474e-06
24.515,-0.08569421165508365,4.3947792295914285e-05
24.52,-0.06842211811389223,7.855664022284373e-05
24.525000000000002,-0.046957413013688165,9.633773204045185e-05
24.53,-0.023190524019110658,9.730186920047735e-05
24.535,0.0007828711892574752,8.886752691461485e-05
24.54,0.022848683975939456,7.690007445591253e-05
24.545,0.04106289523104449,6.320139813753914e-05
24.55,0.05382487338976609,4.814090439066336e-05
24.555,0.060020077912750894,3.2257672387607824e-05
24.560000000000002,0.05911942557229592,1.6422702938206415e-05
24.565,0.051226460594182344,1.6434572922801613e-06
24.57,0.037068123225690516,-1.1158461797996806e-05
24.575,0.017929939753355335,-2.1402757600785853e-05
24.580000000000002,-0.004458587929045445,-2.9193592120242984e-05
24.585,-0.028078175168638884,-3.565753315369698e-05
24.59,-0.05079978283360867,-4.2586988285208554e-05
24.595,-0.07057443069719818,-5.024834294605442e-05
24.6,-0.08561587321164109,-5.4531835194025684e-05
24.605,-0.09455985130724187,-4.816617247630913e-05
24.61,-0.09658572220510463,-2.659920194484513e-05
24.615000000000002,-0.09148962340015712,7.804611551318062e-06
24.62,-0.07970264791755419,4.6188209217596615e-05
24.625,-0.062252410436618194,7.670687398978568e-05
24.63,-0.04067143083495255,9.129311787901244e-05
24.635,-0.016860503170305123,9.127681295959961e-05
24.64,0.007080768631840543,8.345027253991061e-05
24.645,0.0290411598817333,7.239057409162425e-05
24.650000000000002,0.04708605027213534,5.937140957430542e-05
24.655,0.05962990395244715,4.4774837782783904e-05
24.66,0.06557762715853567,2.9240450382660557e-05
24.665,0.0644222007316849,1.3709081122918508e-05
24.67,0.056289883149736306,-7.670807592190597e-07
24.675,0.041928954017745906,-1.3227676884114593e-05
24.68,0.022643001586292594,-2.303584056126474e-05
24.685000000000002,0.00017470201434948915,-3.018557582682006e-05
24.69,-0.023449548023607596,-3.56094341190666e-05
24.695,-0.04610029368634675,-4.089745132096519e-05
24.7,-0.06573487241232306,-4.640268294258227e-05
24.705000000000002,-0.08057952644541452,-4.864537061687329e-05
24.71,-0.08928754129132292,-4.1196072493508256e-05
24.715,-0.09105931135278478,-1.9973474432266836e-05
24.72,-0.08571362835356368,1.2570937935170601e-05
24.725,-0.0737038368687317,4.773041684855611e-05
24.73,-0.05607741662320092,7.451768920960511e-05
24.735,-0.03438259497793299,8.651855826461062e-05
24.740000000000002,-0.01053031551932156,8.593746705153567e-05
24.745,0.013376131129368984,7.875090503323248e-05
24.75,0.03522862509695356,6.846063381758838e-05
24.755,0.05310216560263421,5.599071971698253e-05
24.76,0.06542649340628807,4.1768461208756886e-05
24.765,0.0711260864599446,2.6521559511825487e-05
24.77,0.06971604752045071,1.1248503192726974e-05
24.775000000000002,0.06134533491269013,-2.9620351371096353e-06
24.78,0.046783482227135235,-1.5118184421758674e-05
24.785,0.027351990949975126,-2.4536207059585976e-05
24.79,0.004806512680788947,-3.111618008948269e-05
24.795,-0.018819675079025544,-3.562003761648896e-05
24.8,-0.04139694473164492,-3.944893874341754e-05
24.805,-0.06088918443128865,-4.3008254587756345e-05
24.810000000000002,-0.07553532658419702,-4.3367924621875355e-05
24.815,-0.08400635492019143,-3.490259156580148e-05
24.82,-0.0855237922519055,-1.405169742448897e-05
24.825,-0.07992910520625728,1.662062025543804e-05
24.830000000000002,-0.06769783818544634,4.868074812011244e-05
24.835,-0.04989721645141598,7.215251365570567e-05
24.84,-0.028090998208866513,8.211825371991063e-05
24.845,-0.004200058550250937,8.127034465669027e-05
24.85,0.019668865171006474,7.469832208676134e-05
24.855,0.04141099842089845,6.50426981619966e-05
24.86,0.059111179571415984,5.300905015703862e-05
24.865000000000002,0.07121460514622838,3.9084754019013975e-05
24.87,0.07666544752146268,2.4072866316481787e-05
24.875,0.07500098669220677,9.019195648411461e-06
24.88,0.06639286383552705,-4.958015867071595e-06
24.885,0.051631778729997795,-1.6841543869437157e-05
24.89,0.032056995325290036,-2.59091840772045e-05
24.895,0.009436940356630555,-3.1981518716706935e-05
24.900000000000002,-0.014188459827457384,-3.567176219163929e-05
24.905,-0.036689647845093216,-3.820819090744797e-05
24.91,-0.056037294869360675,-4.002453431346695e-05
24.915,-0.07048322439174935,-3.8670308711547286e-05
24.92,-0.07871626999577905,-2.927768912246307e-05
24.925,-0.07997917172161459,-8.828297183032836e-06
24.93,-0.07413608918663549,1.999929699403628e-05
24.935000000000002,-0.06168471236459945,4.9152635002623136e-05
24.94,-0.043711890293099825,6.974641106567823e-05
24.945,-0.02179673360895167,7.815023180266604e-05
24.95,0.002130170244907176,7.72345974082721e-05
24.955000000000002,0.025958877545765993,7.1217007327204e-05
24.96,0.04758819923380802,6.207188258818949e-05
24.965,0.06511303133758377,5.0378278643503315e-05
24.97,0.07699420353444189,3.6687577473078616e-05
24.975,0.0821957030856042,2.1866276622136384e-05
24.98,0.08027704001686282,6.998876193876185e-06
24.985,0.07143251877464137,-6.772571631911638e-06
24.990000000000002,0.056473915113457264,-1.8410700998769355e-05
24.995,0.03675810264781053,-2.716208623199674e-05
25.0,0.014066081486019916,-3.278055300039524e-05
25.005,-0.009555805914649192,-3.575077182992511e-05
25.01,-0.03197831535270698,-3.714539647317553e-05
25.015,-0.05117913254932653,-3.741068253225926e-05
25.02,-0.06542317153345821,-3.451496598126718e-05
25.025000000000002,-0.07341726533527514,-2.429570317169165e-05
25.03,-0.07442545761945508,-4.274788073546142e-06
25.035,-0.06833461649207426,2.2770904952866807e-05
25.04,-0.055664520716238834,4.925697421817565e-05
25.045,-0.03752151910487557,6.74032272495877e-05
25.05,-0.0154998945637638,7.463524630477756e-05
25.055,0.008460273377331122,7.377314688014052e-05
25.060000000000002,0.03224607535318025,6.82324310551066e-05
25.065,0.05376014750609251,5.948776440046828e-05
25.07,0.07110766087738682,4.805341577512052e-05
25.075,0.08276525390439039,3.454254869340888e-05
25.080000000000002,0.08771684693374407,1.9874567847761766e-05
25.085,0.08554423027811668,5.165542811523955e-06
25.09,0.0764643494847818,-8.423437282096336e-06
25.095,0.06130996366748157,-1.983925732665722e-05
25.1,0.041455401297730565,-2.830348965257163e-05
25.105,0.018694032659850805,-3.351437490297491e-05
25.11,-0.004921617150485655,-3.584638984966426e-05
25.115000000000002,-0.027262860040897542,-3.623415523288055e-05
25.12,-0.04631462700964246,-3.51267777307153e-05
25.125,-0.06035512058177782,-3.0858978129772146e-05
25.13,-0.06810932077353471,-1.991801001845004e-05
25.135,-0.06886265884047332,-3.460116255514302e-07
25.14,-0.06252472428478566,2.5009738441719736e-05
25.145,-0.049637325356540266,4.909515635493895e-05
25.150000000000002,-0.03132618441896104,6.51965027292565e-05
25.155,-0.009200574752635707,7.156637197361317e-05
25.16,0.014790153372535973,7.082138014557846e-05
25.165,0.038530366013935,6.567447697515021e-05
25.17,0.05992676380743247,5.7235384803732434e-05
25.175,0.077095008991047,4.5993222531987336e-05
25.18,0.08852772256479326,3.261765982040769e-05
25.185000000000002,0.09322887388682953,1.807201133212242e-05
25.19,0.09080258127086596,3.4980844917401892e-06
25.195,0.08148840661339357,-9.927935188723456e-06
25.2,0.06613999737660856,-2.1140873524980943e-05
25.205000000000002,0.04614898008974893,-2.934262081372451e-05
25.21,0.023320890604780854,-3.418557632298964e-05
25.215,-0.0002857975199299402,-3.595053123138884e-05
25.22,-0.0225431951664557,-3.545130949148671e-05
25.225,-0.04144370851249845,-3.3134704464712427e-05
25.23,-0.05527902502170352,-2.7656607893781168e-05
25.235,-0.06279241716537268,-1.6097309642452885e-05
25.240000000000002,-0.0632907853162009,3.014009241963177e-06
25.245,-0.05670645068756243,2.6793691410211395e-05
25.25,-0.043603189200743186,4.875481095311844e-05
25.255,-0.025125968333898227,6.317290789841626e-05
25.26,-0.0028988681379352524,6.891795128156547e-05
25.265,0.021119712781531803,6.831339126081804e-05
25.27,0.044811657280396724,6.34793556451472e-05
25.275000000000002,0.06608796931581098,5.5265672505613596e-05
25.28,0.08307501730953554,4.416052495049234e-05
25.285,0.09428157680348283,3.088366073676632e-05
25.29,0.09873177980596798,1.643479188902259e-05
25.295,0.09605211779850299,1.9767148463470496e-06
25.3,0.08650474169482282,-1.13025333208024e-05
25.305,0.07096408991159253,-2.2328813070022775e-05
25.310000000000002,0.050838928262968305,-3.0288870514431046e-05
25.315,0.027946752172231453,-3.479772163575087e-05
25.32,0.004351748805986582,-3.60571851780277e-05
25.325,-0.017819234466479518,-3.4776697589408175e-05
25.330000000000002,-0.03656630805174808,-3.139875062649642e-05
25.335,-0.05019483925605253,-2.486135749144587e-05
25.34,-0.05746653638775645,-1.2781346857076053e-05
25.345,-0.05770984801351704,5.866973032601342e-06
25.35,-0.05087983477944204,2.8199009602782872e-05
25.355,-0.03756217595599687,4.8307937926317616e-05
25.36,-0.018920953505155595,6.135700773366774e-05
25.365000000000002,0.003405131045691595,6.665313079277102e-05
25.37,0.027448854191904716,6.618607581739658e-05
25.375,0.05108985724708544,6.159043666763238e-05
25.38,0.07224368582653724,5.3535461484193255e-05
25.385,0.08904762830125446,4.25222874723694e-05
25.39,0.10002678489112353,2.931423955166097e-05
25.395,0.10422556159289739,1.494124823520347e-05
25.400000000000002,0.10129286567007646,5.832455143060012e-07
25.405,0.09151340714441666,-1.2562548116514305e-05
25.41,0.07578231562102465,-2.3415618326473395e-05
25.415,0.05552533547076437,-3.1151429538954285e-05
25.42,0.03257171432730263,-3.5354926844309e-05
25.425,0.008991117459196268,-3.6161964916366746e-05
25.43,-0.013090892168184133,-3.4192869627123276e-05
25.435000000000002,-0.03168235736075703,-2.9885969297075044e-05
25.44,-0.04510251861064116,-2.2427560823185882e-05
25.445,-0.052131661341878605,-9.915975079767535e-06
25.45,-0.0521198589334006,8.276154661679985e-06
25.455000000000002,-0.04504491659126464,2.9296609200124034e-05
25.46,-0.03151435011406921,4.781088883551328e-05
25.465,-0.012711223135666597,5.9756392847905155e-05
25.47,0.00971132830203602,6.472970263790012e-05
25.475,0.03377748023889447,6.438152415821788e-05
25.48,0.05736487436126414,5.995835910924986e-05
25.485,0.07839383576119857,5.200723942630402e-05
25.490000000000002,0.09501278527857743,4.1049505930367756e-05
25.495,0.10576331608482024,2.7886042326413435e-05
25.5,0.10971021719034334,1.3571966504686335e-05
25.505,0.10652485169733711,-6.987749262036613e-07
25.51,0.09651445625256182,-1.3721971420777105e-05
25.515,0.08059474952287873,-2.4412902488556742e-05
25.52,0.06020829177043964,-3.193903359101377e-05
25.525000000000002,0.03719587413767368,-3.586153897713547e-05
25.53,0.01363240386371915,-3.62617304145187e-05
25.535,-0.008358082998656209,-3.368479331653996e-05
25.54,-0.026791788920217136,-2.8566356335540194e-05
25.545,-0.04000201933943101,-2.0311551689089773e-05
25.55,-0.04678777595510096,-7.447546554790452e-06
25.555,-0.04652083110956687,1.030326169286042e-05
25.560000000000002,-0.039201737101090636,3.0149826069385675e-05
25.565,-0.025459776943963064,4.730560650494282e-05
25.57,-0.006496860966367611,5.836651134317908e-05
25.575,0.01601962888407193,6.310429482437337e-05
25.580000000000002,0.04010549361653915,6.28481709322931e-05
25.585,0.0636366174333153,5.8540695810282464e-05
25.59,0.08453834217648067,5.064873131358499e-05
25.595,0.10097043240429701,3.9716975814188876e-05
25.6,0.11149114063163913,2.657857413901542e-05
25.605,0.11518574558225303,1.2309761380735083e-05
25.61,0.11174810369168714,-1.8840276464154178e-06
25.615000000000002,0.10150794317862459,-1.479339703271662e-05
25.62,0.08540146729592563,-2.533123662342482e-05
25.625,0.06488788761308395,-3.2659800351434656e-05
25.63,0.04181932876256458,-3.6321903583963965e-05
25.635,0.018275703224811198,-3.635428190253644e-05
25.64,-0.0036207221946153237,-3.323956797787022e-05
25.645,-0.021894535965874394,-2.7412888564172658e-05
25.650000000000002,-0.03489329862949536,-1.8472464087991315e-05
25.655,-0.04143486518278336,-5.324668048509238e-06
25.66,-0.04091277860697577,1.2006234984522068e-05
25.665,-0.033350338229509516,3.081334886554072e-05
25.67,-0.019398522484493877,4.682158264382194e-05
25.675,-0.00027795126667564535,5.717482071506376e-05
25.68,0.022329937804801726,6.173513816446106e-05
25.685000000000002,0.046432797088813954,6.154110139850073e-05
25.69,0.06990499564717874,5.7301369981731354e-05
25.695,0.09067712877291806,4.943239547578395e-05
25.7,0.10692051469801662,3.850298313991765e-05
25.705000000000002,0.1172102297720122,2.537401978356608e-05
25.71,0.12065214679391002,1.1139577408091153e-05
25.715,0.11696265046101852,-2.9854677767098446e-06
25.72,0.10649392294475334,-1.5788022385996565e-05
25.725,0.09020254527106991,-2.618011034999649e-05
25.73,0.06956421383313617,-3.332114005091488e-05
25.735,0.046442175441687134,-3.6740205579208385e-05
25.740000000000002,0.022921110518067212,-3.643811740417527e-05
25.745,0.0011212744878848144,-3.284615720953091e-05
25.75,-0.016990532496120737,-2.64014603713134e-05
25.755,-0.029776314605888782,-1.6872726137024662e-05
25.76,-0.03607291501000688,-3.499395681668806e-06
25.765,-0.03529571652022126,1.343787119840708e-05
25.77,-0.027490762834871882,3.133304760578311e-05
25.775000000000002,-0.013330653536780618,4.63781017732673e-05
25.78,0.005945421175156812,5.6164106577625536e-05
25.785,0.02864215984812895,6.05837098287393e-05
25.79,0.052759293500688566,6.042183066519103e-05
25.795,0.07616991857066222,5.620995919589957e-05
25.8,0.096810119903629,4.833488717060924e-05
25.805,0.11286297804244387,3.7388955674917303e-05
25.810000000000002,0.12292055574300664,2.4257016243861665e-05
25.815,0.12610942189193156,1.004833862105785e-05
25.82,0.12216852180641612,-4.0144212851263986e-06
25.825,0.11147245142957925,-1.6715703204033677e-05
25.830000000000002,0.09499806042266899,-2.696794624407708e-05
25.835,0.07423736163807106,-3.392972173204118e-05
25.84,0.05106451148411438,-3.712036837528841e-05
25.845,0.027568720478549476,-3.6512245230053466e-05
25.85,0.005867990763876736,-3.249514547027855e-05
25.855,-0.012079713279500415,-2.5510749641720526e-05
25.86,-0.024651026336440354,-1.5478308636573797e-05
25.865000000000002,-0.030701912453176328,-1.9279599674599916e-06
25.87,-0.029669660971813783,1.4645113362245273e-05
25.875,-0.021623054708425557,3.1746417664912134e-05
25.88,-0.007256237656600419,4.598646584007026e-05
25.885,0.012173171061748415,5.5314971237849524e-05
25.89,0.034956199579686306,5.961555291226986e-05
25.895,0.05908488578917441,5.945778695938088e-05
25.900000000000002,0.08243129616579287,5.524097382759147e-05
25.905,0.10293724058297365,4.733652706416487e-05
25.91,0.11879776918954364,3.6359102821795995e-05
25.915,0.12862209178148293,2.3214402151641708e-05
25.92,0.13155757298414839,9.02476917660982e-06
25.925,0.1273657485187465,-4.980714031436338e-06
25.93,0.11644358536186108,-1.758504248451664e-05
25.935000000000002,0.09978809035977973,-2.7702150860312236e-05
25.94,0.07890742259804448,-3.449147946642148e-05
25.945,0.05568643425714288,-3.7465997389673335e-05
25.95,0.03221862759001487,-3.657604182240476e-05
25.955000000000002,0.010619509809957635,-3.217852032488021e-05
25.96,-0.007162013862177678,-2.472203761447612e-05
25.965,-0.0195173938364384,-1.4258784867541354e-05
25.97,-0.0253218455614959,-5.711164008267115e-07
25.975,-0.024034629110348107,1.5668850429378624e-05
25.98,-0.015747258569269576,3.208339743479375e-05
25.985,-0.0011753431466537956,4.5652010812460644e-05
25.990000000000002,0.018405212596288682,5.460758582115256e-05
25.995,0.04127196135768744,5.880053184970541e-05
26.0,0.06540947699443582,5.8621656985630354e-05
26.005,0.08868903879912385,5.437316249616806e-05
26.01,0.1090584164950806,4.6420798383475494e-05
26.015,0.12472483576659324,3.540006402161418e-05
26.02,0.13431481212715884,2.2234962787899933e-05
26.025000000000002,0.13699660321936225,8.059202203567943e-06
26.03,0.13255436237515533,-5.8928170847797805e-06
26.035,0.12140738231403467,-1.8403499035017485e-05
26.04,0.10457271331727638,-2.838918852522244e-05
26.045,0.08357448863534492,-3.501164546903067e-05
26.05,0.060308041175219616,-3.778035591593157e-05
26.055,0.03687092607416945,-3.66291458437286e-05
26.060000000000002,0.015375914254768822,-3.188947997181879e-05
26.065,-0.0022373705753128484,-2.4019001773358375e-05
26.07,-0.014375378073176556,-1.3187251515552862e-05
26.075,-0.019932703418330297,6.057878109935542e-07
26.080000000000002,-0.018390639108541412,1.6544078760391e-05
26.085,-0.00986342005928477,3.236736940792631e-05
26.09,0.004911960951202089,4.537582060216558e-05
26.095,0.024641459492294168,5.402283969856391e-05
26.1,0.04758934934387524,5.811272935949918e-05
26.105,0.07173297027088921,5.789069468782586e-05
26.11,0.09494305725192634,5.358887337463749e-05
26.115000000000002,0.11517357400229793,4.557388640971496e-05
26.12,0.1306441262821787,3.450057853379117e-05
26.125,0.13999869202555823,2.13091833931942e-05
26.13,0.14242651678698692,7.1433891516902135e-06
26.135,0.13773439613545338,-6.757996634358395e-06
26.14,0.12636390069562356,-1.9177504466693214e-05
26.145,0.10935200814689457,-2.9034667268659347e-05
26.150000000000002,0.08823865201395556,-3.5494799813005996e-05
26.155,0.06492942968886418,-3.806636352459535e-05
26.16,0.041525709879883965,-3.6671380472756086e-05
26.165,0.020137286169539005,-3.162226449031362e-05
26.17,0.002694279457697478,-2.338749624228571e-05
26.175,-0.009224940970394044,-1.2240152930304587e-05
26.18,-0.01453447614245404,1.6329504969651804e-06
26.185000000000002,-0.012737710161151466,1.7300299991671533e-05
26.19,-0.003971585737909428,3.2616207249363546e-05
26.195,0.011005604863803968,4.515611094925668e-05
26.2,0.03088182498348454,5.354302720307262e-05
26.205000000000002,0.053908267514491924,5.753013661314624e-05
26.21,0.07805526889821494,5.724605368787757e-05
26.215,0.10119326273033566,5.28734846436934e-05
26.22,0.12128264015362364,4.478426676569215e-05
26.225,0.13655559013208868,3.365118399154511e-05
26.23,0.14567370773082006,2.0429018856159574e-05
26.235,0.147847318916572,6.270317820395531e-06
26.240000000000002,0.14290588353836908,-7.582460438453279e-06
26.245,0.13131319974655323,-1.9912580765152717e-05
26.25,0.11412605430826384,-2.964342913027385e-05
26.255,0.09290000532906251,-3.594492899203224e-05
26.26,0.06955069727351396,-3.8326609283863825e-05
26.265,0.04618307267244014,-3.670269716574029e-05
26.27,0.02490370705875066,-3.137200868841958e-05
26.275000000000002,0.007632998314069411,-2.281533034722962e-05
26.28,-0.004066045412634084,-1.1397043135662813e-05
26.285,-0.00912715488918181,2.5363872058282767e-06
26.29,-0.0070758624827934186,1.7962054955641324e-05
26.295,0.001928196923145678,3.284327835095673e-05
26.3,0.017105518094669113,4.498929860866488e-05
26.305,0.03712622183371565,5.315219856132844e-05
26.310000000000002,0.060228619671198726,5.7034241857095864e-05
26.315,0.08437627629235625,5.6672175680268356e-05
26.32,0.10743956687551529,5.221490756154297e-05
26.325,0.1273855426930552,4.404234403043413e-05
26.330000000000002,0.14245917760506732,3.284394711078106e-05
26.335,0.15133983650841673,1.9587684258851255e-05
26.34,0.15325901587720622,5.434044028030473e-06
26.345,0.14806885929768526,-8.371495653809144e-06
26.35,0.13625533953041297,-2.0613453181958628e-05
26.355,0.11889493185987204,-3.021963946967047e-05
26.36,0.09755864149645684,-3.63654877537247e-05
26.365000000000002,0.07417194141836737,-3.8563373986953104e-05
26.37,0.0508431078228793,-3.672313543989756e-05
26.375,0.02967525785088579,-3.113461426241513e-05
26.38,0.012578847264525184,-2.229205293228103e-05
26.385,0.0011013447505083818,-1.0640312683919026e-05
26.39,-0.003710731851373314,3.3382856996098148e-06
26.395,-0.0014051173056420785,1.854951816109847e-05
26.400000000000002,0.007835879545330993,3.3058349119667584e-05
26.405,0.02321162943206516,4.487079430819569e-05
26.41,0.04337456234689959,5.283628026446272e-05
26.415,0.06655030945201515,5.6609586220079207e-05
26.42,0.09069589601657556,5.615624896221015e-05
26.425,0.1136818817737711,5.160315979448843e-05
26.43,0.13348221006780542,4.3340139047720375e-05
26.435000000000002,0.14835483988846782,3.207222713313891e-05
26.44,0.15699705663773145,1.8779468157593605e-05
26.445,0.15866161497679865,4.629539487730858e-06
26.45,0.15322335909829066,-9.129595090228377e-06
26.455000000000002,0.14119038092762642,-2.128415522479404e-05
26.46,0.1236587214499018,-3.07668718002376e-05
26.465,0.10221465374189864,-3.675946038965305e-05
26.47,0.07879325961529746,-3.877865716455668e-05
26.475,0.05550590839738404,-3.673279441616915e-05
26.48,0.03445201888910283,-3.0906639023633086e-05
26.485,0.017531886766281327,-2.1808747583252358e-05
26.490000000000002,0.00627726470027648,-9.95490092826609e-06
26.495,0.0017147997396773085,4.057400800258102e-06
26.5,0.00427450312299732,1.907909946043833e-05
26.505,0.013751412848796662,3.326836821186796e-05
26.51,0.02932386695710886,4.479556716617125e-05
26.515,0.049626758376976936,5.258304658929171e-05
26.52,0.07287324034234868,5.624332863739943e-05
26.525000000000002,0.0970140317924928,5.568774022351332e-05
26.53,0.11992011996654836,5.1030003481457965e-05
26.535,0.13957257143644014,4.267102142068594e-05
26.54,0.1542425290738415,3.133047076261152e-05
26.545,0.16264534741456158,1.7999568698526986e-05
26.55,0.1640551245612466,3.852556762748711e-06
26.555,0.15836941959212214,-9.860570530973682e-06
26.560000000000002,0.14611838562848317,-2.192812402947787e-05
26.565,0.12841750430699944,-3.128818609558077e-05
26.57,0.10686813559051518,-3.712941903172783e-05
26.575,0.08341474934776416,-3.897420593469882e-05
26.580000000000002,0.06017156714662489,-3.673181286483666e-05
26.585,0.03923406992211578,-3.0685201105126253e-05
26.59,0.022492176456174212,-2.1357842019554564e-05
26.595,0.011461748644749664,-9.328008723337194e-06
26.6,0.007149445613466518,4.709459292056359e-06
26.605,0.009962975543237343,1.9564017824463525e-05
26.61,0.019674746657997053,3.347812202939625e-05
26.615000000000002,0.03544215805194325,4.475852861073867e-05
26.62,0.05588272133800565,5.238200242884863e-05
26.625,0.07919731568604327,5.5924843199480726e-05
26.63,0.10333058751103381,5.525799643104463e-05
26.635,0.1261541944603766,5.048864104518705e-05
26.64,0.1456565566769872,4.202948272306754e-05
26.645,0.1601221981624206,3.061403627063285e-05
26.650000000000002,0.16828468915346764,1.72439515280252e-05
26.655,0.16943955401348731,3.0995110429563304e-06
26.66,0.16350707839397122,-1.0567652858918667e-05
26.665,0.15103941612607813,-2.2548285460640462e-05
26.67,0.13317136223103665,-3.178619955195003e-05
26.675,0.11151918085616498,-3.7477577518634295e-05
26.68,0.0880365080796566,-3.915154372283611e-05
26.685000000000002,0.06484017649514479,-3.672035531913489e-05
26.69,0.044021490095139316,-3.0467896261940578e-05
26.695,0.027459775143876416,-2.09329334712484e-05
26.7,0.016654829814926997,-8.748821982402062e-06
26.705000000000002,0.012593210459626414,5.307553902022029e-06
26.71,0.015660275685254285,2.0014826387269126e-05
26.715,0.02560582990739589,3.3690768697684496e-05
26.72,0.041566429408050054,4.4754779257514065e-05
26.725,0.06214236221430273,5.2224219647860264e-05
26.73,0.08552243869635234,5.564535993157719e-05
26.735,0.10964546724335926,5.4859910437994856e-05
26.740000000000002,0.1323840187368285,4.997346136338983e-05
26.745,0.15173409639496346,4.1410945614409995e-05
26.75,0.16599380107046194,2.991904389036024e-05
26.755,0.17391506319001165,1.6509227794902472e-05
26.76,0.17481491375242492,2.367377780304818e-06
26.765,0.1686363740771773,-1.1253579442526964e-05
26.77,0.15595353570920284,-2.314712900233706e-05
26.775000000000002,0.13792037758380887,-3.226314950603557e-05
26.78,0.11616788363070063,-3.780584012087664e-05
26.785,0.09265863324413783,-3.931199761493279e-05
26.79,0.06951182853084842,-3.669860246927764e-05
26.795,0.04881435794075527,-3.025272658808942e-05
26.8,0.03243474080516505,-2.0528630782868752e-05
26.805,0.021856540460925125,-8.208252869554685e-06
26.810000000000002,0.018046097927392382,5.862512820060933e-06
26.815,0.02136637827204589,2.0439878412187957e-05
26.82,0.031544610647310276,3.390826326078237e-05
26.825,0.04769660703464136,4.477975542055257e-05
26.830000000000002,0.06840559157056614,5.210215519691617e-05
26.835,0.09184851246701739,5.5397652307720966e-05
26.84,0.11595857525184611,5.448764265257861e-05
26.845,0.13860950676242367,5.293514547982849e-05
