Potential (V vs Ag/AgCl),Current density (A/cm^2)
0.4,0.0005308267949789969
0.4530826794978997,0.0004474135259920826
0.489482705246602,0.0002231439532524152
0.4977114701314478,-7.215690483231374e-05
0.47505132427757896,-0.0003465488535296647
0.4284016994374948,-0.0005146015655367189
0.37213101128351456,-0.00052399281644158
0.32360313725785883,-0.0003717987187669774
0.2977712749271311,-0.00010540401756667353
0.30252235141117484,0.0001922509758673695
0.3362214747707527,0.00042849302530582943
0.3882209480470687,0.0005297694895670863
0.4421753674101715,0.0004645486127986736
0.48113066800438636,0.0002531365353544102
0.4928026728428272,-3.864483696185843e-05
0.47340169943749477,-0.0003199510834333257
0.4288124552684678,-0.0005031991514324172
0.3727618685414275,-0.0005313358317430464
0.32254528940713123,-0.0003956009595771689
0.2936416838871369,-0.0001382548103810332
0.2948943483704846,0.0001605795431938945
0.325757601025131,0.00040786169364953536
0.3764666766435696,0.0005266016779024011
0.43107792915650733,0.00047983059816028285
0.4724327925502015,0.0002821103660576961
0.48750000000000004,-4.999991354530491e-06
0.47143279255020154,-0.00029211034752729025
0.4290779291565073,-0.0004898305745703876
0.37346667664356953,-0.000536601641289877
0.3217576010251311,-0.0004178616776522176
0.28989434837048467,-0.0001705797100398617
0.2876416838871369,0.00012825463443798664
0.3155452894071311,0.0003856009846368506
0.36476186854142756,0.0005213358801566838
0.4198124552684679,0.0004931991798188976
0.4634016994374948,0.00030995110377407304
0.4818026728428272,2.8644854447685242e-05
0.46913066800438646,-0.0002631365181222987
0.4291753674101717,-0.00047454859286052986
0.3742209480470688,-0.0005397694619926982
0.32122147477075275,-0.00043849301903638166
0.2865223514111749,-0.0002022511437140823
0.2807712749271311,9.540382005247487e-05
0.30560313725785887,0.00036179875014984646
0.35313101128351454,0.0005139928794856858
0.4084016994374948,0.0005046015990822795
0.454051324277579,0.0003365488744426478
0.4757114701314478,6.215692006960285e-05
0.466482705246602,-0.00023314394131267722
0.4290826794978998,-0.0004574135169898381
0.3750000000000001,-0.0005408267916474072
0.3209173205021004,-0.0004574135610262449
0.28351729475339804,-0.000233144118079679
0.27428852986855223,6.215674548956562e-05
0.29594867572242106,0.0003365489244780105
0.3415983005625053,0.0005046016566244626
0.39686898871648557,0.000513992856739441
0.44439686274214146,0.0003617987092785903
0.46922872507286884,9.540394900914986e-05
0.46347764858882523,-0.00020225098385823887
0.4287785252292474,-0.0004384929710798775
0.3757790519529315,-0.0005397694572964843
0.3208246325898285,-0.00047454863276510717
0.2808693319956137,-0.00026313671206249905
0.2681973271571728,2.864462013855511e-05
0.28659830056250535,0.000309951153712048
0.3301875447315323,0.0004931992757380714
0.3852381314585726,0.0005213358909680329
0.43445471059286894,0.0003856009592639942
0.4623583161128632,0.000128254730770297
0.4601056516295153,-0.0001705795658998871
0.4282423989748694,-0.0004178616256844924
0.3765333233564309,-0.0005366016315959384
0.32092207084349317,-0.0004898306098457971
0.27856720744979874,-0.0002921105579633616
0.26250000000000007,-5.0003002783635836e-06
0.2775672074497983,0.00028211040229011986
0.31892207084349256,0.0004798307380545929
0.3735333233564302,0.0005266017237452658
0.4242423989748689,0.00040786168849829026
0.4551056516295153,0.00016057961874328398
0.4563583161128632,-0.00013825467975568767
0.42745471059286894,-0.0003956009030653566
0.3772381314585726,-0.0005313358163188197
0.32118754473153227,-0.0005031991811653019
0.2765983005625053,-0.00031995130861359444
0.25719732715717286,-3.8645235480373265e-05
0.2688693319956137,0.00025313653854777115
0.3078246325898286,0.0004645488040327099
0.3617790519529315,0.0005297695753543719
0.41377852522924746,0.0004284930449951191
0.44747764858882527,0.00019225104189881542
0.4522287250728689,-0.00010540389660680637
0.426396862742141,-0.00037179865583485534
0.3778689887164852,-0.0005239927929995077
0.321598300562505,-0.0005146015869277271
0.2749486757224213,-0.00034654908867151195
0.25228852986855227,-7.215740449515518e-05
0.26051729475339797,0.0002231439009781288
0.2969173205021002,0.00044741378474884617
0.3499999999999998,0.0005308269465562469
0.40308267949789955,0.00044741360748805326
0.43948270524660193,0.00022314400829532722
0.44771147013144785,-7.21568630051373e-05
0.425051324277579,-0.0003465488202218501
0.3784016994374948,-0.0005146015409025873
0.32213101128351457,-0.0005239928268470435
0.27360313725785884,-0.0003717989282672442
0.24777127492713114,-0.00010540454956292927
0.2525223514111749,0.00019225084696754271
0.28622147477075277,0.0004284933032864932
0.3382209480470688,0.0005297696681001718
0.3921753674101717,0.00046454870689046165
0.4311306680043865,0.000253136598419334
0.44280267284282715,-3.864478918472226e-05
0.4234016994374942,-0.0003199510453246555
0.3788124552684682,-0.0005031991226366326
0.3227618685414279,-0.0005313358377251574
0.2725452894071314,-0.0003956011772794053
0.24364168388713697,-0.00013825545802502616
0.24489434837048457,0.00016057928583719842
0.27575760102513086,0.0004078620270272517
0.32646667664356943,0.0005266019173621814
0.3810779291565071,0.00047983072115542936
0.4224327925502015,0.0002821104464179394
0.4375,-4.999931193015029e-06
0.42143279255020155,-0.00029211029981206655
0.3790779291565073,-0.0004898305378624861
0.3234666766435696,-0.0005366016397031425
0.271757601025131,-0.000417861898605759
0.23989434837048462,-0.00017058048014907695
0.2376416838871369,0.00012825419807530972
0.26554528940713124,0.0003856013718690185
0.31476186854142774,0.0005213362020109301
0.369812455268468,0.0004931993423899587
0.4134016994374949,0.0003099512073314225
0.4318026728428272,2.864493111745366e-05
0.41913066800438625,-0.00026313645762238576
0.37917536741017127,-0.00047454854567163004
0.3242209480470683,-0.0005397694506070893
0.27122147477075237,-0.0004384932388742258
0.23652235141117522,-0.00020225204085257375
0.23077127492713095,9.54031426823355e-05
0.2556031372578582,0.00036179917953198276
0.30313101128351366,0.0005139933107047333
0.35840169943749395,0.0005046018151918157
0.4040513242775784,0.00033654900849183864
0.4257114701314477,6.21570181812862e-05
0.4164827052466023,-0.0002331438642929234
0.3790826794979003,-0.000457413456333908
0.3250000000000007,-0.0005408267679358894
0.2709173205021009,-0.00045741377513061724
0.23351729475339833,-0.0002331451433019389
0.22428852986855213,6.21557545734529e-05
0.24594867572242074,0.00033654936925949907
0.2915983005625048,0.0005046022309174805
0.346868988716485,0.0005139931452954169
0.39439686274214086,0.0003617988833196726
0.4192287250728688,9.540407483327656e-05
0.4134776485888253,-0.00020225088562816126
0.3787785252292476,-0.0004384928932340055
0.32577905195293166,-0.0005397694181655372
0.2708246325898287,-0.00047454883613481306
0.23086933199561377,-0.00026313786238759567
0.21819732715717283,2.86432339889608e-05
0.23659830056250514,0.0003099515653774019
0.28018754473153207,0.0004932000340744081
0.33523813145857234,0.0005213362777336332
0.38445471059286884,0.0003856011858258401
0.4123583161128631,0.00012825489238149718
0.4101056516295154,-0.00017057944048342436
0.378242398974869,-0.00041786152593326493
0.32653332335643037,-0.0005366015731730326
0.2709220708434927,-0.0004898307969977037
0.22856720744979842,-0.00029211182610771116
0.2125,-5.002170140501082e-06
0.22756720744979858,0.00028211070233902415
0.26892207084349296,0.00047983172825314155
0.32353332335643065,0.0005266022438417811
0.3742423989748692,0.0004078619842098988
0.40510565162951545,0.00016057982658982677
0.40635831611286305,-0.00013825451950251594
0.3774547105928686,-0.0003956007754065485
0.32723813145857206,-0.0005313357337120985
0.2711875447315318,-0.0005031993459958779
0.22659830056250496,-0.0003199526829354802
0.20719732715717282,-3.864768093653838e-05
0.2188693319956139,0.00025313660904518635
0.25782463258982896,0.0004645500787759681
0.31177905195293193,0.0005297702765443681
0.3637785252292478,0.0004284934320387618
0.3974776485888254,0.00019225130953932985
0.40222872507286905,-0.00010540369170129209
0.3763968627421416,-0.00037179849261250315
0.3278689887164862,-0.0005239926800021972
0.27159830056250583,-0.0005146017225104624
0.2249486757224215,-0.00034655055329812216
0.20228852986855228,-7.216051649346375e-05
0.21051729475339787,0.00022314357437700253
0.2469173205020999,0.00044741539709638805
0.2999999999999996,0.0005308278934672456
0.3530826794979005,0.0004474141155930832
0.38948270524660183,0.00022314435336681236
0.39771147013144764,-7.215660083508206e-05
0.37505132427757915,-0.0003465486116595393
0.3284016994374964,-0.0005146013896211413
0.2721310112835148,-0.0005239929251492503
0.22360313725786002,-0.0003718004633594918
0.1977712749271312,-0.00010540841304642217
0.2025223514111743,0.000192249895997638
0.23622147477075264,0.00042849529848231475
0.2882209480470672,0.0005297709474987883
0.3421753674101715,0.00046454937608194675
0.3811306680043857,0.00025313704391802
0.3928026728428272,-3.864445352507795e-05
0.37340169943749557,-0.0003199507789282258
0.32881245526846775,-0.0005031989230193437
0.27276186854142886,-0.0005313358892275904
0.22254528940713103,-0.0003956027593723557
0.1936416838871372,-0.0001382601464445161
0.19489434837048475,0.00016057741454911082
0.22575760102513015,0.00040786442914088263
0.2764666766435699,0.0005266036444719297
0.3310779291565063,0.00047983160555066127
0.37243279255020173,0.0002821110224025183
0.38750000000000007,-4.999501147510499e-06
0.37143279255020134,-0.00029210995960327003
0.3290779291565082,-0.0004898302770999704
0.2734666766435677,-0.0005366016329026281
0.22175760102513176,-0.00041786350094882743
0.18989434837048408,-0.0001705860499603656
0.1876416838871367,0.00012825103537606768
0.21554528940713058,0.00038560416364008505
0.2647618685414268,0.0005213385276399404
0.31981245526846713,0.0004932005154407574
0.36340169943749434,0.0003099519531990317
0.38180267284282715,2.8645482491731218e-05
0.3691306680043867,-0.0002631360231545231
0.32917536741017206,-0.0004745482074329095
0.27422094804706926,-0.0005397693713770215
0.22122147477075316,-0.00043849483168771457
0.18652235141117507,-0.00020225852643111566
0.18077127492713108,9.539823983903322e-05
0.20560313725785856,0.00036180227378364906
0.2531310112835142,0.0005139964285601607
0.3084016994374944,0.0005046033769034548
0.35405132427757874,0.00033654997603465924
0.3757114701314478,6.215772566473355e-05
0.3664827052466021,-0.0002331433093847236
0.3290826794978999,-0.00045741301979178355
0.27500000000000024,-0.0005408265987117715
0.22091732050210044,-0.0004574153256921478
0.18351729475339812,-0.0002331525526866826
0.17428852986855214,6.214858813733011e-05
0.19594867572242106,0.000336552570502444
0.2415983005625052,0.0005046063838696867
0.2968689887164855,0.000513995232112784
0.34439686274213926,0.00036180014085170667
0.3692287250728689,9.540498338135911e-05
0.36347764858882614,-0.0002022501767334638
0.3287785252292472,-0.000438492331819851
0.275779051952934,-0.0005397691369123741
0.22082463258982832,-0.00047455030861076554
0.18086933199561356,-0.0002631461741866794
0.1681973271571729,2.8633215359791793e-05
0.18659830056250543,0.00030995452083873323
0.23018754473153252,0.0004932055172356811
0.28523813145857285,0.0005213390759606063
0.3344547105928692,0.000385602823784522
0.36235831611286323,0.00012825606018349847
0.36010565162951524,-0.00017057853458922673
0.3282423989748686,-0.0004178608057445681
0.2765333233564299,-0.0005366011520779961
0.22092207084349222,-0.0004898321519365842
0.17856720744979818,-0.0002921209877707097
0.1625,-5.015677748049667e-06
0.17756720744979887,0.0002821128426916228
0.21892207084349338,0.00047983888550660647
0.27353332335643116,0.0005266060076244232
0.32424239897486956,0.00040786412279935903
0.35510565162951563,0.0001605813290830342
0.35635831611286295,-0.0001382533614153049
0.32745471059287035,-0.0003955998531678955
0.27723813145857157,-0.0005313351375287158
0.22118754473153399,-0.0005032005394024112
0.1765983005625047,-0.0003199626104348545
0.15719732715717294,-3.866533802722051e-05
0.16886933199561416,0.00025313708060687926
0.20782463258982692,0.0004645592878235224
0.26177905195293244,0.0005297753515495936
0.31377852522924593,0.00042849623170822346
0.34747764858882557,0.00019225324469268715
0.3522287250728692,-0.00010540221053928645
0.3263968627421403,-0.00037179731306267403
0.277868988716487,-0.0005239918639506549
0.221598300562504,-0.0005146027044159087
0.17494867572242204,-0.0003465611320868346
0.15228852986855204,-7.218297603750256e-05
0.16051729475339743,0.000223141166440755
0.19691732050210156,0.00044742703625267406
0.24999999999999864,0.0005308347473324
0.3030826794979009,0.0004474177914586982
0.3394827052466014,0.000223146848658669
0.3477114701314476,-7.215470548821528e-05
0.3250513242775797,-0.0003465471042005928
0.27840169943749316,-0.0005146002967218581
0.22213101128351564,-0.0005239936375851134
0.17360313725785767,-0.0003718115503048258
0.14777127492713132,-0.00010543628399989971
0.15252235141117448,0.00019224296908728564
0.18622147477075185,0.00042850968649332864
0.23822094804706767,0.0005297802077668395
0.2921753674101707,0.0004645542178319265
0.33113066800438595,0.0002531402655846207
0.3428026728428272,-3.864202677208575e-05
0.3234016994374953,-0.000319948853325394
0.27881245526846854,-0.000503197480702479
0.22276186854142835,-0.0005313362634923902
0.17254528940713168,-0.00039561418522506263
0.14364168388713708,-0.00013829395437473427
0.14489434837048443,0.00016056383750471224
0.17575760102513055,0.0004078817275566459
0.22646667664356893,0.0005266161438404108
0.28107792915650676,0.0004798380049546468
0.3224327925502012,0.00028211518774547703
0.3375,-4.996392022060839e-06
0.3214327925502018,-0.0002921075004639823
0.2790779291565077,-0.0004898283928890815
0.22346667664357,-0.0005366015859835284
0.17175760102513135,-0.00041787507280650226
0.13989434837048476,-0.0001706261976581194
0.13764168388713682,0.00012822814089245792
0.16554528940713087,0.0003856242301825379
0.2147618685414273,0.0005213553546372043
0.2698124552684676,0.0004932090043453876
0.31340169943749463,0.00030995734703823135
0.33180267284282716,2.864946862237446e-05
0.31913066800438644,-0.0002631328828344996
0.2791753674101716,-0.0004745457634443435
0.22422094804706874,-0.0005397688013477947
0.17122147477075272,-0.00043850633485286106
0.13652235141117486,-0.00020230525761631224
0.13077127492713114,9.536280899481267e-05
0.1556031372578589,0.0003618244553274699
0.20313101128351463,0.0005140189788349428
0.25840169943749486,0.0005046146795547601
0.304051324277579,0.0003365569728124552
0.32571147013144786,6.216284001897992e-05
0.3164827052466019,-0.00023313929886568005
0.27908267949789944,-0.0004574098657174269
0.2249999999999997,-0.0005408253788725674
0.17091732050210007,-0.0004574265243070495
0.1335172947533979,-0.00023320592174019668
0.12428852986855227,6.209687415269525e-05
0.14594867572242134,0.0003365754264204102
0.1915983005625057,0.0005046364027034472
0.24686898871648597,0.0005140103367830137
0.2943968627421415,0.0003618092344880941
0.319228725072869,9.541155062389235e-05
0.313477648588826,-0.00020224505387992584
0.2787785252292468,-0.00043848827596607097
0.22577905195293355,-0.0005397671083629704
0.17082463258982786,-0.000474560944458766
0.13086933199561468,-0.0002632060242644293
0.11819732715717288,2.8561015015074087e-05
0.13659830056250408,0.0003099754722212388
0.18018754473153298,0.0004932451172404108
0.23523813145857053,0.0005213593320822672
0.28445471059286953,0.00038561466822087967
0.3123583161128627,0.0001282645004859193
0.3101056516295151,-0.00017057198901382727
0.2782423989748704,-0.0004178556035770216
0.2265333233564294,-0.0005365981143205453
0.17092207084349437,-0.000489841940818239
0.12856720744979788,-0.0002921869387302688
0.11250000000000002,-5.112900014552066e-06
0.1275672074497991,0.0002821277508103392
0.16892207084349126,0.00047989051447340026
0.22353332335643164,0.0005266332557284874
0.2742423989748678,0.00040787958734850137
0.30510565162951575,0.00016059218706906188
0.3063583161128635,-0.00013824499494953938
0.27745471059286786,-0.00039559319265444477
0.2272381314585739,-0.000531330836574443
0.17118754473153353,-0.0005032091645048352
0.1265983005625061,-0.000320034056843872
0.10719732715717295,-3.8792273167195126e-05
0.11886933199561302,0.0002531397690374293
0.15782463258982737,0.0004646256103851804
0.21177905195293012,0.0005298120938407341
0.26377852522924633,0.00042851647698182176
0.29747764858882475,0.0001922672275325689
0.30222872507286913,-0.00010539151200341493
0.2763968627421419,-0.00037178879590480784
0.22786898871648653,-0.0005239859772516193
0.17159830056250627,-0.000514609806077328
0.12494867572242173,-0.00034663725033345027
0.10228852986855234,-7.234424620624434e-05
0.11051729475339765,0.00022312291496796806
0.14691732050209957,0.0004475106800319351
0.19999999999999912,0.0005308843659746185
0.253082679497899,0.00044744437393831095
0.2894827052466028,0.00022316487637270897
0.2977114701314479,-7.214101805873791e-05
0.2750513242775794,-0.0003465362217847316
0.22840169943749544,-0.0005145924140556012
0.1721310112835124,-0.0005239987987960472
0.12360313725785929,-0.0003718913126458038
0.09777127492713125,-0.00010563618275737281
0.10252235141117465,0.00019219202261221241
0.13622147477074997,0.0004286127901713818
0.18822094804706815,0.0005298472347269927
0.24217536741017112,0.00046458923429477255
0.28113066800438613,0.0002531635377165498
0.2928026728428274,-3.8624505722758804e-05
0.2734016994374933,-0.0003199349558925967
0.22881245526846813,-0.0005031870798929977
0.17276186854142786,-0.0005313389903548403
0.12254528940713344,-0.00039569637762103786
0.09364168388713623,-0.00013853616818929214
0.09489434837048458,0.00016046498758207176
0.1257576010251309,0.0004080052173107579
0.17646667664356663,0.0005267065787325582
0.23107792915650974,0.00047988429218147723
0.2724327925502015,0.00028214527210572297
0.2875,-4.97394992454329e-06
0.2714327925502031,-0.0002920897575639444
0.22907792915650468,-0.0004898148089359919
0.17346667664356952,-0.0005366012821557074
0.12175760102513096,-0.0004179583126878833
0.0898943483704855,-0.00017091352929431272
0.08764168388713763,0.0001280624485356723
0.11554528940713127,0.00038576674582773866
0.16476186854142774,0.0005214770131127741
0.2198124552684654,0.0004932704150152604
0.2634016994374966,0.000309996298381617
0.2818026728428272,2.867823307513349e-05
0.2691306680043862,-0.0002631102325677258
0.2291753674101737,-0.0004745281492314139
0.1742209480470711,-0.0005397647352184219
0.12122147477075232,-0.0004385890845653407
0.08652235141117466,-0.00020263937327146312
0.08077127492713071,9.510754199140928e-05
0.10560313725785729,0.0003619808528222696
0.15313101128351508,0.0005141818308345482
0.2084016994374953,0.0005046964620144969
0.25405132427757754,0.0003366074923747572
0.27571147013144753,6.219973463895066e-05
0.26648270524660167,-0.0002331103826837907
0.229082679497899,-0.00045738714195809585
0.17500000000000207,-0.00054081664182098
0.12091732050210205,-0.00045750709586547627
0.08351729475339767,-0.00023358714227406284
0.07428852986855194,6.172572761661707e-05
0.09594867572241986,0.0003367348041170173
0.14159830056250347,0.0005048528242855916
0.19686898871648917,0.0005141196541708993
0.2443968627421399,0.000361874885637872
0.26922872507286855,9.545891053514035e-05
0.26347764858882583,-0.00020220813275816226
0.22877852522924408,-0.00043845906738170355
0.175779051952933,-0.0005397525619511321
0.12082463258982994,-0.0004746374913146269
0.08086933199561444,-0.00026363317655257534
0.06819732715717278,2.8044668507269247e-05
0.08659830056250432,0.00031011870871276205
0.1301875447315308,0.0004935299291807485
0.18523813145857101,0.0005215059641264025
0.23445471059286785,0.0003857001696111049
0.26235831611286275,0.00012832534608016595
0.2601056516295158,-0.0001705248355696868
0.22824239897487003,-0.00041781815745954803
0.17653332335643176,-0.0005365763236084121
0.12092207084349388,-0.0004899124325017551
0.07856720744979917,-0.00029265727652213634
0.0625,-5.8058618867893904e-06
0.07756720744979788,0.0002822246048249153
0.11892207084349166,0.00048026061448374474
0.17353332335642932,0.0005268305323134574
0.22424239897486814,0.00040799121360088873
0.25510565162951504,0.00016067043110150586
0.25635831611286336,-0.00013818475447182737
0.2274547105928696,-0.0003955452748886202
0.1772381314585734,-0.0005312999859266545
0.12118754473153309,-0.0005032713401115314
0.07659830056250574,-0.0003205432523479493
0.05719732715717289,-3.969408530682148e-05
0.06886933199561324,0.00025314567534954514
0.1078246325898278,0.00046509892603590356
0.1617790519529306,0.0005300781091846368
0.21377852522924673,0.0004286626090652797
0.2474776485888249,0.000192367947476691
0.25222872507286903,-0.00010531452326497836
0.2263968627421416,-0.0003717275581546999
0.17786898871648604,-0.0005239437639722347
0.12159830056250578,-0.0005146611025033874
0.07494867572242142,-0.00034717944912221775
0.0522885298685523,-7.348638204991744e-05
0.06051729475339784,0.00022297570852277106
0.09691732050209997,0.0004481040839499997
0.14999999999999963,0.0005312435093392039
0.20308267949789938,0.00044763625822175546
0.23948270524660178,0.00022329467383714807
0.24771147013144784,-7.204258205418008e-05
0.22505132427757912,-0.0003464580317993313
0.17840169943749498,-0.0005145359138956838
0.12213101128351467,-0.0005240362492686664
0.07360313725785897,-0.0003724592364252774
0.047771274927131166,-0.0001070475572332867
0.05252235141117484,0.0001918089239780233
0.08622147477075259,0.0004293385426659178
0.13822094804706866,0.0005303320377858646
0.19217536741017155,0.00046484203213399656
0.23113066800438642,0.0002533310146401661
0.24280267284282753,-3.849858687917177e-05
0.22340169943749472,-0.0003198351806379707
0.17881245526846767,-0.0005031125768498404
0.12276186854142737,-0.0005313590880508105
0.07254528940713513,-0.00039628145281796705
0.04364168388713684,-0.0001402412473118369
0.04489434837048473,0.00015974026908104438
0.07575760102513128,0.0004088654573318196
0.12646667664356429,0.0005273598066955822
0.1810779291565076,0.0004802185320740539
0.22243279255020176,0.00028236166455531894
0.23750000000000002,-4.812789578391256e-06
0.22143279255020126,-0.00029196248599399607
0.17907792915650683,-0.000489717579705195
0.12346667664356904,-0.0005365998024620463
0.07175760102513058,-0.0004185507982258928
0.03989434837048446,-0.00017293048944467783
0.037641683887137053,0.00012686625125477014
0.06554528940713163,0.0003867455697236668
0.11476186854142824,0.0005223537982865382
0.1698124552684685,0.0004937139972528923
0.2134016994374952,0.00031027632446495334
0.23180267284282724,2.88846174515303e-05
0.21913066800438596,-0.000262947921115263
0.17917536741017076,-0.0004744021900689542
0.12422094804707344,-0.0005397365083858539
0.07122147477075194,-0.0004391781697885459
0.03652235141117449,-0.00020497845637074637
0.030771274927131317,9.328630906170845e-05
0.055603137257855664,0.00036303363639485453
0.10313101128351557,0.000515351443662793
0.1584016994374958,0.0005052874097024218
0.20405132427757966,0.0003369704930126652
0.2257114701314472,6.246419936193701e-05
0.21648270524660146,-0.00023290340176789962
0.1790826794978986,-0.00045722482242777047
0.12499999999999872,-0.0005407552653309189
0.07091732050210403,-0.0004580809391068494
0.03351729475339747,-0.0002362493373235856
0.024288529868552386,5.910464374214445e-05
0.045948675722421964,0.0003377746686122709
0.09159830056250122,0.0005063993816516954
0.1468689887164869,0.0005149098484485564
0.19439686274214218,0.00036234636848051405
0.21922872507286917,9.579803084518748e-05
0.21347764858882667,-0.00020194418650267316
0.178778525229246,-0.0004382506913650632
0.12577905195292968,-0.0005396500388008552
0.07082463258982699,-0.00047518317057165625
0.030869331995615548,-0.0002666093247175972
0.01819732715717265,2.4432345224767602e-05
0.03659830056250629,0.00031100042362437063
0.08018754473153387,0.0004955509488862184
0.13523813145856867,0.0005225661315320516
0.18445471059286614,0.0003863139110839305
0.2123583161128636,0.00012876051747167487
0.21010565162951475,-0.00017018821917624496
0.17824239897487182,-0.00041755140672387696
0.1265333233564341,-0.0005364226088601607
0.07092207084349088,-0.0004904157813608136
0.028567207449797363,-0.00029592765019040025
0.012499999999999983,-1.0610431672659764e-05
0.027567207449796627,0.0002827267513723383
0.06892207084349469,0.0004828618599596536
0.1235333233564326,0.0005282567417463416
0.17424239897486632,0.00040879213706693815
0.20510565162951433,0.00016122930798301071
0.20635831611286254,-0.00013775540383825592
0.17745471059286716,-0.0003952045042268954
0.1272381314585757,-0.0005310824191725991
0.0711875447315353,-0.0005037166436672563
0.0265983005625038,-0.0003240776045195135
0.007197327157172667,-4.5892536665595685e-05
0.018869331995612082,0.0002529525177309394
0.05782463258982576,0.00046838350958144427
0.11177905195292827,0.0005319999391064246
0.1637785252292494,0.00042971074472423755
0.197477648588824,0.0001930863278625585
0.2022287250728695,-0.00010476679883984748
0.17639686274214322,-0.0003712929033281416
0.1278689887164828,-0.0005236463596939541
0.071598300562508,-0.0005150306287852493
0.02494867572242293,-0.0003509374750222519
0.0022885298685526023,-8.127044503141103e-05
0.010517294753399242,0.00022166084469754085
0.046917320502097966,0.00045215342912546444
0.09999999999999723,0.000533833792260716
0.1530826794978974,0.00044901220913527707
0.1894827052466032,0.0002242189769784453
0.19771147013144807,-7.134371269432578e-05
0.17505132427758058,-0.00034590428182982463
0.12840169943749724,-0.0005141384748354122
0.07213101128351146,-0.0005243095909528581
0.023603137257860535,-0.0003763913408815265
-0.0022287250728684344,-0.00011658769744046798
0.002522351411173976,0.00018882328323967528
0.03622147477075531,0.00043418272748131263
0.08822094804706626,0.0005338175817352813
0.14217536741016945,0.0004666545244320554
0.18113066800438526,0.00025452155200590064
0.19280267284282693,-3.7606678509845265e-05
0.1734016994374927,-0.0003191303539582408
0.12881245526846982,-0.0005025895872288114
0.0727618685414297,-0.0005315122865231263
0.022545289407132713,-0.00040032967974426266
-0.006358316112864026,-0.00015167534020378375
-0.005105651629516039,0.0001544072391626702
0.025757601025129473,0.00041444089856579005
0.0764666766435676,0.0005320316175079802
0.1310779291565106,0.00048261481056865655
0.17243279255020044,0.0002838969799655072
0.18750000000000003,-3.6742764305142904e-06
0.17143279255020255,-0.0002910660351589164
0.12907792915650376,-0.0004890368252569206
0.07346667664357134,-0.0005366042213942441
0.021757601025132425,-0.00042264975544813356
-0.010105651629514809,-0.00018635342744034922
-0.012358316112862158,0.00011838651643274818
0.015545289407129861,0.0003928392001897828
0.06476186854142593,0.000528573978279557
0.11981245526846632,0.0004968940138029629
0.1634016994374971,0.0003122589856789512
0.18180267284282703,3.0338235861233718e-05
0.1691306680043871,-0.000261808472970826
0.12917536741017283,-0.00047352304043415104
0.07422094804706439,-0.0005395574170264704
0.021221474770753784,-0.00044325577416922567
-0.013477648588824623,-0.00022043351193860145
-0.0192287250728691,8.0754283750421e-05
0.005603137257857965,0.00036921483543474567
0.05313101128351324,0.0005235520872192755
0.10840169943749357,0.0005095228729656145
0.15405132427757817,0.0003395348674561888
0.17571147013144767,6.43205364624364e-05
0.1664827052466024,-0.000231455919139662
0.12908267949790062,-0.00045609609878515027
0.0750000000000011,-0.0005403500832054106
0.020917320502101232,-0.00046205881226235476
-0.016482705246601573,-0.0002537219251288456
-0.02571147013144791,4.153721279438213e-05
-0.004051324277579524,0.00034331921880005937
0.041598300562504395,0.0005170665558264795
0.09686898871648458,0.0005205691218853282
0.14439686274214059,0.00036566912695687947
0.16922872507286874,9.816916393429688e-05
0.16347764858882544,-0.00020010641367752672
0.12877852522924788,-0.0004368080287665254
0.07577905195293205,-0.0005389661842787367
0.02082463258982907,-0.00047897653182898676
-0.01913066800438605,-0.00028602354934757453
-0.03180267284282724,8.091114928759144e-07
-0.013401699437495085,0.00031481438293430407
0.0301875447315317,0.0005091846508351656
0.08523813145857197,0.0005301454375468324
0.1344547105928685,0.00039062829494223276
0.162358316112863,0.00013178984255217025
0.1601056516295155,-0.00016785624661903154
0.12824239897486928,-0.0004157140070376397
0.07653332335643077,-0.0005353948850063546
0.020922070843493012,-0.0004939327085688281
-0.021432792550201363,-0.0003171457315369319
-0.037500000000000006,-4.129779362963795e-05
-0.022432792550201627,0.00028328169010418205
0.018922070843492567,0.0004999014898318235
0.07353332335643029,0.0005384167752057674
0.12424239897486888,0.0004144074117260884
0.15510565162951534,0.00016510032856119168
0.1563583161128631,-0.00013479815724381077
0.1274547105928689,-0.00039287116238659575
0.07723813145857245,-0.0005296298623678905
0.02118754473153215,-0.0005068566004960505
-0.023401699437494802,-0.0003469019817712284
-0.04280267284282718,-8.45856103226319e-05
-0.031130668004386297,0.0002482460825470578
0.007824632589828628,0.0004890891139217422
0.061779051952931555,0.000545604310248248
0.1137785252292475,0.00043703873683276955
0.14747764858882523,0.00019803394362326334
0.1522287250728688,-0.00010101922317956958
0.1263968627421448,-0.00036833717744140087
0.0778689887164851,-0.0005216684707185485
0.021598300562504846,-0.0005176821862307657
-0.025051324277579223,-0.00037511513888730175
-0.04771147013144715,-0.00012878876452539236
-0.039482705246601746,0.00020921693713187592
-0.003082679497899199,0.0004764372389974111
0.05000000000000058,0.00055198118319742
0.10308267949789537,0.0004586033103013197
0.13948270524660222,0.00023054402778147326
0.1477114701314477,-6.659838349757784e-05
0.12505132427757845,-0.0003421686683536322
0.07840169943749942,-0.0005115107502652988
0.022131011283513743,-0.0005263472994210184
-0.02639686274214173,-0.00040161975901387023
-0.05222872507286905,-0.00017357768657666993
-0.047477648588826915,0.00016574333063879742
-0.013778525229246587,0.0004613946260708561
0.0382209480470696,0.0005578528374776142
0.09217536741017238,0.0004792458221746502
0.1311306680043841,0.0002626096374026385
0.14280267284282708,-3.160353210686995e-05
0.12340169943749409,-0.00031441932654292
0.07881245526846674,-0.0004991582746431649
0.022761868541431966,-0.0005327926840997828
-0.027454710592865555,-0.0004262635779551758
-0.056358316112863446,-0.0002185678646412093
-0.05510565162951499,0.00011747778136947353
-0.02424239897487239,0.0004431257335426184
0.02646667664356528,0.0005635126706776619
0.08107792915650847,0.0004991925991268111
0.12243279255020223,0.00029424294027467914
0.13749999999999998,3.91188826271237e-06
0.12143279255020381,-0.00028513781659260476
0.0790779291565059,-0.00048461284473040025
0.023466676643568045,-0.0005369609976812645
-0.028242398974865815,-0.00044890800218316823
-0.06010565162951406,-0.0002633332145120765
-0.062358316112862744,6.423932770935572e-05
-0.034454710592867685,0.00042050174130207424
0.014761868541423587,0.0005691634248294585
0.06981245526846414,0.0005187709740104089
0.11340169943749576,0.00032549892252640425
0.13180267284282726,3.991286732782255e-05
0.11913066800438821,-0.00025436544195151883
0.07917536741017492,-0.00046787505419806707
0.02422094804706675,-0.0005387957962621595
-0.028778525229248897,-0.0004694276841872491
-0.06347764858882589,-0.0003074222288579494
-0.06922872507286953,6.065281477764386e-06
-0.04439686274214365,0.00039214549637346175
0.003131011283516477,0.0005747983535124011
0.05840169943749669,0.0005384253541442197
0.10405132427757668,0.0003564882014882706
0.12571147013144737,7.6387474733542e-05
0.116482705246601,-0.0002221336128534998
0.07908267949789777,-0.0004489427761298426
0.025000000000003453,-0.00053824055066061
-0.029082679497896773,-0.00048770932636071055
-0.06648270524660299,-0.0003503751817737474
-0.07571147013144752,-5.675802363066984e-05
-0.05405132427758101,0.00035654375265707774
-0.008401699437497828,0.0005800460055875185
0.04686898871648782,0.000558720553951388
0.09439686274214282,0.000387393852072542
0.1192287250728683,0.00011335230609028278
0.11347764858882631,-0.000188461171897034
0.07877852522924518,-0.00042780964419021167
0.025779051952928685,-0.0005352377574762943
-0.029175367410168858,-0.0005036499252423836
-0.0691306680043849,-0.00039174076573809404
-0.08180267284282704,-0.00012369161931905816
-0.06340169943749317,0.00031222602226483535
-0.019812455268470475,0.0005839995418208128
0.03523813145856967,0.000580316618874798
0.08445471059286683,0.00041849297215399296
0.11235831611286379,0.00015085894829389631
0.11010565162951623,-0.00015335164411944973
0.07824239897487109,-0.0004044636202918568
0.02653332335643311,-0.0005297282223914663
-0.029077929156510043,-0.0005171547093057638
-0.07143279255020009,-0.00043109085533886394
-0.0875,-0.00019396830679295756
-0.07243279255020288,0.00025798925434717453
-0.03107792915650446,0.000585073706632437
0.02353332335642796,0.000603893040987542
0.07424239897486709,0.0004501827455884975
0.10510565162951463,0.00018900183261602528
0.10635831611286226,-0.00011679047819114732
0.0774547105928706,-0.0003788857527748096
0.02723813145857476,-0.0005216506016660249
-0.028812455268465653,-0.0005281350388681812
-0.0734016994374968,-0.00046803252494514915
-0.092802672842827,-0.00026664053653737514
-0.08113066800438741,0.00019312719992613096
-0.04217536741017342,0.0005809527031084798
0.011779051952934834,0.000629997781326901
0.06377852522924563,0.00048300818350223017
0.09747764858882439,0.0002279280403224907
0.10222872507286926,-7.874234013245177e-05
0.07639686274213857,-0.0003510492425522443
0.027868988716487384,-0.0005109412979779519
-0.028401699437492905,-0.0005365065337653474
-0.07505132427757771,-0.0005022169012879233
-0.09771147013144756,-0.0003406432119236034
-0.08948270524660273,0.00011761134273365868
-0.05308267949790118,0.0005686980972341796
-1.7634913907721887e-15,0.0006588041163706252
0.0530826794978982,0.0005176834879997594
0.08948270524660124,0.00026784982161184943
0.09771147013144876,-3.9148512680935417e-05
0.07505132427757628,-0.0003209189570354259
0.028401699437490796,-0.0004975348249268502
-0.027868988716483967,-0.0005421876830572547
-0.07639686274214011,-0.0005333448369588792
-0.10222872507286859,-0.00041486126655120064
-0.09747764858882568,3.2174457320175456e-05
-0.06377852522924848,0.0005450642737013928
-0.011779051952938355,0.0006897830439777034
0.04217536741017525,0.0005550903714671993
0.0811306680043884,0.0003090606677285091
0.09280267284282723,2.07559007077355e-06
0.07340169943749549,-0.0002884515475725727
0.028812455268468935,-0.00048136477039221944
-0.027238131458571294,-0.0005450991692808763
-0.07745471059286803,-0.0005611697016593837
-0.10635831611286138,-0.00048819276053556414
-0.1051056516295174,-6.172984213466667e-05
-0.07424239897486548,0.0005070135489379348
-0.023533323356431456,0.0007213440643268234
0.031077929156506354,0.0005962254778932683
0.07243279255020099,0.0003519554618140121
0.0875,4.504294547542338e-05
0.07143279255020198,-0.0002535962815857285
0.029077929156513235,-0.00046236546210262375
-0.02653332335642392,-0.0005451640824884185
-0.07824239897487281,-0.0005854977733691684
-0.1101056516295169,-0.0005596008995428335
-0.11235831611286332,-0.00016208454261491123
-0.0844547105928694,0.0004523435272990096
-0.03523813145857313,0.0007505549607926593
0.019812455268467193,0.0006420592544905848
0.06340169943749109,0.0003970539003483918
0.08180267284282682,8.989800425052892e-05
0.0691306680043838,-0.00021629653182180048
0.029175367410166964,-0.0004404743200156527
-0.02577905195293089,-0.000542309072482371
-0.078778525229247,-0.000606186756189067
-0.11347764858882502,-0.0006281516950911495
-0.11922872507286897,-0.0002665448735402872
-0.09439686274214525,0.0003802654778286986
-0.04686898871649124,0.0007730974112826205
0.00840169943748912,0.0006932685379201686
0.054051324277582385,0.00044502286105631956
0.07571147013144774,0.00013682139169598914
0.066482705246602,-0.00017649158224069937
0.029082679497899756,-0.00041563467705109527
-0.024999999999999925,-0.0005364662973678266
-0.07908267949789477,-0.0006231428800538407
-0.11648270524659948,-0.0006930369669866476
-0.12571147013144846,-0.000372696219645348
-0.1040513242775753,0.00029174610540062216
-0.05840169943749471,0.0007836119004280377
-0.003131011283514444,0.0007498264058365285
0.04439686274214122,0.0004966861960847
0.06922872507286888,0.00018603771655099238
0.06347764858882719,-0.00013411815601177817
0.028778525229251756,-0.00038779867670925224
-0.02422094804706323,-0.0005275758595118292
-0.0791753674101768,-0.0006363169326454766
-0.11913066800438656,-0.0007535844836713628
-0.13180267284282715,-0.00047828107578899227
-0.11340169943749454,0.00018947677376449226
-0.06981245526846742,0.0007764994011382558
-0.01476186854142705,0.000810485373965526
0.03445471059286512,0.0005529988764795158
0.062358316112861856,0.00023782783323278255
0.060105651629513396,-8.911101911617794e-05
0.02824239897486848,-0.0003569298592990684
-0.023466676643570238,-0.0005155883924959185
-0.07907792915650791,-0.0006456995344046204
-0.12143279255020192,-0.0008092581463293234
-0.13749999999999998,-0.0005813600111037118
-0.12243279255020412,7.745645229603005e-05
-0.08107792915651166,0.0007470799210009064
-0.026466676643574365,0.0008722723257215646
0.024242398974869614,0.0006149489271258043
0.0551056516295156,0.0002925457942253905
0.05635831611286285,-4.140210403723351e-05
0.027454710592868123,-0.0003230051997219614
-0.022761868541428504,-0.0005004675664332407
-0.07881245526846345,-0.0006513159992706222
-0.12340169943749202,-0.0008596514032211586
-0.14280267284282686,-0.0006803953058333793
-0.13113066800438586,-3.968643726102013e-05
-0.09217536741017054,0.0006928152037958022
-0.0382209480470675,0.000930201724509788
0.013778525229248273,0.0006833429099421473
0.04747764858882564,0.000350638383891976
0.052228725072869714,9.082558317389844e-06
0.026396862742144145,-0.0002860163600099001
-0.022131011283510325,-0.00048219229906231776
-0.07840169943749611,-0.0006532210837933978
-0.12505132427757987,-0.0009044767174629859
-0.14771147013144803,-0.0007742656152020349
-0.13948270524660136,-0.00015742411028641542
-0.10308267949789836,0.00061418370488823
-0.050000000000004104,0.0009774565490290937
0.003082679497896229,0.0007584414315672072
0.03948270524660025,0.00041266091013835305
0.0477114701314483,6.242947755039472e-05
0.025051324277577794,-0.0002459695132404804
-0.021598300562506955,-0.0004607581952371045
-0.07786898871648174,-0.0006514936770569876
-0.1263968627421385,-0.0009435530983618111
-0.15222872507286817,-0.000862230806220957
-0.14747764858882656,-0.0002719132304546094
-0.11377852522925037,0.0005148443930597553
-0.06177905195293507,0.0010062207617414585
-0.007824632589821814,0.000839452258538179
0.031130668004390016,0.0004792754068476086
0.04280267284282735,0.00011874985075249464
0.02340169943749687,-0.00020288260952111036
-0.021187544731528868,-0.0004361774063604785
-0.07723813145856898,-0.0006462311696790021
-0.1274547105928663,-0.0009767927962396384
-0.15635831611286224,-0.0009438682175355888
-0.15510565162951295,-0.00038032154131909977
-0.1242423989748629,0.0004009646938697056
-0.07353332335643384,0.001009141543729684
-0.01892207084349576,0.0009239622848258767
0.02243279255019974,0.0005512056322591937
0.037500000000000006,0.00017819815681614586
0.02143279255020325,-0.00015677924063919597
-0.02092207084348982,-0.0004084763261658936
-0.07653332335642721,-0.0006375432911711997
-0.12824239897487538,-0.0010041877412447873
-0.16010565162951446,-0.0010189982753403544
-0.1623583161128639,-0.0004808929522421311
-0.13445471059287112,0.0002799232502367271
-0.08523813145857542,0.0009811062314179562
-0.030187544731534982,0.0010074805570008793
0.013401699437493017,0.0006291105895218407
0.031802672842827034,0.00024099479841040026
0.01913066800438222,-0.00010767958053222172
-0.02082463258982603,-0.00037769154282876164
-0.07577905195292853,-0.0006255457966329752
-0.12877852522924507,-0.0010257963738864633
-0.16347764858882413,-0.0010876122303288534
-0.1692287250728694,-0.0005728210531722875
-0.144396862742143,0.0001588489203179854
-0.096868988716488,0.0009207777197129156
-0.041598300562497,0.0010833378716207434
0.004051324277577206,0.000713335534419191
0.025711470131447464,0.00030744592540110855
0.016482705246603016,-5.558994931628632e-05
-0.020917320502098255,-0.0003438653272753616
-0.07499999999999757,-0.000610354919784522
-0.12908267949789765,-0.0010417316847464075
-0.16648270524660091,-0.001149809762990602
-0.17571147013144806,-0.0006560250613500503
-0.15405132427758048,4.347512488676945e-05
-0.10840169943749693,0.0008312967276946148
-0.053131011283516716,0.0011431913520900323
-0.00560313725786038,0.0008035214494654586
0.01922872507286845,0.00037794981804035836
0.013477648588825927,-4.916954707181846e-07
-0.021221474770750932,-0.00030704134831770473
-0.07422094804706654,-0.0005920830995783316
-0.1291753674101698,-0.0010521508164236825
-0.16913066800438542,-0.0012057497381958422
-0.1818026728428273,-0.0007309074986597159
-0.1634016994374959,-6.242003034961387e-05
-0.11981245526846959,0.0007197986124948702
-0.0647618685414294,0.001178257796847877
-0.015545289407132443,0.0008981081992673898
0.0123583161128627,0.00045297536536658366
0.010105651629515836,5.767197521506923e-05
-0.021757601025129705,-0.0002672595614125813
-0.07346667664356789,-0.000570835273079697
-0.12907792915650576,-0.00105724557040084
-0.17143279255020066,-0.001255613696506933
-0.18750000000000003,-0.0007981419231549905
-0.17243279255020233,-0.00015699863634793744
-0.13107792915650862,0.0005958387407093353
-0.07646667664357104,0.001181132144837963
-0.025757601025132193,0.0009938420772220452
0.005105651629514887,0.0005329910324246882
0.0063583161128634436,0.0001190122662130265
-0.022545289407130145,-0.00022454866372014913
-0.07276186854142623,-0.0005467045428075654
-0.12881245526846655,-0.0010572327768168799
-0.17340169943749395,-0.0012995797169313256
-0.19280267284282704,-0.0008585101389390093
-0.18113066800438699,-0.0002399729316871934
-0.1421753674101726,0.00046927514073400156
-0.08822094804706984,0.0011477258454774706
-0.036221474770753624,0.001085468486989382
-0.0025223514111752804,0.0006183134480040498
0.0022287250728690866,0.000183710058066513
-0.023603137257858134,-0.00017891672312830443
-0.07213101128351354,-0.0005197673822219124
-0.12840169943749388,-0.001052344536427142
-0.17505132427757836,-0.0013378047190762145
-0.19771147013144771,-0.0009127900434051263
-0.18948270524660235,-0.0003120799165354869
-0.1530826794979004,0.0003483659034460078
-0.10000000000000075,0.0010786661853668517
-0.046917320502101,0.0011658263586904086
-0.010517294753398326,0.0007088454985365403
-0.002288529868552047,0.00025201921853565764
-0.02494867572242075,-0.0001303433933552294
-0.07159830056250471,-0.0004900803648124746
-0.1278689887164849,-0.0010428197445411106
-0.17639686274214084,-0.0013704147541306786
-0.20222872507286876,-0.0009616871876044722
-0.19747764858882538,-0.00037459611226454634
-0.16377852522924766,0.00023866377153437628
-0.11177905195293168,0.0009795803258883622
-0.0578246325898289,0.0012265337413988966
-0.018869331995613844,0.0008037019454359008
-0.007197327157172806,0.000324244368628471
-0.026598300562505117,-7.877649779036548e-05
-0.07118754473153195,-0.00045767994147428287
-0.1272381314585723,-0.0010288979994959044
-0.17745471059286871,-0.0013975028228455832
-0.206358316112863,-0.0010058002693040338
-0.2051056516295155,-0.0004289754321708082
-0.1742423989748691,0.0001428550858203917
-0.12353332335643047,0.0008600461011302961
-0.06892207084349279,0.001259324702468116
-0.02756720744979846,0.0009007798688232726
-0.012500000000000039,0.00040068187113615725
-0.028567207449798515,-2.413175515823384e-05
-0.07092207084349278,-0.00042258381134113385
-0.12653332335641929,-0.0010108148454113983
-0.17824239897486915,-0.0014191317035890413
-0.21010565162951542,-0.0010456094501061575
-0.2123583161128631,-0.0004766210424668059
-0.18445471059286866,6.129084502197782e-05
-0.1352381314585722,0.0007314896371292671
-0.08018754473153186,0.0012578466097698856
-0.03659830056250496,0.0009963989023509382
-0.018197327157173523,0.0004815136053921704
-0.03086933199561391,3.3707056021832526e-05
-0.07082463258982888,-0.0003847906126359374
-0.1257790519529319,-0.0009887959738472635
-0.17877852522924775,-0.001435337910758585
-0.2134776485888254,-0.001081476861935039
-0.21922872507286875,-0.0005187647514247147
-0.19439686274214066,-7.19696875521494e-06
-0.14686898871649584,0.0006047398354087523
-0.09159830056250463,0.0012194340665307502
-0.04594867572242059,0.0010851766054024723
-0.024288529868552178,0.0005666389373056047
-0.03351729475339839,9.48843150233125e-05
-0.07091732050210112,-0.00034427729191879945
-0.1250000000000009,-0.0009630497963394858
-0.17908267949790038,-0.0014461348737013447
-0.21648270524660235,-0.0011136524194422085
-0.22571147013144904,-0.0005564188603813438
-0.20405132427757827,-6.452371608677238e-05
-0.1584016994374938,0.0004880802943888262
-0.10313101128351347,0.001146227522475798
-0.055603137257858135,0.0011602983704469224
-0.030771274927130915,0.0006554322685382429
-0.03652235141117524,0.00015955289377766113
-0.07122147477075368,-0.0003009983233401214
-0.12422094804705851,-0.0009337610273666302
-0.17917536741017265,-0.0014515170953280782
-0.21913066800438707,-0.0011422833508217425
-0.23180267284282707,-0.0005903721291621179
-0.21340169943749399,-0.00011278789837196313
-0.1698124552684665,0.00038635560279476463
-0.11476186854142606,0.001045143069984975
-0.06554528940713006,0.0012142884352440376
-0.03764168388713929,0.000746440534913164
-0.039894348370485125,0.00022782411186163205
-0.0717576010251323,-0.000254891931179549
-0.1234666766435712,-0.000901088397900368
-0.17907792915650883,-0.0014514678321984893
-0.22143279255020243,-0.0011674282312978796
-0.23749999999999996,-0.0006212107771034594
-0.2224327925502006,-0.00015393798114644543
-0.18107792915651588,0.0003011578501263309
-0.12646667664357908,0.0009265847392894849
-0.07575760102512967,0.0012402743134705839
-0.04489434837048406,0.0008370890220848776
-0.043641683887137434,0.0002996808838971873
-0.07254528940713256,-0.00020589392722714355
-0.12276186854142944,-0.0008651662270642007
-0.17881245526846967,-0.001445969359021899
-0.22340169943748922,-0.001189074080659257
-0.24280267284282658,-0.0006493509266514609
-0.23113066800438542,-0.00018962118593016656
-0.19217536741016966,0.0002316921141295484
-0.13822094804706656,0.0008022526573272012
-0.08622147477075091,0.001233540381786404
-0.05252235141117399,0.0009235153220853422
-0.04777127492713157,0.000374857537445102
-0.07360313725785261,-0.00015395588511148833
-0.1221310112835058,-0.000826106538138077
-0.1784016994374971,-0.0014350116316993518
-0.22505132427758048,-0.001207152314477608
-0.24771147013144817,-0.0006750720197654979
-0.23948270524660092,-0.00022114703410999192
-0.2030826794978975,0.00017581525312785527
-0.14999999999999747,0.0006827559071516953
-0.09691732050210772,0.0011929421352373094
-0.060517294753401785,0.001000660397985214
-0.05228852986855109,0.0004526927901416015
-0.07494867572242281,-9.906769704470623e-05
-0.12159830056250792,-0.0007840002363559398
-0.17786898871648815,-0.0014185970038414863
-0.22639686274214305,-0.0012215509740160868
-0.2522287250728694,-0.0006985454217664693
-0.24747764858882826,-0.00024951010242819287
-0.2137785252292542,0.00013089832255204573
-0.16177905195293973,0.0005758141307300706
-0.10782463258982591,0.0011216576029752065
-0.06886933199561228,0.0010627018547324156
-0.05719732715717306,0.0005319643273164042
-0.07659830056250702,-4.129221803656971e-05
-0.12118754473153509,-0.0007389209944788906
-0.17723813145856432,-0.0013967439271119048
-0.22745471059286293,-0.0012321257294576997
-0.2563583161128611,-0.0007198585122346327
-0.2551056516295144,-0.0002754375271680848
-0.22424239897486656,9.438437329068307e-05
-0.1735333233564272,0.0004855388989942058
-0.11892207084348971,0.0010269091792355386
-0.07756720744979673,0.0011038395981400229
-0.06249999999999997,0.0006107301789040836
-0.07856720744979426,1.917885503138853e-05
-0.12092207084348555,-0.0006909374476398101
-0.17653332335642252,-0.0013694945905116452
-0.22824239897487178,-0.0012387144442574953
-0.2601056516295165,-0.000739037672653278
-0.2623583161128622,-0.00029944398261552875
-0.23445471059286627,6.40665892131719e-05
-0.18523813145858004,0.0004127732419931086
-0.13018754473153937,0.0009186448886886485
-0.08659830056250972,0.0011193510534232016
-0.06819732715717325,0.0006862353496093038
-0.08086933199561555,8.194863479762715e-05
-0.12082463258983185,-0.0006401349991032848
-0.17577905195293517,-0.0013369272910543119
-0.2287785252292505,-0.0012411563520136303
-0.26347764858882655,-0.0007560713883338577
-0.2692287250728703,-0.0003218853230620931
-0.2443968627421462,3.8172847119282544e-05
-0.19686898871649253,0.0003560626815311494
-0.1415983005625015,0.0008075486346030004
-0.09594867572241851,0.0011067138109395987
-0.07428852986855168,0.0007549658520612354
-0.08351729475339986,0.0001463323741088954
-0.12091732050210385,-0.0005866428675452187
-0.17499999999999288,-0.0012991691324982404
-0.22908267949789363,-0.0012393116497396448
-0.2664827052465989,-0.0007709308115352548
-0.27571147013144864,-0.00034300491583531356
-0.2540513242775762,1.534369160727982e-05
-0.20840169943749057,0.0003127452841977795
-0.15313101128351028,0.0007029963653349372
-0.10560313725785579,0.0010664769075137595
-0.08077127492713247,0.0008129147963147804
-0.08652235141117232,0.00021128798822229861
-0.1212214747707471,-0.0005306617555562634
-0.1742209480470619,-0.0012564050842192006
-0.22917536741017563,-0.001233077170331548
-0.2691306680043886,-0.0007835849213651549
-0.2818026728428269,-0.0003629694465594887
-0.263401699437492,-5.433572027415236e-06
-0.219812455268474,0.0002798195065013258
-0.16476186854143401,0.0006115845926194313
-0.11554528940713585,0.0010025427907222146
-0.0876416838871385,0.0008560657432519402
-0.08989434837048621,0.0002753764168077203
-0.1217576010251348,-0.0004724921600524087
-0.17346667664357454,-0.001208884740699001
-0.22907792915651176,-0.0012223986581772458
-0.27143279255019814,-0.0007940110884902874
-0.2875,-0.00038189516549684056
-0.2724327925502048,-2.489960269647047e-05
-0.23107792915651293,0.00025447910122009155
-0.17646667664357568,0.0005365976911898394
-0.12575760102512704,0.000921672048086256
-0.09489434837048308,0.0008810290259547684
-0.09364168388713819,0.00033676791694967696
-0.12254528940712675,-0.0004125652338700617
-0.1727618685414216,-0.00115693100760396
-0.22881245526846214,-0.0012072832921050736
-0.27340169943749126,-0.0008022044043947555
-0.29280267284282674,-0.00039986813151174697
-0.28113066800438374,-4.359163046640266e-05
-0.2421753674101668,0.00023435809226246066
-0.18822094804706316,0.0004783709614399846
-0.13622147477075747,0.0008322917161058172
-0.10252235141117699,0.0008857139297291499
-0.09777127492713,0.00039331624690885567
-0.12360313725785493,-0.00035147263896438273
-0.17213101128350897,-0.0011009512745559934
-0.2284016994375002,-0.0011878131537460342
-0.27505132427758267,-0.0008081871299130145
-0.2977114701314485,-0.000416960700273356
-0.2894827052466044,-6.190088818996883e-05
-0.2530826794979043,0.00021758427153826176
-0.20000000000000556,0.00043518604975862555
-0.14691732050210496,0.0007429391241422674
-0.1105172947534003,0.000869885047784268
-0.10228852986855308,0.0004427226538060203
-0.12494867572242496,-0.00028998421111144936
-0.17159830056251102,-0.0010414459262162177
-0.22786898871648043,-0.0011641551692370404
-0.2763968627421376,-0.0008120156989581884
-0.30222872507286797,-0.0004332434376554213
-0.2974776485888271,-8.011689033070822e-05
-0.26377852522925144,0.00020273365909881952
-0.21177905195293648,0.00040426426669769094
-0.15782463258982304,0.0006607945469064336
-0.11886933199561062,0.0008354391278412711
-0.1071973271571726,0.00048279116348292093
-0.12659830056250232,-0.0002290412886215322
-0.17118754473152767,-0.000979008334980432
-0.22723813145856764,-0.00113656235419909
-0.27745471059286525,-0.0008137818797496691
-0.3063583161128619,-0.00044879074394603484
-0.3051056516295134,-9.845812920903599e-05
-0.2742423989748639,0.00018874958400466523
-0.22353332335643522,0.000382561431239075
-0.16892207084349703,0.0005907041598165596
-0.12756720744980107,0.0007862770144371903
-0.11250000000000002,0.000511740766498353
-0.128567207449796,-0.00016972054339001698
-0.1709220708434886,-0.0009143152223487347
-0.22653332335643728,-0.0011053657307916861
-0.2782423989748743,-0.0008136077728316952
-0.3101056516295176,-0.00046368053765760383
-0.31235831611286424,-0.0001170910683107283
-0.2844547105928722,0.00017486075985418897
-0.2352381314585768,0.0003672625325110276
-0.18018754473153623,0.000534891318439721
-0.13659830056250782,0.0007277505570915907
-0.11819732715717307,0.0005285111022447019
-0.1308693319956171,-0.00011317090054448079
-0.17082463258983482,-0.0008481104000605067
-0.2257790519529272,-0.0010709605082926694
-0.27877852522924407,-0.0008116373999376374
-0.31347764858882365,-0.00047799052758827046
-0.3192287250728696,-0.00013614109208606007
-0.29439686274214394,0.00016051199342305257
-0.24686898871648935,0.00035601073354703553
-0.19159830056249827,0.0004932908541391952
-0.14594867572241643,0.0006658020767289607
-0.12428852986855274,0.0005329924998416513
-0.13351729475339646,-6.0528972569809234e-05
-0.17091732050209713,-0.000781184174567043
-0.22499999999999615,-0.001033789826237759
-0.2790826794978965,-0.0008080274979158643
-0.3164827052466003,-0.0004917934566597343
-0.32571147013144686,-0.00015569878026306787
-0.30405132427757414,0.00014531028058365893
-0.25840169943749824,0.0003469578471339451
-0.20313101128351813,0.0004642489955912457
-0.15560313725786135,0.0006060169834004956
-0.13077127492713175,0.0005261257675172415
-0.13652235141117358,-1.2818976794202487e-05
-0.17122147477074984,-0.0007143476832547041
-0.22422094804706524,-0.0009943265466574877
-0.27917536741017857,-0.000802937974529998
-0.3191306680043848,-0.0005051520066344931
-0.3318026728428275,-0.00017582323683261865
-0.31340169943749674,0.0001289850362911477
-0.26981245526847086,0.0003387201595908911
-0.21476186854143078,0.00044529134914602167
-0.16554528940713348,0.0005528309332728598
-0.1376416838871377,0.0005098413094249347
-0.13989434837048725,2.9153161500125526e-05
-0.17175760102512866,-0.000648401115501267
-0.22346667664356662,-0.000953052714773766
-0.27907792915650453,-0.0007965215354216702
-0.32143279255019985,-0.0005181131546851895
-0.3375,-0.0001965431396999095
-0.3224327925502031,0.00011136008471024152
-0.28107792915651,0.00033029839105115524
-0.22646667664356127,0.00043374897242874877
-0.17575760102513327,0.0005090682361888828
-0.1448943483704856,0.00048683701676056836
-0.14364168388713622,6.489542011561488e-05
-0.1725452894071291,-0.0005840978733789359
-0.2227618685414249,-0.00091043829070428
-0.27881245526846526,-0.0007889131759207681
-0.32340169943749325,-0.0005307024368292358
-0.342802672842827,-0.00021785638807131163
-0.3311306680043877,9.233448534924594e-05
-0.29217536741017386,0.0003209945548759406
-0.23822094804707122,0.00042716112870721737
-0.18622147477075468,0.0004758697967520032
-0.15252235141117582,0.0004602292306053556
-0.14777127492713066,9.429610405180377e-05
-0.17360313725785725,-0.0005221095376808113
-0.22213101128351223,-0.0008669226094910954
-0.2784016994374926,-0.0007802216148658423
-0.32505132427757755,-0.0005429194969062592
-0.34771147013144754,-0.00023972975810879774
-0.3394827052466029,7.186906278631571e-05
-0.3030826794979016,0.00031033974220391093
-0.25000000000000216,0.0004234708419225445
-0.1969173205021022,0.0004529466860303394
-0.16051729475339893,0.0004331432856771965
-0.15228852986855201,0.00011764694257995036
-0.1749486757224199,-0.0004629961577711423
-0.22159830056250343,-0.0008229013492300453
-0.2778689887164836,-0.0007705245110650788
-0.3263968627421399,-0.0005547361668515205
-0.3522287250728685,-0.0002620997897643721
-0.3474776485888259,4.997603836081154e-05
-0.3137785252292488,0.00029803633917809534
-0.26177905195293305,0.00042107341631508516
-0.20782463258983014,0.0004390177043679652
-0.16886933199561455,0.000408326493711573
-0.15719732715717272,0.00013561834323955264
-0.17659830056250436,-0.0004071839340084474
-0.2211875447315307,-0.0007787194090039077
-0.27723813145857096,-0.0007598677843516229
-0.32745471059286774,-0.0005660972909895086
-0.35635831611286267,-0.0002848752755847054
-0.35510565162951596,2.671023601725692e-05
-0.32424239897487017,0.0002839136585266873
-0.2735333233564318,0.00041878149718010244
-0.21892207084349405,0.0004322783962770524
-0.1775672074497992,0.0003878585967386692
-0.16250000000000006,0.00014919127021897763
-0.17856720744979782,-0.00035495059306873543
-0.22092207084349155,-0.0007346683373433683
-0.27653332335642933,-0.0007482680999301003
-0.3282423989748681,-0.0005769236125118715
-0.360105651629515,-0.00030794096839851956
-0.36235831611286345,2.1612884616417074e-06
-0.3344547105928697,0.00026789463886019014
-0.2852381314585736,0.000415754716544072
-0.23018754473153316,0.0004307914726407228
-0.18659830056250581,0.0003730054463706157
-0.1681973271571729,0.0001595558660973271
-0.18086933199561328,-0.0003064187069400035
-0.2208246325898277,-0.000690986781871286
-0.27577905195293057,-0.0007357173628201839
-0.32877852522924667,-0.0005871158711487348
-0.3634776485888249,-0.0003311619298853126
-0.369228725072869,-2.3553294954727712e-05
-0.3443968627421416,0.0002499711662220615
-0.29686898871648615,0.0004114231423221241
-0.24159830056250595,0.00043275028221957304
-0.19594867572242147,0.0003642222566044953
-0.17428852986855237,0.00016799015282138215
-0.18351729475339784,-0.0002615577001665005
-0.22091732050209997,-0.0006478630380738438
-0.2749999999999995,-0.0007221884705750904
-0.32908267949789927,-0.0005965595581063881
-0.3664827052466018,-0.0003543881320473003
-0.3757114701314479,-5.029429412036981e-05
-0.3540513242775792,0.0002301858342674287
-0.3084016994374951,0.00040541885533072384
-0.25313101128351484,0.00043661773003119867
-0.20560313725785911,0.0003612770540357863
-0.1807712749271312,0.00017573435678754594
-0.18652235141117474,-0.0002201949900839991
-0.2212214747707526,-0.0006054390971424945
-0.27422094804705716,-0.0007076418444587291
-0.3291753674101715,-0.0006051300227096562
-0.36913066800438643,-0.00037745910899123755
-0.3818026728428272,-7.790629885456544e-05
-0.36340169943749484,0.0002086183626859514
-0.3198124552684678,0.00039752059613304137
-0.2647618685414274,0.00044117027350048973
-0.21554528940713108,0.0003634436785672632
-0.18764168388713964,0.00018387737581204255
-0.18989434837048474,-0.0001820355950016182
-0.22175760102513126,-0.0005638154614709908
-0.27346667664356983,-0.0006920321920904013
-0.3290779291565076,-0.00061269763744909
-0.37143279255020173,-0.0004002084755395642
-0.38749999999999996,-0.00010622264326440931
-0.37243279255020134,0.00018537536599304457
-0.3310779291565172,0.0003876115578693744
-0.27646667664356916,0.0004454829555484538
-0.22575760102513076,0.00036971083725328464
-0.19489434837048453,0.0001932703348420016
-0.1936416838871371,-0.00014668849744806802
-0.22254528940713159,-0.0005230558913019646
-0.27276186854142814,-0.0006753148254736209
-0.3288124552684684,-0.0006191326586672296
-0.37340169943748847,-0.00042246807960184753
-0.39280267284282655,-0.0001350697168333225
-0.3811306680043861,0.00016058259719494949
-0.3421753674101709,0.00037564841523149455
-0.28822094804706794,0.0004488856840143543
-0.23622147477075206,0.0003789657838614512
-0.20252235141117453,0.00020447738880893
-0.19777127492713134,-0.00011369764059591795
-0.22360313725785946,-0.00048319150348565074
-0.2721310112835045,-0.0006574509359693182
-0.3284016994374958,-0.0006243094538879355
-0.37505132427757965,-0.000444071572535042
-0.39771147013144803,-0.00016427058362442843
-0.38948270524660156,0.00013437909081428048
-0.3530826794978987,0.00036163920100488084
-0.2999999999999989,0.0004509112033443324
-0.2469173205020993,0.00039013015167383883
-0.21051729475340242,0.0002177667750793293
-0.20228852986855247,-8.25754848876106e-05
-0.22494867572242194,-0.0004442241393435793
-0.27159830056250667,-0.0006384115025194206
-0.32786898871648684,-0.0006281099227366874
-0.3763968627421421,-0.0004648572880919241
-0.4022287250728692,-0.00019364789074625274
-0.3974776485888246,0.00010691278920883175
-0.36377852522925536,0.00034562781015397455
-0.31177905195294114,0.0004512461863444568
-0.25782463258982713,0.0004022433119067864
-0.21886933199561298,0.00023313759471092557
-0.20719732715717298,-5.283705980654746e-05
-0.22659830056250624,-0.0004061293292130594
-0.27118754473153384,-0.0006181798007651
-0.32723813145857417,-0.0006304261135403512
-0.37745471059286195,-0.00048467044670781416
-0.4063583161128607,-0.00022302612453671018
-0.40510565162951484,7.83373120969303e-05
-0.37424239897486766,0.00032768329494575646
-0.3235333233564286,0.00044969039584162325
-0.26892207084349096,0.0004145006520189195
-0.22756720744979747,0.00025037205347370973
-0.2125,-2.4032193330974276e-05
-0.22856720744979353,-0.00036885932808263715
-0.2709220708434843,-0.0005967526537435544
-0.3265333233564326,-0.0006311621408488662
-0.3782423989748707,-0.0005033647806138781
-0.41010565162951607,-0.0002522333224473768
-0.41235831611286256,4.880958242833683e-05
-0.3844547105928673,0.00030789253006718897
-0.33523813145857023,0.0004461249835587905
-0.28018754473154067,0.00042625948733638973
-0.23659830056251058,0.0002691002837963353
-0.21819732715717335,4.226688937119386e-06
-0.23086933199561493,-0.00033234662915327914
-0.2708246325898307,-0.0005741406160520158
-0.32577905195293383,-0.0006302355275507403
-0.37877852522924943,-0.0005208036928815266
-0.4134776485888261,-0.0002811023551596126
-0.41922872507287057,1.8488079083930976e-05
-0.39439686274214714,0.0002863552017927904
-0.3468689887164939,0.0004404890658480074
-0.29159830056250285,0.00043702553417186506
-0.2459486757224194,0.0002888655576141045
-0.22428852986855186,3.2243729851060525e-05
-0.23351729475339927,-0.0002965082185687892
-0.2709173205021027,-0.00055036728317334
-0.3249999999999915,-0.0006275780704803377
-0.37908267949789254,-0.0005368610467613902
-0.4164827052465983,-0.0003094718745328068
-0.42571147013144756,-1.2468454917266268e-05
-0.4040513242775771,0.00026318038090705125
-0.3584016994374919,0.000432763010338315
-0.30313101128351166,0.00044643032519708236
-0.25560313725785677,0.00030918079777254534
-0.23077127492713273,6.022763080971794e-05
-0.23652235141117184,-0.0002612506966023943
-0.271221474770746,-0.0005254679234009285
-0.32422094804706053,-0.0006231363031067949
-0.37917536741017444,-0.0005514216612560562
-0.419130668004388,-0.00033718700137751016
-0.43180267284282703,-4.390197258465272e-05
-0.41340169943749283,0.0002384841681278651
-0.3698124552684753,0.0004229568094581504
-0.3147618685414354,0.00045420658276960186
-0.26554528940713684,0.00032957140723969755
-0.23764168388713885,8.828912452953585e-05
-0.2398943483704858,-0.00022647625291355672
-0.2717576010251338,-0.0004994876511896771
-0.3234666766435732,-0.0006168716186678258
-0.37907792915651056,-0.0005643815778677889
-0.42143279255019744,-0.0003640998134315993
-0.4375,-7.565584343864433e-05
-0.4224327925502056,0.00021238806136108563
-0.3810779291565142,0.0004111021377949169
-0.32646667664356593,0.0004601655411058739
-0.27575760102512814,0.0003496032681233021
-0.24489434837048352,0.0001164471932928686
-0.24364168388713786,-0.00019208931302119048
-0.2725452894071341,-0.00047247937824154685
-0.32276186854142025,-0.0006087601153842831
-0.3788124552684609,-0.0005756481588321877
-0.42340169943749045,-0.00039006968665355904
-0.4428026728428267,-0.00010757540610111999
-0.43113066800438443,0.00018501780282185397
-0.392175367410168,0.0003972469891540926
-0.33822094804706454,0.0004641779862079529
-0.2862214747707494,0.0003688975162925541
-0.2525223514111775,0.00014464209881492318
-0.24777127492712975,-0.00015800347223592727
-0.273603137257854,-0.0004445017743770051
-0.32213101128350763,-0.0005987922212063589
-0.3784016994374989,-0.0005851400713056884
-0.4250513242775818,-0.00041496353631192295
-0.44771147013144835,-0.00013950840997123786
-0.43948270524660016,0.00015650253812138915
-0.40308267949790555,0.00038145207292094056
-0.35000000000000686,0.00046615938902388527
-0.2969173205021061,0.00038713514430763283
-0.2605172947534009,0.00017275258405293707
-0.2522885298685528,-0.0001241481538082575
-0.2749486757224241,-0.0004156174421003207
-0.32159830056250976,-0.0005869721451425707
-0.3778689887164901,-0.0005927872013965563
-0.4263968627421367,-0.0004386559951795731
-0.4522287250728676,-0.00017130538936630842
-0.4474776485888276,0.0001269741716243865
-0.41377852522925257,0.0003637883841626959
-0.36177905195293786,0.0004660587697135397
-0.3078246325898243,0.0004040548193219956
-0.2688693319956113,0.00020061449428758767
-0.25719732715717325,-9.047434013608214e-05
-0.27659830056250156,-0.0003858914652285593
-0.32118754473152633,-0.0005733171893792161
-0.37723813145856633,-0.0005985305283592078
-0.4274547105928643,-0.00046102955520378356
-0.4563583161128616,-0.00020282000051062826
-0.4551056516295139,9.65668401591891e-05
-0.424242398974865,0.0003443355421725516
-0.3735333233564253,0.0004638506323530396
-0.3189220708434983,0.0004194469103057877
-0.27756720744980173,0.00022803846310603026
-0.26250000000000007,-5.695877550599933e-05
-0.27856720744979524,-0.00035539044133675845
-0.3209220708434874,-0.000557856946898087
-0.3765333233564359,-0.0006023219765578599
-0.42824239897487326,-0.0004819746888844322
-0.46010565162951717,-0.00023390934059533603
-0.4623583161128646,6.541645426415053e-05
-0.4344547105928731,0.0003231806235980033
-0.38523813145857816,0.0004595292646101248
-0.3301875447315375,0.00043314598989614445
-0.2865983005625087,0.00025482502144230087
-0.2681973271571732,-2.360622362468946e-05
-0.2808693319956165,-0.00032418205298434007
-0.3208246325898336,-0.0005406324061924345
-0.3757790519529258,-0.0006041242535782291
-0.42877852522924287,-0.000501389959168508
-0.4634776485888232,-0.0002644342599220082
-0.4692287250728699,3.366027480934805e-05
-0.4443968627421449,0.00030041730838212494
-0.3968689887164907,0.00045310477509067276
-0.3415983005624996,0.00044502329986500935
-0.29594867572241734,0.0002807762889708031
-0.2742885298685529,9.550364480158676e-06
-0.2835172947533958,-0.0002923351734971718
-0.320917320502096,-0.0005216949871499985
-0.3749999999999948,-0.0006039106774219848
-0.42908267949789536,-0.0005191821222597263
-0.4664827052465998,-0.00029425967294239116
-0.47571147013144705,1.4365050352678965e-06
-0.454051324277575,0.0002761452192616983
-0.4084016994374996,0.0004446003623572618
-0.35313101128351937,0.0004549800103144528
-0.3056031372578623,0.0003057041131620372
-0.28077127492713205,4.245162747778042e-05
-0.2865223514111731,-0.0002599204412832246
-0.32122147477074875,-0.0005011055372368577
-0.37422094804707523,-0.0006016649928291763
-0.4291753674101774,-0.0005352662254587575
-0.46913066800438963,-0.00032325487099909764
-0.48180267284282746,-3.111611421331042e-05
-0.46340169943749754,0.0002504693771177242
-0.4198124552684721,0.0004340504318618458
-0.36476186854143217,0.00046294162287306316
-0.3155452894071345,0.00032943502621722836
-0.28764168388713796,7.501513222272704e-05
-0.2898943483704869,-0.0002270111790054876
-0.3217576010251364,-0.0004789333217585376
-0.37346667664356514,-0.0005973811750019486
-0.42907792915650333,-0.0005495657008272066
-0.47143279255019915,-0.0003512938377461841
-0.48750000000000004,-6.385871330052296e-05
-0.4724327925502039,0.0002234997218440457
-0.4310779291565111,0.0004214992819537881
-0.37646667664356265,0.00046885356337796546
-0.3257576010251256,0.0003518126669838976
-0.29489434837048595,0.00010713974603821259
-0.2936416838871359,-0.00019368449074588806
-0.3225452894071281,-0.0004552550442425693
-0.37276186854142357,-0.0005910632175639887
-0.428812455268464,-0.0005620124543779912
-0.47340169943749233,-0.00037825556688569705
-0.49280267284282775,-9.665271049561541e-05
-0.48113066800438287,0.0001953506664758089
-0.442175367410175,0.0004070001626947067
-0.38822094804707263,0.00047267784440935967
-0.3362214747707558,0.0003726983946956041
-0.30252235141117634,0.0001387104788083042
-0.2977712749271304,-0.00016002235123903873
-0.3236031372578562,-0.00043015393204570067
-0.37213101128351095,-0.0005827249004761296
-0.4284016994375021,-0.0005725469494357001
-0.4750513242775766,-0.000404024380732351
-0.4977114701314474,-0.00012936023792068917
-0.48948270524660353,0.0001661406643356728
-0.45308267949790276,0.0003906145726990941
-0.4000000000000036,0.0004743906094963505
-0.3469173205020938,0.000391970763736354
-0.3105172947533995,0.00016960328854708092
-0.30228852986855326,-0.00012611251113744064
-0.3249486757224189,-0.0004037189178983632
-0.37159830056250215,-0.0005723895331877144
-0.42786898871647117,-0.0005811182819142614
-0.476396862742139,-0.0004284902472361476
-0.5022287250728705,-0.00016184457633783056
-0.4974776485888263,0.00013599177696160572
-0.46377852522924085,0.0003724117032698137
-0.41177905195293446,0.0004739803607493031
-0.3578246325898312,0.0004095243971944653
-0.31886933199562056,0.00019968946450024607
-0.3071973271571727,-9.204907894423559e-05
-0.3265983005624968,-0.00037604394028430924
-0.37118754473152943,-0.0005600896688075959
-0.4272381314585808,-0.000587684244698511
-0.47745471059286676,-0.00045154909254879055
-0.5063583161128653,-0.00019397059717361973
-0.5051056516295163,0.00010502923586340398
-0.47424239897487125,0.00035246796974447594
-0.4235333233564444,0.0004714466918007824
-0.3689220708434953,0.0004252686435301557
-0.327567207449794,0.00022883934836242565
-0.3125,-5.793269534760513e-05
-0.3285672074498033,-0.00034722737469807186
-0.3709220708434903,-0.0005458667865331802
-0.4265333233564279,-0.0005922113781213806
-0.4782423989748582,-0.00047310310603058796
-0.5101056516295146,-0.0002256052094826725
-0.5123583161128665,7.338099457830328e-05
-0.4844547105928707,0.0003308665907988521
-0.43523813145856377,0.00046679937981315597
-0.3801875447315345,0.0004391262591927129
-0.33659830056250006,0.00025692529481680977
-0.318197327157173,-2.3870277428344315e-05
-0.33086933199561264,-0.00031737159485067604
-0.37082463258981646,-0.0005297709417136672
-0.4257790519529292,-0.0005946750036031067
-0.47877852522923625,-0.0004930610346597828
-0.5134776485888244,-0.0002566178092282024
-0.5192287250728673,4.1177269663028034e-05
-0.49439686274214256,0.0003076971903827355
-0.4468689887164875,0.0004600577234353981
-0.39159830056250716,0.0004510322474241303
-0.3459486757224224,0.00028382388560591553
-0.3242885298685539,1.002563318800472e-05
-0.33351729475339725,-0.00028658264940396215
-0.37091732050210846,-0.0005118603853085301
-0.42499999999999816,-0.0005950592377092785
-0.47908267949790784,-0.0005113384640291394
-0.5164827052466012,-0.00028688072815789427
-0.5257114701314481,8.550070626357415e-06
-0.5040513242775873,0.00028305540618323255
-0.4584016994374965,0.00045125004286101144
-0.4031310112835271,0.0004609329040164957
-0.35560313725785997,0.0003094174869145852
-0.33077127492712943,4.363784165482039e-05
-0.33652235141117426,-0.000254970027842091
-0.3712214747707607,-0.0004922011567787456
-0.42422094804706717,-0.0005933569840856447
-0.4791753674101703,-0.0005278580833495414
-0.5191306680043802,-0.0003162696795580748
-0.5318026728428273,-2.4367280328219668e-05
-0.5134016994375022,0.00025704249458044043
-0.4698124552684691,0.00044041328181631433
-0.4147618685414177,0.00046878507110994166
-0.3655452894071321,0.0003335952782443166
-0.3376416838871373,7.684569025486173e-05
-0.3398943483704807,-0.0002226464806371466
-0.3717576010251302,-0.00047086665624566747
-0.42346667664355714,-0.0005895699008979174
-0.47907792915650627,-0.0005425499321036264
-0.5214327925502072,-0.0003446641982137342
-0.5375,-5.744063731175541e-05
-0.522432792550196,0.000229764926088802
-0.48107792915650816,0.00042759266938187986
-0.4264666766435706,0.00047455557346834566
-0.37575760102514044,0.00035625388906297114
-0.34489434837048494,0.00010952636222045825
-0.34364168388713384,-0.00018972785532546605
-0.3725452894071306,-0.0004479372028732918
-0.42276186854143805,-0.0005837083415882963
-0.47881245526846716,-0.0005553516261775184
-0.5234016994374945,-0.0003719480719628762
-0.5428026728428264,-9.053552669358051e-05
-0.5311306680043868,0.00020133396794619855
-0.492175367410182,0.0004128414128170396
-0.43822094804706924,0.0004782208008534158
-0.38622147477076224,0.0003772977670471914
-0.35252235141117505,0.00014155620372024088
-0.3477712749271332,-0.00015633291192488233
-0.37360313725785854,-0.00042349958670414564
-0.4221310112835142,-0.0005757912670106646
-0.4784016994374836,-0.0005662085614811501
-0.5250513242775787,-0.0003980097623073572
-0.5477114701314463,-0.00012351764791148135
-0.5394827052466021,0.00017186525230579
-0.5030826794978904,0.0003962204020041655
-0.4500000000000003,0.00047976639892867944
-0.3969173205021006,0.00039663937834327723
-0.3605172947534029,0.00017281198898288385
-0.3522885298685523,-0.00012258308765020247
-0.37494867572241375,-0.00039764662056801064
-0.42159830056250525,-0.0005658461273655196
-0.47786898871647443,-0.0005750740932448849
-0.5263968627421411,-0.0004227428116499348
-0.5522287250728711,-0.00015625337693844565
-0.5474776485888251,0.00014147832968268347
-0.5137785252292473,0.0003777979127365925
-0.46177905195294255,0.00047918703498231203
-0.4078246325898284,0.00041419931363924334
-0.368869331995619,0.0002031720780838416
-0.35719732715717295,-8.860219065283105e-05
-0.37659830056251226,-0.0003704766972249535
-0.4211875447315326,-0.0005539087128413544
-0.47723813145857297,-0.0005819096893892959
-0.5274547105928609,-0.000446046234859335
-0.5563583161128633,-0.00018861027011934567
-0.5551056516295187,0.00011029620811528048
-0.5242423989748686,0.0003576493006050295
-0.47353332335644116,0.00047648621061784394
-0.41892207084349226,0.0004299063491200593
-0.37756720744979216,0.00023251744085549847
-0.36250000000000004,-5.451601361952954e-05
-0.37856720744979894,-0.0003420933548141285
-0.4209220708434831,-0.0005400229724564442
-0.4765333233564312,-0.0005866850565585993
-0.5282423989748608,-0.00046782489301722016
-0.5601056516295158,-0.0002204575660805897
-0.5623583161128657,7.844487903439564e-05
-0.5344547105928683,0.0003358566803362394
-0.48523813145856054,0.0004716760996708239
-0.4301875447315313,0.0004436974912309324
-0.3865983005625048,0.00026073254031670236
-0.36819732715717346,-2.0451868644240997e-05
-0.3808693319956142,-0.00031260485123805646
-0.4208246325898194,-0.000524240801234138
-0.47577905195293246,-0.0005893782376074468
-0.5287785252292575,-0.0004879898473605813
-0.5634776485888255,-0.00025166668343505
-0.5692287250728687,4.60528312023179e-05
-0.5443968627421482,0.00031250858754630574
-0.4968689887164843,0.0004647773950631593
-0.44159830056251487,0.00045551801940600417
-0.3959486757224203,0.00028770608328543116
-0.3742885298685534,1.3461946643437296e-05
-0.38351729475339874,-0.0002821237457196607
-0.4209173205021113,-0.0005066217964939784
-0.4750000000000015,-0.0005899756795082339
-0.5290826794979011,-0.0005064586915918248
-0.5664827052465977,-0.00028211171204324287
-0.5757114701314476,1.3250554331214703e-05
-0.5540513242775851,0.0002876996213156095
-0.5084016994374932,0.0004558191527960864
-0.4531310112835239,0.0004653215311393323
-0.4056031372578577,0.0003133316542438696
-0.3807712749271309,4.709673598922412e-05
-0.38652235141117136,-0.00025076648379589807
-0.4212214747707542,-0.00048723298463293973
-0.47422094804705917,-0.0005884722708082979
-0.5291753674101732,-0.0005231558608755663
-0.5691306680043817,-0.00031166989564083254
-0.5818026728428272,-1.9829965834287503e-05
-0.5634016994374871,0.00026153006699056484
-0.5198124552684659,0.0004448386247755357
-0.4647618685414257,0.00047306998802253266
-0.41554528940713786,0.0003375082518955393
-0.3876416838871364,8.032402609727563e-05
-0.38989434837048176,-0.0002186529807562224
-0.4217576010251327,-0.00046614852026743384
-0.47346667664356046,-0.0005848713479166769
-0.5290779291565093,-0.0005380129159833372
-0.5714327925502029,-0.0003402221037019203
-0.5875,-5.305575906128224e-05
-0.5724327925502004,0.00023410549932817697
-0.5310779291565154,0.00043188107479256034
-0.4764666766435673,0.0004787337585042951
-0.4257576010251378,0.0003601407475316426
-0.394894348370484,0.00011301620456679432
-0.3936416838871346,-0.00018590619814632487
-0.422545289407133,-0.00044344935995739023
-0.4727618685414302,-0.0005791846696658517
-0.5288124552684597,-0.0005509688011862924
-0.5734016994374963,-0.0003676532904659727
-0.5928026728428266,-8.629338680351864e-05
-0.5811306680043851,0.00020553636660166388
-0.5421753674101791,0.0004169995739126382
-0.48822094804706595,0.0004822916521539775
-0.4362214747707505,0.0003811402817492589
-0.40252235141117804,0.00014504715792496128
-0.39777127492713177,-0.00015265170843998643
-0.4236031372578531,-0.00041922291291558977
-0.4721310112835175,-0.0005714323597581516
-0.5284016994374867,-0.0005619700746316602
-0.575051324277581,-0.00039385293913088795
-0.5977114701314467,-0.0001194094609568193
-0.5894827052466006,0.00017593755665602383
-0.5530826794978972,0.0004002547729322999
-0.5000000000000082,0.00048373094032722644
-0.4469173205020977,0.00040042461247651945
-0.41051729475340154,0.00017629289674229648
-0.4022885298685527,-0.00011901724416254
-0.4249486757224159,-0.0003935626711046734
-0.47159830056250845,-0.000561642816902142
-0.5278689887164777,-0.0005709711100771488
-0.5763968627421358,-0.0004187154892942009
-0.6022287250728696,-0.0001522711631096554
-0.5974776485888281,0.00014542794617726282
-0.5637785252292447,0.0003817146505764995
-0.5117790519529278,0.00048304735878520425
-0.45782463258983547,0.00041791842356015557
-0.4188693319956228,0.0002066321584537996
-0.4071973271571724,-8.513222938520747e-05
-0.4265983005625076,-0.000366567820952739
-0.4711875447315251,-0.0005498525926568722
-0.5272381314585761,-0.0005779342689986436
-0.5774547105928634,-0.00044214074581094706
-0.6063583161128641,-0.00018474676219181485
-0.6051056516295177,0.00011412993464422072
-0.5742423989748661,0.0003614542368499035
-0.5235333233564379,0.0004802450886667631
-0.46892207084348925,0.0004335535999183835
-0.4275672074497904,0.00023594698192565033
-0.4125000000000001,-5.112729330809378e-05
-0.42856720744980686,-0.00033834283861947773
-0.47092207084349635,-0.0005361062372270299
-0.5265333233564233,-0.0005828300422212262
-0.5782423989748545,-0.0004640342673334096
-0.6101056516295131,-0.00021670612842742242
-0.6123583161128677,8.216896458870359e-05
-0.5844547105928741,0.0003395553115053022
-0.5352381314585684,0.0004753367130593624
-0.4801875447315388,0.00044726947269111436
-0.4365983005625028,0.0002641232506113454
-0.4181973271571733,-1.7133767339025088e-05
-0.43086933199561583,-0.0003089970703654145
-0.4708246325898224,-0.000520456113692637
-0.5257790519529358,-0.0005856371603642091
-0.5787785252292602,-0.00048430773289384854
-0.6134776485888269,-0.00024802124151071737
-0.6192287250728661,4.967302991265456e-05
-0.594396862742138,0.00031610607799842133
-0.5468689887164921,0.0004683431471698825
-0.49159830056252246,0.0004590130359916998
-0.44594867572242536,0.0002910512031650351
-0.4242885298685544,1.6716831532924393e-05
-0.43351729475339523,-0.0002786442991967583
-0.47091732050210444,-0.0005029621813894506
-0.5249999999999935,-0.0005863426725174891
-0.5790826794979038,-0.0005028792849972743
-0.6164827052465992,-0.0002785666909524678
-0.6257114701314472,1.6772174103520183e-05
-0.604051324277583,0.00029120081362550825
-0.5584016994374901,0.0004592935407296837
-0.5031310112835206,0.00046873913565815244
-0.4556031372578555,0.0003166259116424697
-0.4307712749271282,5.029332730322943e-05
-0.4365223514111767,-0.00024740229862670857
-0.4712214747707478,-0.0004836917493885694
-0.5242209480470511,-0.0005849419927093272
-0.5791753674101662,-0.0005196738477918747
-0.6191306680043779,-0.0003082201665711025
-0.6318026728428275,-1.640201973320604e-05
-0.6134016994374917,0.000264939496784354
-0.5698124552684735,0.00044822515178725243
-0.5147618685414224,0.00047641062971947776
-0.4655452894071355,0.0003407477280325124
-0.43764168388713565,8.346541715511271e-05
-0.43989434837048286,-0.00021539237418069632
-0.47175760102513536,-0.00046271920122287007
-0.5234666766435637,-0.000581438913845051
-0.5790779291565123,-0.0005346234189973066
-0.6214327925502108,-0.00033686293715370853
-0.6375,-4.971694505405e-05
-0.6224327925502047,0.00023742741251426536
-0.5810779291565227,0.0004351831914651608
-0.5264666766435752,0.00048199851994873297
-0.4757576010251441,0.00036332270001431395
-0.4448943483704864,0.00011610420486259324
-0.44364168388713265,-0.00018273889318467428
-0.47254528940712714,-0.0004401256921869555
-0.5227618685414335,-0.0005758455889432893
-0.5788124552684628,-0.0005476673343791784
-0.6234016994374983,-0.0003643803153540976
-0.6428026728428269,-8.303949225305565e-05
-0.6311306680043836,0.00020877473763276298
-0.5921753674101761,0.0004202206395945277
-0.5382209480470627,0.0004854820537753489
-0.4862214747707387,0.000384262956698466
-0.4525223514111726,0.00014808273112763024
-0.4477712749271303,-0.00014956880343645537
-0.47360313725784753,-0.00041599882067481917
-0.5221310112835096,-0.0005681824796274875
-0.5784016994374791,-0.0005587525036755704
-0.6250513242775757,-0.0003906621069556797
-0.6477114701314457,-0.00011623657118987837
-0.6394827052466041,0.00017909610693466347
-0.6030826794978943,0.00040339803142606175
-0.5500000000000049,0.00048684879586119407
-0.4969173205020949,0.000403487064839245
-0.46051729475340014,0.00017927649695055435
-0.45228852986855317,-0.00011601114153196426
-0.47494867572241795,-0.00039043227511275557
-0.5215983005625117,-0.0005584782719769665
-0.5778689887164808,-0.0005678336169965323
-0.6263968627421457,-0.00041560304269431153
-0.6522287250728682,-0.00014917563381077438
-0.6474776485888311,0.00014851016203888733
-0.613778525229251,0.00038478321585431097
-0.5617790519529472,0.00048609466875724794
-0.5078246325898325,0.0004209203556987895
-0.46886933199562125,0.0002095639765953081
-0.4571973271571726,-8.219653188341848e-05
-0.47659830056250946,-0.0003635254580990034
-0.5211875447315282,-0.0005467697599888145
-0.5772381314585795,-0.000574873320842763
-0.6274547105928658,-0.0004391031909061042
-0.656358316112865,-0.0001817251947973938
-0.6551056516295166,0.00011713908457003288
-0.6242423989748636,0.0003644510857946363
-0.5735333233564345,0.0004832239621965
-0.5189220708434862,0.00043649522248123034
-0.47756720744980086,0.00023882711719568365
-0.4625,-4.825667776955565e-05
-0.47856720744979636,-0.00033538308938433687
-0.5209220708434789,-0.0005331016970534301
-0.5765333233564266,-0.000579842363008085
-0.6282423989748572,-0.00046106834934551527
-0.6601056516295142,-0.00021375534818148735
-0.6623583161128669,8.51081154488458e-05
-0.6344547105928717,0.0003424832815338515
-0.5852381314585652,0.00047824931074089323
-0.5301875447315357,0.000450151388050519
-0.48659830056250086,0.00026695182248162705
-0.468197327157173,-1.4323846066570636e-05
-0.48086933199561743,-0.00030611478931495375
-0.5208246325898253,-0.0005175266159988851
-0.5757790519529391,-0.0005827197057587114
-0.6287785252292446,-0.00048141041460512203
-0.6634776485888281,-0.0002451382778800194
-0.6692287250728696,5.254506214235142e-05
-0.6443968627421514,0.00031896786803541815
-0.5968689887164889,0.0004711916396532285
-0.5415983005625193,0.0004618361425173695
-0.4959486757224233,0.00029382841847581687
-0.4742885298685541,1.946965241479582e-05
-0.4835172947533967,-0.00027583464434179127
-0.5209173205021073,-0.0005001046184105324
-0.5749999999999968,-0.00058349260680656
-0.6290826794979066,-0.0005000477276602383
-0.6664827052466006,-0.00027574876012735036
-0.6757114701314468,1.9579795781228514e-05
-0.6540513242775808,0.0002939989873249419
-0.6084016994374869,0.0004620800790218801
-0.5531310112835174,0.0004715045502171449
-0.5056031372578531,0.0003193520993069675
-0.48077127492713173,5.2991984835447955e-05
-0.4865223514111696,-0.00024466075617768097
-0.5212214747707504,-0.0004809031340823562
-0.5742209480470545,-0.0005821566677221831
-0.6291753674101691,-0.0005169053941553853
-0.6691306680043796,-0.0003054646558111843
-0.6818026728428275,-1.3656259892860341e-05
-0.6634016994374898,0.00026767648721046967
-0.6198124552684704,0.00045095184631617204
-0.5647618685414191,0.0004791196255887169
-0.5155452894071331,0.0003434233515078538
-0.4876416838871348,8.61123181727294e-05
-0.4898943483704838,-0.00021271477617060887
-0.5217576010251379,-0.00045999665159586207
-0.5734666766435671,-0.0005787158495619148
-0.6290779291565154,-0.0005319155781549728
-0.6714327925502003,-0.0003341673907606909
-0.6875,-4.70306457497453e-05
-0.6724327925502028,0.0002401055277165253
-0.6310779291565197,0.0004378520976967828
-0.576466676643572,0.0004846524774906448
-0.5257576010251416,0.0003659483553369992
-0.4948943483704854,0.00011870133860344257
-0.4936416838871334,-0.00018012142646674017
-0.5225452894071296,-0.00043746642115608393
-0.5727618685414367,-0.0005731824556139514
-0.6288124552684659,-0.0005450177681840083
-0.6734016994375004,-0.00036174242208328035
-0.692802672842827,-8.041038863198049e-05
-0.6811306680043818,0.00021139616671357863
-0.6421753674101732,0.00042283374854755755
-0.5882209480470593,0.00048808242154802146
-0.5362214747707543,0.00038683936179485096
-0.5025223514111797,0.0001506317659989104
-0.49777127492713086,-0.0001470080095669731
-0.5236031372578499,-0.0004134001309340061
-0.5721310112835128,-0.0005655770813002901
-0.6284016994374824,-0.0005561590144960857
-0.675051324277578,-0.00038807968869830644
-0.6977114701314461,-0.00011366252480352804
-0.6894827052466027,0.00018166292632668262
-0.6530826794978916,0.00040595726383251083
-0.6000000000000015,0.0004893970601967172
-0.5469173205020922,0.00040601504411309384
-0.5105172947533988,0.00018177886112563985
-0.5022885298685535,-0.00011350390792442314
-0.5249486757224201,-0.00038789155827124885
-0.5715983005625149,-0.0005559285314041056
-0.627868988716484,-0.0005652941366207018
-0.6763968627421325,-0.000413074044284059
-0.7022287250728688,-0.00014665462342170602
-0.6974776485888297,0.0001510243417950646
-0.6637785252292484,0.0003872904190179125
-0.6117790519529439,0.0004885923301808478
-0.5578246325898295,0.0004234008225856541
-0.5188693319956196,0.0002120209232037914
-0.5071973271571728,-7.974007529932104e-05
-0.5265983005625113,-0.0003610401971918879
-0.5711875447315312,-0.0005442737049261452
-0.6272381314585828,-0.0005723859003605745
-0.6774547105928682,-0.0004366256709205772
-0.7063583161128657,-0.00017925530796918397
-0.7051056516295157,0.00011960249453256279
-0.674242398974861,0.00036690803242653524
-0.6235333233564311,0.00048567251735804706
-0.5689220708435038,0.00043892916170379
-0.5275672074497991,0.00024123977556511953
-0.5125,-4.584852166435973e-05
-0.5285672074497982,-0.00033295086374906456
-0.5709220708434819,-0.0005306574480079654
-0.6265333233564297,-0.0005774051635271559
-0.6782423989748597,-0.00045864047178881696
-0.7101056516295153,-0.00021133477358669877
-0.7123583161128662,8.752253120874886e-05
-0.6844547105928692,0.00034489167001769936
-0.6352381314585619,0.00048065023877382726
-0.5801875447315327,0.00045253983863844386
-0.5365983005624988,0.00026932123725669047
-0.5181973271571728,-1.1961793532183722e-05
-0.5308693319956191,-0.0003037332807930916
-0.5708246325898281,-0.0005151323754930249
-0.6257790519529198,-0.0005803309898322317
-0.6787785252292473,-0.00047903044137048576
-0.7134776485888208,-0.00024276529826207087
-0.7192287250728691,5.4912170734596713e-05
-0.6943968627421491,0.0003213293237061613
-0.6468689887164856,0.00047354639207623523
-0.591598300562516,0.00046418018220360373
-0.5459486757224212,0.00029615557855112507
-0.5242885298685537,2.1787548343820267e-05
-0.533517294753398,-0.00027350164380648544
-0.5709173205021102,-0.0004977586618286239
-0.6250000000000002,-0.0005811507304721537
-0.6790826794979095,-0.0004977140116822982
-0.7164827052466021,-0.00027342174585876324
-0.7257114701314465,2.1901201084442953e-05
-0.7040513242775787,0.0002963150644468747
-0.6584016994375054,0.00046439007246411936
-0.6031310112835363,0.0004738052815239749
-0.5556031372578664,0.00032163795844365815
-0.5307712749271312,5.526745187579802e-05
-0.5365223514111709,-0.00024237416949825797
-0.571221474770753,-0.0004786038021396142
-0.6242209480470577,-0.0005798600730736824
-0.679175367410172,-0.000514616373172653
-0.7191306680043812,-0.0003031820589933289
-0.7318026728428271,-1.137903206713606e-05
-0.7134016994374879,0.0002699486714189684
-0.6698124552684673,0.0004532184574765101
-0.6147618685414158,0.0004813781637233106
-0.5655452894071307,0.0003456688423400838
-0.5376416838871341,8.834689508505163e-05
-0.5398943483704848,-0.0002104726288919914
-0.571757601025123,-0.0004577423444336645
-0.6234666766435478,-0.0005764630577968854
-0.6790779291564977,-0.0005296697690091471
-0.7214327925502021,-0.0003319277398152195
-0.7375,-4.4796142879975466e-05
-0.722432792550201,0.00024233523874566803
-0.6810779291565165,0.00044007666005568623
-0.6264666766435687,0.0004868699400465467
-0.5757576010251391,0.0003681543982586734
-0.5448943483704843,0.00012089640397549382
-0.5436416838871343,-0.00017792186668368667
-0.5725452894071321,-0.0004352555940124139
-0.62276186854144,-0.0005709720605208985
-0.678812455268469,-0.000542813761591928
-0.7234016994375023,-0.0003595443167889113
-0.7428026728428272,-7.821722701718771e-05
-0.7311306680043913,0.00021358476128154695
-0.6921753674101903,0.0004250175504429472
-0.6382209480470786,0.0004902599199298652
-0.5862214747707517,0.0003890068699851692
-0.5525223514111786,0.00015278856471412057
-0.5477712749271314,-0.00014484930868691916
-0.5736031372578521,-0.0004112312912793117
-0.6221310112835161,-0.0005634077431684809
-0.6784016994374855,-0.0005539954702377571
-0.72505132427758,-0.00038592179563300583
-0.7477114701314466,-0.00011150938539039556
-0.7394827052466013,0.00018381170108305953
-0.7030826794978887,0.0004081015475816822
-0.6499999999999982,0.0004915356926378418
-0.5969173205020895,0.00040814492574319834
-0.5605172947533972,0.0001838985280045454
-0.5522885298685511,-0.00011138445922418951
-0.5749486757224223,-0.0003857632642444632
-0.6215983005624962,-0.0005537989713564259
-0.6778689887164653,-0.0005631697790897906
-0.7263968627421348,-0.00041095509263293616
-0.7522287250728693,-0.00014454024791550843
-0.7474776485888286,0.00015313453626102514
-0.7137785252292458,0.0003893963808304486
-0.6617790519529406,0.0004906931761978833
-0.6078246325898266,0.00042549398104996
-0.5688693319956181,0.00021410450355807863
-0.5571973271571731,-7.765839036209255e-05
-0.5765983005625134,-0.0003589510571164055
-0.6211875447315344,-0.00054218269968925
-0.6772381314585861,-0.0005702995144327205
-0.7274547105928705,-0.0004345444486161742
-0.7563583161128666,-0.00017717849521198546
-0.7551056516295147,0.00012167529398794764
-0.7242423989748759,0.00036897682290540964
-0.6735333233564504,0.0004877366334707392
-0.6189220708435008,0.0004409864945424158
-0.5775672074497972,0.00024328824261285275
-0.5625,-4.380322493316594e-05
-0.5785672074498001,-0.0003308995364695315
-0.6209220708434849,-0.0005286038251411497
-0.6765333233564331,-0.0005753555907071512
-0.7282423989748623,-0.0004565958219536641
-0.7601056516295164,-0.00020929437618736688
-0.7623583161128651,8.955906949244843e-05
-0.7344547105928668,0.00034692439508702644
-0.6852381314585587,0.0004826786553193887
-0.6301875447315295,0.0004545622356707573
-0.586598300562497,0.00027133550650630206
-0.5681973271571727,-9.951615320473705e-06
-0.5808693319956095,-0.0003017184765540086
-0.6208246325898111,-0.000513115009105157
-0.6757790519529231,-0.0005783171246438927
-0.7287785252292499,-0.00047702125903142917
-0.763477648588822,-0.00024076021946131437
-0.7692287250728684,5.691353293640703e-05
-0.7443968627421469,0.00032332704583758025
-0.6968689887164824,0.00047554011095282407
-0.641598300562513,0.00046616852326676915
-0.5959486757224192,0.0002981365193759624
-0.574288529868553,2.3763779982179216e-05
-0.5835172947533995,-0.00027152212538813895
-0.620917320502113,-0.00049577646880672
-0.6750000000000034,-0.0005791715170636176
-0.7290826794979123,-0.0004957392407322237
-0.7664827052466034,-0.0002714509366129733
-0.7757114701314487,2.3868426117168754e-05
-0.754051324277591,0.00029827880408845345
-0.7084016994375022,0.0004663500656467999
-0.6531310112835331,0.0004757604341018524
-0.6056031372578641,0.0003235864031416578
-0.5807712749271305,5.721081999569998e-05
-0.5865223514111721,-0.00024042875334182308
-0.6212214747707557,-0.00047665573890913585
-0.6742209480470611,-0.0005779145020166521
-0.7291753674101751,-0.0005126750035550926
-0.7691306680043827,-0.00030124451526152463
-0.781802672842827,-9.444949022775885e-06
-0.7634016994374859,0.00027187940854942643
-0.719812455268464,0.0004551456661656869
-0.6647618685414125,0.00048330098066852803
-0.6155452894071283,0.00034758559301265306
-0.5876416838871387,9.025840300938066e-05
-0.5898943483704788,-0.00020856018598229445
-0.6217576010251256,-0.00045582740425590237
-0.6734666766435512,-0.0005745501630617793
-0.7290779291565008,-0.0005277608341039885
-0.7714327925502039,-0.0003300225000342786
-0.7875000000000001,-4.289424806041923e-05
-0.7724327925501993,0.00024423391449759674
-0.7310779291565136,0.0004419719943338079
-0.6764666766435654,0.0004887612575265406
-0.6257576010251363,0.0003700402318553049
-0.5948943483704834,0.00012277698439792958
-0.5936416838871352,-0.00017604132300236982
-0.6225452894071344,-0.0004333728048102807
-0.6727618685414433,-0.0005690909166193253
-0.728812455268472,-0.0005409363357819898
-0.7734016994374908,-0.00035767045952272633
-0.792802672842826,-7.634660588886235e-05
-0.7811306680043897,0.00021545227959059618
-0.7421753674101874,0.00042688188932993933
-0.6882209480470753,0.0004921205556737561
-0.636221474770749,0.00039086254185161383
-0.6025223514111774,0.00015463908843754167
-0.5977712749271321,-0.00014299964510639283
-0.6236031372578544,-0.000409379713964089
-0.6721310112835195,-0.0005615574624580713
-0.7284016994374886,-0.0005521486666382398
-0.7750513242775822,-0.00038407843738257215
-0.7977114701314469,-0.0001096691605879666
-0.7894827052465998,0.00018564893033198702
-0.7530826794978859,0.0004099357393982378
-0.699999999999995,0.0004933664445192915
-0.6469173205021056,0.0004099711719889884
-0.6105172947534054,0.0001857198120751496
-0.6022885298685515,-0.00010956471077227319
-0.62494867572241,-0.00038394199149633713
-0.6715983005624995,-0.0005519787015090473
-0.7278689887164685,-0.000561352747422755
-0.7763968627421372,-0.0004091413857948129
-0.8022287250728699,-0.0001427295773016811
-0.7974776485888273,0.00015494231089594515
-0.763778525229243,0.0003912012437919772
-0.7117790519529371,0.0004924948211593699
-0.6578246325898237,0.00042729152001768473
-0.6188693319956164,0.00021589731862735757
-0.6071973271571731,-7.586764484475802e-05
-0.6265983005625153,-0.0003571592125553271
-0.6711875447315375,-0.0005403916213269584
-0.7272381314585669,-0.0005685114390326597
-0.7774547105928564,-0.0004327595795780706
-0.8063583161128618,-0.00017539657005239344
-0.8051056516295207,0.00012345441609123078
-0.7742423989748732,0.0003707531458837327
-0.7235333233564472,0.0004895099267718821
-0.6689220708434979,0.0004427560276224938
-0.6275672074497954,0.00024505331942922804
-0.6125,-4.204062095181711e-05
-0.6285672074498019,-0.00032913627413791864
-0.6709220708434878,-0.0005268411496495079
-0.7265333233564365,-0.0005735956886435995
-0.7782423989748649,-0.0004548390093157831
-0.8101056516295172,-0.00020754041943502982
-0.8123583161128644,9.131031030180459e-05
-0.7844547105928644,0.00034867293848862325
-0.7352381314585775,0.00048442433008193505
-0.6801875447315475,0.0004563044476665857
-0.6365983005625084,0.0002730735414963166
-0.6181973271571739,-8.216339765481257e-06
-0.6308693319956112,-0.0002999829806235954
-0.6708246325898141,-0.0005113799766298352
-0.7257790519529265,-0.0005765846439484208
-0.7787785252292526,-0.0004752917519449043
-0.8134776485888233,-0.0002390334841460051
-0.8192287250728678,5.8637634303189e-05
-0.7943968627421444,0.00032504854255910776
-0.7468689887164792,0.00047725887796509905
-0.6915983005625098,0.00046788408247352303
-0.6459486757224169,0.0002998481793284491
-0.6242885298685528,2.5472494854217556e-05
-0.633517294753401,-0.000269813609999416
-0.6709173205020964,-0.0004940683464452385
-0.724999999999984,-0.0005774657350528258
-0.779082679497896,-0.0004940363173436707
-0.8164827052465953,-0.0002697507043272128
-0.8257114701314484,2.5566101900681495e-05
-0.804051324277589,0.0002999739605155538
-0.7584016994374991,0.0004680426133874148
-0.7031310112835296,0.00047744999222708843
-0.6556031372578619,0.00032527232904798
-0.63077127492713,5.889369977539842e-05
-0.6365223514111732,-0.00023874646248757224
-0.6712214747707586,-0.00047497381910265295
-0.7242209480470645,-0.0005762347237018337
-0.7791753674101778,-0.0005109979695494648
-0.8191306680043843,-0.00029957009473840975
-0.8318026728428268,-7.773011626683064e-06
-0.8134016994374972,0.0002735489055770755
-0.7698124552684822,0.00045681266100958107
-0.7147618685414316,0.00048496517268800784
-0.6655452894071424,0.0003492464031413205
-0.6376416838871379,9.191613450664858e-05
-0.6398943483704799,-0.00020690339335318662
-0.6717576010251282,-0.0004541710033825569
-0.7234666766435544,-0.0005728957196397648
-0.7790779291565039,-0.0005261090213380534
-0.8214327925502057,-0.0003283732258120817
-0.8374999999999999,-4.124738725668329e-05
-0.8224327925501975,0.00024587840855237557
-0.7810779291565106,0.00044361408090296645
-0.7264666766435619,0.0004904007015418951
-0.6757576010251338,0.0003716765241588318
-0.6448943483704823,0.00012441021904775518
-0.643641683887136,-0.0001744093317291378
-0.6725452894071369,-0.00043174126197937816
-0.7227618685414242,-0.000567461164040184
-0.7788124552684541,-0.0005393091009997265
-0.8234016994374928,-0.0003560456906890291
-0.8428026728428262,-7.472418408542123e-05
-0.8311306680043882,0.0002170724036403635
-0.7921753674101844,0.00042849969095584705
-0.7382209480470721,0.0004937358528151612
-0.6862214747707464,0.0003924748958113285
-0.652522351411176,0.00015624844562849417
-0.6477712749271327,-0.00014139178734682529
-0.6736031372578567,-0.00040777239000116465
-0.7221310112835225,-0.0005599517800682696
-0.7784016994374917,-0.0005505453902614342
-0.8250513242775843,-0.0003824775563933906
-0.8477114701314474,-0.00010807056326044842
-0.8394827052465984,0.0001872452948750119
-0.8030826794979024,0.00041152985866824783
-0.7500000000000144,0.0004949581789177578
-0.6969173205021029,0.0004115601499999798
-0.6605172947534041,0.00018730588230667262
-0.652288529868552,-0.00010798034711230445
-0.6749486757224119,-0.00038235826810281476
-0.7215983005625026,-0.0005503964907680458
-0.7778689887164718,-0.0005597728324115053
-0.8263968627421392,-0.0004075637973647646
-0.8522287250728706,-0.0001411542119189667
-0.8474776485888262,0.00015651550492165156
-0.8137785252292402,0.0003927722631552877
-0.7617790519529338,0.0004940635599996652
-0.7078246325898209,0.00042885766841304333
-0.6688693319956149,0.00021746066642736275
-0.6571973271571734,-7.430616350151135e-05
-0.676598300562504,-0.00035559849162338343
-0.7211875447315195,-0.0005388323046004943
-0.7772381314585702,-0.0005669543098077717
-0.8274547105928589,-0.0004312047096348145
-0.8563583161128627,-0.000173843865060069
-0.8551056516295195,0.00012500500800711486
-0.8242423989748707,0.00037230162829547057
-0.7735333233564439,0.0004910562204289776
-0.7189220708434947,0.0004442998774257893
-0.6775672074497937,0.000246594485985129
-0.6625000000000001,-4.0501436784982366e-05
-0.6785672074498035,-0.00032759797719300664
-0.7209220708434908,-0.0005253041690796347
-0.7765333233564399,-0.0005720607900664558
-0.8282423989748675,-0.000453306304015847
-0.8601056516295182,-0.0002060098232940681
-0.8623583161128635,9.283884882548011e-05
-0.8344547105928787,0.0003501994280779833
-0.7852381314585744,0.0004859487123341829
-0.7301875447315445,0.0004578265151459904
-0.6865983005625065,0.0002745930469754769
-0.6681973271571735,-6.698893117387398e-06
-0.680869331995613,-0.00029846654836360284
-0.7208246325898171,-0.000509864793085849
-0.7757790519529296,-0.0005750714403544412
-0.8287785252292553,-0.0004737806767460811
-0.8634776485888247,-0.0002375244644237579
-0.8692287250728671,6.01446493170626e-05
-0.8443968627421421,0.0003265535653068865
-0.796868988716476,0.0004787618662762543
-0.7415983005625068,0.0004693848695615138
-0.6959486757224147,0.0003013465248834508
-0.6742885298685524,2.6968739455623825e-05
-0.6835172947533927,-0.0002683185019006304
-0.7209173205020993,-0.0004925744385565417
-0.7749999999999874,-0.0005759737093323303
-0.8290826794978988,-0.0004925463561301114
-0.8664827052465965,-0.000268262746837954
-0.875711470131448,2.705210526806282e-05
-0.8540513242775869,0.000301458024931746
-0.8084016994374957,0.0004695247092472831
-0.7531310112835264,0.00047892998685431095
-0.7056031372578596,0.00032674999851806834
-0.6807712749271292,6.0369255010810954e-05
-0.6865223514111745,-0.00023727215644444314
-0.7212214747707613,-0.0004735006823758969
-0.7742209480470679,-0.0005747633764264107
-0.8291753674101807,-0.000509528623805769
-0.869130668004386,-0.00029810270273060327
-0.8818026728428281,-6.307525282274968e-06
-0.8634016994374953,0.00027501250337077105
-0.8198124552684791,0.0004582743503202974
-0.7647618685414285,0.00048642484906866824
-0.7155452894071398,0.0003507038644732353
-0.6876416838871371,9.33714917134283e-05
-0.6898943483704809,-0.00020544938532346722
-0.7217576010251305,-0.0004527181494038103
-0.7734666766435577,-0.0005714445682307389
-0.8290779291565069,-0.0005246598093688148
-0.8714327925502074,-0.0003269259191996491
-0.8875,-3.9801939809622994e-05
-0.8724327925501958,0.00024732201528829446
-0.8310779291565077,0.0004450558344010185
-0.7764666766435586,0.0004918405204374939
-0.7257576010251312,0.00037311423057808594
-0.6948943483704884,0.00012584584967753506
-0.6936416838871311,-0.00017297513535945294
-0.7225452894071227,-0.0004303082176990202
-0.7727618685414276,-0.0005660297419773249
-0.828812455268457,-0.0005378795571912697
-0.8734016994374948,-0.00035461800532412814
-0.8928026728428264,-7.329831320191217e-05
-0.8811306680043863,0.0002184964793780681
-0.8421753674101814,0.00042992196465913804
-0.7882209480470688,0.0004951562617947111
-0.7362214747707435,0.00039389328677933333
-0.7025223514111748,0.00015766480267536158
-0.6977712749271334,-0.00013997693356018845
-0.7236031372578591,-0.000406358697098561
-0.7721310112835258,-0.0005585396361369103
-0.828401699437495,-0.0005491350643825453
-0.875051324277572,-0.0003810690433780734
-0.8977114701314448,-0.00010666382172726896
-0.8894827052466067,0.0001886502847878678
-0.8530826794978996,0.0004129330943393602
-0.8000000000000111,0.00023094621513619333
-0.7999999999999883,0.00023595936827240478
-0.7459173205020808,0.00042297282309498483
-0.7085172947533833,0.00019871657053167468
-0.6992885298685577,-9.657122373909766e-05
-0.7209486757224574,-0.0003709503533403692
-0.7665983005625703,-0.000538990088483588
-0.8218689887165407,-0.0005483682051006561
-0.8693968627421879,-0.00039616095102549577
-0.8942287250728833,-0.00012975310877616142
-0.8884776485887907,0.00016791488465635484
-0.8537785252291632,0.00040416992139581816
-0.8007790519528163,0.00050545946736233
-0.7458246325897173,0.0004402517359798989
-0.7058693319955465,0.0002288528411507268
-0.6931973271571811,-6.291559754294307e-05
-0.7115983005625848,-0.00034420921927086226
-0.7551875447316693,-0.000527444521403989
-0.8102381314587285,-0.0005555682381778262
-0.8594547105929925,-0.00041982036477015094
-0.8873583161129072,-0.00016246121672073034
-0.8851056516294538,0.00013638597721312448
-0.8532423989747089,0.0003836809225892569
-0.8015333233562134,0.0005024338236128383
-0.7459220708432841,0.00045567573280299586
-0.7035672074496803,0.0002579685467313041
-0.6874999999999981,-2.9128997168392457e-05
-0.7025672074499252,-0.00031622691447488966
-0.7439220708437182,-0.0005139345918894203
-0.7985333233566889,-0.0005606928671618269
-0.849242398975078,-0.0004419400537351723
-0.8801056516296013,-0.00019464522321359547
-0.8813583161127869,0.00010420181292546325
-0.8524547105926417,0.0003615607615077948
-0.802238131458278,0.0004973084087357952
-0.7461875447312427,0.0004691845452719507
-0.7015983005623145,0.0002859493814195567
-0.6821973271571493,4.655835882541977e-06
-0.6938693319957759,-0.0002871132726206311
-0.7328246325901357,-0.0004985130190974743
-0.7867790519532931,-0.0005637212716310118
-0.8387785252295491,-0.0004624321268165526
-0.8724776485889649,-0.00022617751853681395
-0.877228725072795,7.149000143177083e-05
-0.851396862741872,0.0003378973290226257
-0.8028689887160949,0.0004901040423638911
-0.7465983005621107,0.00048072545156274574
-0.6999486757221483,0.0003126855078736922
-0.6772885298684942,3.8306157315099555e-05
-0.6855172947535839,-0.0002569826014701942
-0.7219173205024823,-0.00048124007509901497
-0.7750000000004416,-0.0005646409126435945
-0.8280826794982814,-0.00048121512502459675
-0.8644827052467974,-0.00025693307351591676
-0.8727114701313835,3.838022632042362e-05
-0.8500513242772617,0.0003127845982374031
-0.8034016994370127,0.00048084974050657006
-0.7471310112830125,0.0004902534880428679
-0.6986031372574949,0.0003380719929261113
-0.672771274927026,7.168974539772814e-05
-0.6775223514113636,-0.00022595323077736657
-0.7112214747711822,-0.0004621833461515731
-0.763220948047611,-0.0005634475815000832
-0.8171753674106571,-0.000498214342396895
-0.8561306680046565,-0.00028678993246182235
-0.8678026728427857,5.003733769129177e-06
-0.8484016994371407,0.0002863222540226087
-0.8038124552679,0.000469582601409461
-0.7477618685408167,0.0004977316270637112
-0.6975452894066847,0.00036200922203266243
-0.6686416838869782,0.00010467542312055683
-0.6698943483706733,-0.0001941470450822699
-0.7007576010256182,-0.00044141746566246523
-0.7514666766442097,-0.0005601454160210011
-0.8060779291571007,-0.0005133621205724158
-0.8474327925505567,-0.0003156296942357391
-0.8624999999999942,-2.850718518715864e-05
-0.8464327925498225,0.00025861529983763954
-0.8040779291558815,0.0004563476593729048
-0.7484666766428725,0.0005031309233135253
-0.6967576010245794,0.00038440329262427525
-0.6648943483702562,0.00013713357614711223
-0.6626416838873124,-0.00016168900255480025
-0.6905452894076658,-0.0004190238194297872
-0.7397618685421612,-0.000554746883933946
-0.7948124552691724,-0.00052659811560225
-0.8384016994379444,-0.0003433379793365337
-0.8568026728428686,-6.201971655800436e-05
-0.8441306680040056,0.00022977364352234393
-0.8041753674094744,0.00044119770721435977
-0.7492209480462642,0.0005064306282382693
-0.6962214747700899,0.00040516638488075985
-0.6615223514108652,0.00016893666457522892
-0.6557712749272802,-0.00012870664172847225
-0.6806031372584299,-0.00039509022428173523
-0.7281310112843364,-0.0005472727333923001
-0.7834016994382909,-0.0005378695359084543
-0.8290513242781172,-0.00036980488113862604
-0.850711470131549,-9.540104738310989e-05
-0.84148270524622,0.00019991166371394848
-0.8040826794971401,0.00042419308809312525
-0.7499999999990904,0.000507618272100275
-0.6959173205013214,0.00042421710848257645
-0.6585172947529965,0.00019995972649806742
-0.6492885298686615,-9.532957805148302e-05
-0.6709486757230024,-0.0003697105813769854
-0.7165983005633874,-0.0005377519108139487
-0.7718689887173951,-0.0005471313504397863
-0.8193968627427893,-0.0003949253994897225
-0.8442287250730423,-0.000128518889726619
-0.8384776485884553,0.00016914775860947014
-0.8037785252284353,0.00040540145752845144
-0.7507790519519202,0.0005066897133533082
-0.6958246325889296,0.00044148082397543634
-0.6558693319951209,0.00023008087138066236
-0.6431973271572278,-6.16889922324116e-05
-0.6615983005631002,-0.0003429845055342301
-0.705187544732489,-0.0005262214463601102
-0.7602381314595951,-0.0005543464661942811
-0.8094547105936335,-0.0004185998549554934
-0.8373583161131207,-0.00016124200260947869
-0.8351056516291709,0.00013760387885539604
-0.8032423989740327,0.0003848975165497296
-0.7515333233553451,0.0005036491551434866
-0.6959220708424916,0.00045688993748465076
-0.6535672074491955,0.0002591817613036647
-0.6374999999999903,-2.7917112392432235e-05
-0.6525672074503942,-0.0003150169320520796
-0.6939220708445157,-0.0005127263075121846
-0.7485333233575642,-0.0005594858744055035
-0.799242398975756,-0.00044073428207209867
-0.8301056516298615,-0.00019344070981852765
-0.8313583161125634,0.00010540504641028811
-0.8024547105920016,0.0003627627170352729
-0.7522381314573959,0.0004985091288712959
-0.6961875447304073,0.000470384167615755
-0.6515983005617836,0.0002871480781731597
-0.6321973271570855,5.853307935825832e-06
-0.6438693319961969,-0.0002859177025716979
-0.682824632590908,-0.0004973192213268527
-0.7367790519541509,-0.0005625287648068595
-0.788778525230243,-0.00046124080005479007
-0.8224776485892764,-0.0002249874115490269
-0.8272287250726205,7.267886127835773e-05
-0.8013968627412548,0.0003390849404007716
-0.7528689887152249,0.0004912904448800164
-0.6965983005612564,0.00048191078349214535
-0.649948675721573,0.0003138699750527403
-0.6272885298683748,3.9489513904823326e-05
-0.6355172947539454,-0.0002558011316104488
-0.6719173205032067,-0.0004800604660816367
-0.7250000000013238,-0.0005634626075203193
-0.7780826794990252,-0.0004800379594957815
-0.8144827052471685,-0.0002557570878609441
-0.8227114701312641,3.955499806212885e-05
-0.8000513242766866,0.00031395815090856546
-0.7534016994361583,0.00048202211046563303
-0.6971310112821426,0.0004914248129881237
-0.6486031372568933,0.00033924250983402105
-0.6227712749268557,7.285927347544699e-05
-0.6275223514116834,-0.00022478555547133643
-0.6612214747718945,-0.00046101763314127783
-0.7132209480484916,-0.0005622832022385128
-0.7671753674114292,-0.0004970510636829906
-0.8061306680050775,-0.0002856277919630085
-0.8178026728427219,6.164694320307138e-06
-0.7984016994366098,0.00028748202496364854
-0.7538124552670858,0.00047074121553166353
-0.6977618685399569,0.0004988892203387609
-0.647545289406028,0.00036316605953563814
-0.618641683886749,0.00010583139949610548
-0.6198943483709405,-0.00019299286529670366
-0.6507576010262962,-0.00044026536000042136
-0.701466676645085,-0.0005589946945047879
-0.7560779291578983,-0.000512212463265478
-0.7974327925510258,-0.00031448113137663605
-0.8124999999999863,-2.7359767250164688e-05
-0.79643279254935,0.000259761557861216
-0.7540779291550682,0.00045749278634100613
-0.6984666766419816,0.0005042750524235573
-0.6467576010238858,0.00038554671359478
-0.6148943483699733,0.00013827626767263894
-0.6126416838875259,-0.00016054802609773242
-0.6405452894083068,-0.0004178850355671108
-0.6897618685430054,-0.0005536095590201229
-0.7448124552699711,-0.0005254618231000952
-0.7884016994384464,-0.00034220273508218924
-0.8068026728429166,-6.0885580764214156e-05
-0.794130668003569,0.00023090664953574218
-0.7541753674086865,0.0004423296079399146
-0.6992209480453679,0.0005075615531500576
-0.646221474769362,0.00040629664460238335
-0.6115223514105297,0.0001700663283777695
-0.6057712749274349,-0.00012757858364186432
-0.6306031372590158,-0.00039396447886633836
-0.6781310112851687,-0.0005461485500439236
-0.7334016994391296,-0.0005367463602194832
-0.7790513242786768,-0.000368682704802864
-0.8007114701316528,-9.427994117208895e-05
-0.7914827052458332,0.0002010316709485028
-0.7540826794963807,0.00042531201595801774
-0.6999999999981925,0.0005087362454827037
-0.6459173205005813,0.00042533445501802183
-0.6085172947526194,0.0002010766102735169
-0.5992885298687624,-9.421416112940747e-05
-0.6209486757235619,-0.0003685975924421908
-0.6665983005642261,-0.0005366406190830247
-0.7218689887182493,-0.0005460210519758175
-0.7693968627433908,-0.0003938160486465135
-0.7942287250732012,-0.0001274105682884237
-0.7884776485881198,0.00017025501282275175
-0.7537785252277258,0.00040650765860288134
-0.7007790519510467,0.0005077949807958853
-0.6458246325881617,0.0004425854985002267
-0.6058693319946842,0.00023118521375053947
-0.5931973271572758,-6.058594762979868e-05
-0.6115983005636155,-0.00034188399183915537
-0.6551875447333089,-0.0005251228002021282
-0.7102381314604616,-0.000553248813529029
-0.7594547105942746,-0.00041750309539132185
-0.7873583161133286,-0.0001601462287593152
-0.7851056516288951,0.00013869861850837663
-0.7532423989733391,0.0003859912297906147
-0.7015333233544542,0.0005047419553535184
-0.6459220708416783,0.0004579821745840443
-0.6035672074487107,0.0002602737922304813
-0.5874999999999825,-2.6826180284353178e-05
-0.6025672074508633,-0.00031392861262827867
-0.6439220708453133,-0.0005116400634147291
-0.6985333233584169,-0.0005584006439692292
-0.7492423989764165,-0.0004396498877807179
-0.7801056516301288,-0.00019235725390880713
-0.7813583161123342,0.00010648750281771017
-0.7524547105913448,0.00036384417446308926
-0.7022381314565138,0.0004995896938532602
-0.646187544729572,0.0004714641955475421
-0.6015983005612525,0.0002882280194238014
-0.5821973271570219,6.932377690705636e-06
-0.593869331996607,-0.000284841296529677
-0.6328246325916602,-0.0004962451367507219
-0.6867790519550314,-0.000561455740485135
-0.7387785252309553,-0.0004601685532714181
-0.7724776485895963,-0.00022391605142191626
-0.7772287250724459,7.37492587323018e-05
-0.7513968627406377,0.00034015436725735675
-0.702868988714355,0.0004923590000965759
-0.6465983005604237,0.0004829788244127402
-0.5999486757210123,0.00031493804069534164
-0.5772885298682584,4.0556961145543074e-05
-0.5855172947543166,-0.00025473635825742387
-0.6219173205039504,-0.00047899829772107523
-0.6750000000022062,-0.0005624015801132252
-0.7280826794997689,-0.00047897765077006273
-0.7644827052475397,-0.0002546976088465806
-0.7727114701311448,4.061355392562569e-05
-0.7500513242761259,0.00031501576579245856
-0.7034016994353256,0.0004830788749816448
-0.6471310112812947,0.0004924810831455611
-0.5986031372562762,0.0003402989067520952
-0.5727712749266811,7.391532721317126e-05
-0.5775223514120034,-0.00022373213477915727
-0.6112214747726068,-0.0004599671350322401
-0.663220948049372,-0.0005612339687351063
-0.7171753674122014,-0.0004960024919819856
-0.7561306680054876,-0.0002845799869276519
-0.7678026728426597,7.2116190883089946e-06
-0.7484016994360921,0.00028852803994340045
-0.7038124552662504,0.0004717864021395811
-0.6477618685390748,0.0004999339302316835
-0.5975452894053713,0.00036421098794200046
-0.5686416838865198,0.00010687627752557237
-0.5698943483712078,-0.00019195051874719782
-0.6007576010269743,-0.0004392262815192244
-0.6514666766459377,-0.0005579570571139394
-0.7060779291586753,-0.0005111754360985942
-0.7474327925514828,-0.0003134448008283285
-0.7624999999999785,-2.6324269926799924e-05
-0.7464327925488652,0.0002607961785627245
-0.704077929154255,0.0004585266016681723
-0.6484666766410907,0.0005053084069311725
-0.5967576010231922,0.00038658036752768524
-0.5648943483696904,0.00013931017635591367
-0.5626416838877337,-0.00015951647790978147
-0.5905452894089313,-0.0004168571193887242
-0.6397618685438718,-0.0005525833238990661
-0.6948124552707908,-0.0005244361566478391
-0.7384016994389618,-0.0003411776873401246
-0.7568026728429647,-5.986131409685474e-05
-0.7441306680031324,0.00023193007520339455
-0.7041753674078988,0.00044335225253671245
-0.6492209480444718,0.0005085837516315322
-0.5962214747686525,0.0004073192123870118
-0.5615223514102026,0.00017108946262582548
-0.5557712749275938,-0.00012655756236285156
-0.5806031372596173,-0.00039294745896995833
-0.6281310112860231,-0.0005451335256566551
-0.6834016994399683,-0.0005357318794438774
-0.7290513242792364,-0.0003676687562398008
-0.7507114701317565,-9.32667153004419e-05
-0.7414827052454465,0.00020204409447501979
-0.7040826794956406,0.0004263236843638433
-0.6499999999973173,0.0005097474818503194
-0.5959173204998219,0.0004263461196810668
-0.5585172947522326,0.0002020891537367049
-0.5492885298688661,-9.320340154556081e-05
-0.5709486757241216,-0.00036759119227931114
-0.6165983005650648,-0.0005356366141260645
-0.6718689887191036,-0.0005450175906765766
-0.7193968627439923,-0.0003928130240104133
-0.7442287250733559,-0.0001264082004025926
-0.7384776485877926,0.0001712566207450213
-0.7037785252269979,0.0004075085393895682
-0.6507790519501506,0.000508795443560471
-0.5958246325873738,0.0004435864381249141
-0.5558693319942476,0.00023218733921604926
-0.5431973271573238,-5.958519292528706e-05
-0.561598300564131,-0.000340887922794419
-0.6051875447341075,-0.0005241296210318525
-0.6602381314613057,-0.000552256214300191
-0.7094547105948991,-0.0004165108282158518
-0.7373583161135421,-0.00015915454328735635
-0.7351056516286122,0.00013968959096281056
-0.7032423989726455,0.00038698150557808444
-0.6515333233535633,0.0005057318276461636
-0.5959220708408651,0.00045897256260057326
-0.553567207448226,0.00026126566220840335
-0.5374999999999747,-2.5835184352744932e-05
-0.5525672074513203,-0.0003129425729231507
-0.5939220708460903,-0.0005106575109249438
-0.6485333233592921,-0.0005574187579947871
-0.6992423989770945,-0.0004386682208899947
-0.730105651630396,-0.00019137608278113754
-0.731358316112105,0.00010746801345051099
-0.7024547105906882,0.000364824021906642
-0.6522381314556317,0.000500569153419772
-0.5961875447287577,0.000472444200951376
-0.5515983005607349,0.00028920978689336814
-0.5321973271569596,7.913847898768602e-06
-0.5438693319970279,-0.0002838649707249069
-0.5828246325924324,-0.0004952730026587023
-0.6367790519559119,-0.0005604844270951204
-0.6887785252316676,-0.00045919733938604656
-0.7224776485899161,-0.00022294523442681891
-0.7272287250722712,7.47194745558966e-05
-0.7013968627400361,0.0003411239569995639
-0.6528689887135071,0.0004933282192663833
-0.5965983005595693,0.0004839486119113304
-0.5499486757204372,0.0003159098499701732
-0.5272885298681389,4.152912336849633e-05
-0.5355172947546878,-0.000253769417511635
-0.5719173205046941,-0.0004780363602480876
-0.6250000000030884,-0.0005614407060035445
-0.6780826795005126,-0.0004780167532132145
-0.7144827052479011,-0.0002537369940922835
-0.7227114701310282,4.157363511250333e-05
-0.7000513242755506,0.0003159752623762538
-0.6534016994344712,0.00048403802060643225
-0.5971310112804247,0.0004934408132313973
-0.5486031372556591,0.00034126089441891656
-0.5227712749265065,7.487838185248023e-05
-0.5275223514123232,-0.0002227742380084988
-0.5612214747733191,-0.00045901515398830345
-0.6132209480502299,-0.0005602834067297228
-0.6671753674129537,-0.0004950517854836515
-0.7061306680059085,-0.0002836294314314975
-0.7178026728425959,8.161718689761598e-06
-0.6984016994355611,0.0002894776016776519
-0.653812455265415,0.000472735635501931
-0.5977618685381927,0.0005008837591865448
-0.5475452894047147,0.0003651632838203638
-0.5186416838862906,0.0001078304059752583
-0.519894348371468,-0.00019100131480389952
-0.5507576010276347,-0.0004382839928461862
-0.601466676646813,-0.000557016684328093
-0.6560779291594728,-0.000510234807683975
-0.6974327925519519,-0.0003125041712551347
-0.7124999999999707,-2.538400635054832e-05
-0.6964327925483804,0.0002617359573346671
-0.6540779291534419,0.0004594660783526138
-0.5984666766402224,0.0005062484867607778
-0.546757601022516,0.0003875230956019582
-0.5148943483694146,0.00014025553979945686
-0.5126416838879473,-0.00015857560885848047
-0.5405452894095722,-0.0004159242292598783
-0.5897618685447383,-0.0005516530191316669
-0.6448124552716106,-0.0005235055065900404
-0.6884016994394772,-0.00034024686091775727
-0.7068026728430128,-5.893074895306232e-05
-0.6941306680027067,0.0002328602162259356
-0.6541753674071308,0.0004442821222598217
-0.5992209480435984,0.0005095142299357634
-0.5462214747679246,0.00040825249166292425
-0.5115223514098671,0.00017202620138429453
-0.5057712749277529,-0.0001256246678755434
-0.5306031372602188,-0.0003920236376091519
-0.5781310112868774,-0.0005442131658180318
-0.6334016994408069,-0.0005348111222410091
-0.6790513242797814,-0.000366747621881003
-0.7007114701318574,-9.234571956867171e-05
-0.6914827052450693,0.00020296473595816984
-0.6540826794948813,0.00042724409075413843
-0.5999999999964194,0.0005106685016281236
-0.5459173204990626,0.000427270064926608
-0.5085172947518457,0.0002030173872175012
-0.4992885298689699,-9.227812436859294e-05
-0.5209486757246811,-0.000366676067727532
-0.5665983005658819,-0.0005347260694702079
-0.6218689887199359,-0.0005441066560004506
-0.6693968627445782,-0.0003919014836777393
-0.6942287250735149,-0.0001254966543947976
-0.6884776485874572,0.0001721678934747831
-0.65377852522627,0.00040841961970903813
-0.6007790519492544,0.0005097071429530945
-0.5458246325865861,0.0004445011604626899
-0.505869331993811,0.00023310716646873466
-0.4931973271573705,-5.866718528933699e-05
-0.511598300564633,-0.0003399810749369931
-0.5551875447349273,-0.0005232287489356099
-0.6102381314621722,-0.0005513550478358923
-0.6594547105955401,-0.00041560879856816074
-0.6873583161137556,-0.00015825233759671803
-0.6851056516283294,0.00014059161777065903
-0.6532423989719518,0.00038788339037391814
-0.6015333233526724,0.0005066343396135826
-0.5459220708400725,0.00045987816992574366
-0.5035672074477534,0.00026217716305360517
-0.48749999999996685,-2.49241151118152e-05
-0.5025672074517894,-0.00031204352817548774
-0.5439220708468878,-0.0005097661479167879
-0.5985333233601674,-0.0005565273220641741
-0.6492423989777725,-0.0004377756352572785
-0.6801056516306633,-0.00019048311946019404
-0.6813583161118759,0.00010836090854907262
-0.6524547105900481,0.00036571683457750214
-0.6022381314547719,0.0005014626053486622
-0.5461875447279223,0.00047334079816031236
-0.5015983005602039,0.00029011302354774025
-0.4821973271568959,8.81828569803794e-06
-0.4938693319974489,-0.00028297319787049473
-0.5328246325932046,-0.0004943909543715468
-0.5867790519567925,-0.0005596027009145296
-0.6387785252323799,-0.00045831415012003324
-0.6724776485902276,-0.0002220614284453518
-0.6772287250721009,7.560334271296043e-05
-0.651396862739419,0.00034200781326022524
-0.6028689887126372,0.0004942127324993539
-0.546598300558715,0.0004848363009292779
-0.49994867571986196,0.00031680486905789245
-0.4772885298680196,4.242720485741007e-05
-0.4855172947550589,-0.00025288432526742897
-0.5219173205054186,-0.0004771633889356228
-0.5750000000039479,-0.0005605686853763722
-0.6280826795012371,-0.0004771429344711798
-0.6644827052482724,-0.000252862275137753
-0.6727114701309089,4.244857062659607e-05
-0.6500513242749755,0.00031685026959649154
-0.6034016994336169,0.0004849137098846097
-0.5471310112795548,0.0004943196928379473
-0.49860313725504196,0.0003421477292305661
-0.47277127492633614,7.577034307233091e-05
-0.47752235141263466,-0.00022189517496240616
-0.511221474774013,-0.0004581509632366186
-0.5632209480511103,-0.0005594211029020611
-0.6171753674137259,-0.0004941873365049558
-0.6561306680063295,-0.0002827637461283981
-0.6678026728425323,9.027804123725922e-06
-0.6484016994350301,0.00029034385807078964
-0.6038124552645796,0.0004736026083018966
-0.5477618685373329,0.0005017539246346653
-0.49754528940407455,0.00036604195666831103
-0.46864168388606714,0.00010871643741299892
-0.4698943483717352,-0.00019012757239740246
-0.5007576010283128,-0.0004374282091256744
-0.5514666766476882,-0.0005561641216347729
-0.6060779291602705,-0.0005093797566306938
-0.647432792552421,-0.000311647485899699
-0.6624999999999629,-2.4526701734271083e-05
-0.6464327925479079,0.00026259355095987526
-0.6040779291526492,0.00046032443409937756
-0.5484666766393315,0.0005071100291917916
-0.49675760102182237,0.0003883936201141264
-0.4648943483691317,0.00014113578115057301
-0.46264168388816085,-0.00015770642806324742
-0.4905452894102133,-0.000415076380040286
-0.5397618685456049,-0.000550810230918756
-0.5948124552724303,-0.0005226599150259262
-0.6384016994399792,-0.0003393991648448631
-0.6568026728430594,-5.808217112539413e-05
-0.6441306680022701,0.0002337092237639172
-0.604175367406343,0.0004451319513861431
-0.5492209480427023,0.000510367235585624
-0.4962214747671967,0.0004091148748664291
-0.4615223514095317,0.0001729007379072103
-0.4557712749279118,-0.00012475925011170712
-0.48060313726082027,-0.0003911831259109883
-0.5281310112877097,-0.0005433801879206501
-0.583401699441624,-0.0005339750903379729
-0.6290513242803409,-0.0003659089316129108
-0.6507114701319612,-9.150583212380028e-05
-0.6414827052446825,0.00020380522120603335
-0.604082679494122,0.00042808547357484197
-0.5499999999955215,0.0005115130508218562
-0.4959173204983031,0.0004281243089838673
-0.45851729475145897,0.00020388624794228594
-0.44928852986907075,-9.141564701911044e-05
-0.4709486757252261,-0.00036584214325971107
-0.5165983005667206,-0.0005339029302429875
-0.5718689887207902,-0.0005432803285651216
-0.6193968627451797,-0.00039107184803995824
-0.6442287250736739,-0.00012466544150869607
-0.6384776485871217,0.00017299990549619958
-0.6037785252255421,0.00040925262506351086
-0.5507790519483808,0.0005105433088705681
-0.49582463258581816,0.00044534726394648735
-0.4558693319933853,0.0002339703243916189
-0.4431973271574186,-5.780682187678382e-05
-0.4615983005651483,-0.0003391528023841061
-0.5051875447357469,-0.0005224154544406467
-0.5602381314630387,-0.0005505386212555503
-0.6094547105961811,-0.0004147883050113884
-0.6373583161139692,-0.00015742980769586345
-0.6351056516280535,0.00014141518861682598
-0.6032423989712756,0.0003887080739837441
-0.551533323351804,0.0005074621868063044
-0.4959220708392593,0.0004607161285403411
-0.4535672074472687,0.0002630345372924771
-0.43749999999995903,-2.4065059824978082e-05
-0.4525672074522584,-0.00031121975378325294
-0.4939220708476854,-0.0005089626603762724
-0.5485333233610427,-0.00055572105224635
-0.599242398978433,-0.0004369644176873472
-0.6301056516309235,-0.00018966930978188876
-0.6313583161116523,0.00010917605044665959
-0.6024547105893915,0.0003665332370480433
-0.5522381314538897,0.0005022821879695235
-0.49618754472708687,0.000474170604838463
-0.4515983005596729,0.0002909644832757135
-0.43219732715683207,9.67678987887961e-06
-0.44386933199786993,-0.00028215251621068914
-0.4828246325939568,-0.000493597161370332
-0.5367790519576503,-0.0005588069122380056
-0.5887785252330737,-0.00045751239863219776
-0.6224776485905473,-0.0002212564107204886
-0.6272287250719263,7.641004458516908e-05
-0.6013968627388019,0.0003428159576398138
-0.5528689887117672,0.0004950240921982025
-0.49659830055786064,0.00048565794525302637
-0.44994867571928665,0.00031765023887946183
-0.42728852986790306,4.328583564538881e-05
-0.4355172947554204,-0.0002520650489189894
-0.47191732050616236,-0.00047637906017283793
-0.5250000000048302,-0.0005597837805183477
-0.5780826795019807,-0.00047635090750311704
-0.6144827052486435,-0.00025206616269364285
-0.6227114701307895,4.324679378018608e-05
-0.6000513242744003,0.00031765015838375066
-0.5534016994327625,0.00048571687329728667
-0.49713101127870674,0.0004951331597403927
-0.44860313725444045,0.00034298679554476476
-0.42277127492616157,7.662966759261553e-05
-0.4275223514129545,-0.0002210753107222693
-0.46122147477472525,-0.000457375690935232
-0.5132209480519908,-0.0005586475731092344
-0.567175367414498,-0.0004934053760918091
-0.6061306680067504,-0.0002819767027952368
-0.6178026728424685,9.817476887084077e-06
-0.5984016994345125,0.000291135469530805
-0.5538124552637652,0.00047439758404384464
-0.49776186853645077,0.0005025591923462265
-0.44754528940341787,0.00036687447447368267
-0.41864168388583795,0.00010957688208395547
-0.41989434837200246,-0.00018930480841230067
-0.45075760102899065,-0.00043666132768110835
-0.5014666766485635,-0.0005554025564483524
-0.556077929161068,-0.0005086083076605259
-0.597432792552878,-0.0003108697372204481
-0.6124999999999551,-2.3745690695349883e-05
-0.596432792547423,0.0002633768345763009
-0.5540779291518361,0.0004611112091421215
-0.49846667663844063,0.0005079070663834077
-0.44675760102112877,0.0003892193196699717
-0.41489434836884886,0.0001419976047901777
-0.4126416838883743,-0.00015687813676681833
-0.44054528941083776,-0.00041431686031633973
-0.48976186854644904,-0.0005500613254191403
-0.544812455273229,-0.0005218995496875209
-0.5884016994404946,-0.00033863101224667475
-0.6068026728431074,-5.7309981165945884e-05
-0.5941306680018335,0.00023448409460435378
-0.5541753674055552,0.00044591048666666003
-0.49922094804180606,0.0005111559976495036
-0.4462214747664688,0.0004099334676182049
-0.41152235140920446,0.00017376401004239774
-0.4057712749280665,-0.0001239225118819553
-0.4306031372614062,-0.00039042944007405296
-0.478131011288564,-0.0005426447440412245
-0.5334016994424627,-0.0005332265393108018
-0.5790513242809004,-0.0003651507704113286
-0.6007114701320649,-9.074268110456959e-05
-0.5914827052442957,0.0002045715529218988
-0.5540826794933627,0.0004288556986385615
-0.49999999999464634,0.000512293475194589
-0.44591732049756305,0.00042893549219811004
-0.4085172947510818,0.00020475083398080135
-0.3992885298691745,-9.056729885840553e-05
-0.42094867572578565,-0.0003650920974745966
-0.46659830056755935,-0.0005331818464141186
-0.5218689887216444,-0.000542544520933134
-0.5693968627457812,-0.00039032419044648557
-0.5942287250738328,-0.0001239116189946019
-0.5884776485867946,0.00017375752159678388
-0.5537785252248325,0.00041001443149297335
-0.5007790519474847,0.0005113153092677308
-0.4458246325850303,0.00044615072355354214
-0.40586933199294867,0.00023483587877478834
-0.3931973271574667,-5.6943534053624566e-05
-0.41159830056566366,-0.0003384033373921102
-0.4551875447365667,-0.0005217096945733053
-0.5102381314639052,-0.0005498167355662046
-0.5594547105968055,-0.00041405180972286235
-0.5873583161141771,-0.0001566856916328827
-0.5851056516277706,0.00014216385155963823
-0.553242398970582,0.0003894613072914101
-0.5015333233509132,0.0005082256461767948
-0.44592207083844615,0.0004615115397531157
-0.4035672074467839,0.00026390050503984004
-0.3874999999999512,-2.31834412932141e-05
-0.40256720745272756,-0.00031046671752651706
-0.44392207084846236,-0.0005082731888427809
-0.4985333233618954,-0.0005550145815016092
-0.549242398979111,-0.0004362399282125936
-0.5801056516311907,-0.0001889353876521494
-0.5813583161114231,0.00010991544795413733
-0.5524547105887347,0.0003672776866301866
-0.5022381314530076,0.0005030369499131297
-0.4461875447262515,0.00047495763017281787
-0.4015983005591419,0.00029183010952840564
-0.38219732715676985,1.0580059223377654e-05
-0.3938693319982799,-0.0002813904182797165
-0.432824632594729,-0.0004929248252310559
-0.4867790519585308,-0.0005581177456640891
-0.538778525233786,-0.00045680099330580706
-0.5724776485908672,-0.00022053330649072502
-0.5772287250717516,7.713977243333105e-05
-0.5513968627381848,0.0003435513442726325
-0.5028689887109192,0.0004957699504946798
-0.4465983005570279,0.00048643622962075923
-0.39994867571872605,0.00031851458525076045
-0.3772885298677836,4.421385091946871e-05
-0.38551729475579155,-0.0002512868133778273
-0.42191732050690606,-0.0004757243937210713
-0.47500000000571246,-0.0005591143043772969
-0.5280826795027245,-0.0004756539652469246
-0.5644827052490147,-0.000251354671295245
-0.572711470130673,4.3966334086037743e-05
-0.5500513242738396,0.0003183761186072569
-0.5034016994319298,0.00048645355909154587
-0.44713101127783683,0.0004959023222952554
-0.39860313725382324,0.0003438487613715807
-0.37277127492598694,7.758513120231108e-05
-0.3775223514132744,-0.00022027205116579763
-0.4112214747754376,-0.0004567386114160723
-0.46322094805287134,-0.0005580007909887046
-0.5171753674152503,-0.0004927246634994074
-0.5561306680071605,-0.00028127783445548846
-0.5678026728424063,1.052617064092612e-05
-0.5484016994339814,0.00029185153608385773
-0.5038124552629298,0.0004751247500901107
-0.44776186853556854,0.000503318814734174
-0.39754528940276124,0.000367732820516386
-0.3686416838856088,0.00011056193297056784
-0.36989434837226964,-0.0001884656558780858
-0.4007576010296512,-0.00043604068598473056
-0.4514666766494161,-0.0005547822255732446
-0.5060779291618449,-0.0005079460950351811
-0.5474327925533471,-0.0003101847747625871
-0.5624999999999473,-2.304867847805551e-05
-0.5464327925469383,0.0002640824118181192
-0.5040779291510228,0.0004618284103450064
-0.44846667663754974,0.000508656676970215
-0.3967576010204351,0.00039007269145892857
-0.364894348368573,0.0001430136568415488
-0.3626416838885822,-0.00015599015602154592
-0.39054528941147876,-0.0004137098083544568
-0.4397618685473156,-0.0005494720983909395
-0.49481245527404877,-0.0005212587663460677
-0.5384016994410099,-0.0003379615855936073
-0.5568026728431554,-5.662570578685692e-05
-0.5441306680013969,0.00023517842755947643
-0.5041753674047674,0.00044661715593436775
-0.4492209480409326,0.0005118950511605815
-0.39622147476575925,0.00041078041551641063
-0.361522351408869,0.00017481161205928344
-0.3557712749282254,-0.00012297074313367268
-0.3806031372620077,-0.00038983057965452466
-0.4281310112894183,-0.0005420922936147886
-0.48340169944330147,-0.0005326109818384557
-0.5290513242814601,-0.0003644989540948148
-0.5507114701321686,-9.007247478423577e-05
-0.5414827052439186,0.00020525368819748895
-0.5040826794926224,0.0004295511167940104
-0.4499999999937484,0.0005130213270058187
-0.3959173204968037,0.0004297744852954497
-0.358517294750695,0.0002058295622403853
-0.3492885298692782,-8.953495877790005e-05
-0.3709486757263452,-0.00036449238628284925
-0.41659830056839803,-0.0005326729328868086
-0.4718689887224988,-0.0005419591320029714
-0.5193968627463671,-0.0003896926321385385
-0.5442287250739876,-0.0001232571633679246
-0.5384776485864591,0.00017442625792147401
-0.5037785252241046,0.0004106976896328711
-0.4507790519465886,0.0005120311833096778
-0.3958246325842425,0.0004469801546893462
-0.3558693319925121,0.00023594427039617363
-0.3431973271575148,-5.581240125097565e-05
-0.36159830056616565,-0.0003377887483626875
-0.40518754473736535,-0.0005212521097254538
-0.46023813146474934,-0.000549267975016066
-0.5094547105974465,-0.00041344390094404543
-0.5373583161143907,-0.0001560491109360343
-0.5351056516274878,0.00014281767704068423
-0.5032423989698884,0.00039013125954249524
-0.4515333233500222,0.000508928595067129
-0.395922070837633,0.00046232971918786246
-0.35356720744631137,0.000265036036307277
-0.3374999999999434,-2.193443704290135e-05
-0.35256720745318454,-0.00030981667974862206
-0.3939220708492599,-0.0005078754764952577
-0.44853332336277063,-0.0005545109145789081
-0.49924239897978906,-0.00043566003280812594
-0.530105651631458,-0.0001883193689665085
-0.5313583161111939,0.00011055246031218635
-0.5024547105880781,0.00036793289067885463
-0.45223813145214775,0.0005037258054775978
-0.3961875447254372,0.00047576276563661126
-0.3515983005586243,0.00029298921855155853
-0.33219732715670613,1.1966103205878987e-05
-0.34386933199870084,-0.00028067611018305316
-0.38282463259550115,-0.0004925956372845906
-0.4367790519594113,-0.0005576702738351796
-0.48877852523449833,-0.0004562547555432286
-0.5224776485911871,-0.0002199412555375853
-0.5272287250715813,7.775757738266988e-05
-0.5013968627375832,0.00034418998632869944
-0.4528689887100493,0.0004964432622832163
-0.3965983005561736,0.00048722639055794845
-0.34994867571815086,0.00031969273340901424
-0.32728852986766427,4.575526741705726e-05
-0.3355172947561627,-0.0002504694294310841
-0.3719173205076498,-0.00047547129544398757
-0.42500000000659477,-0.0005587375585991982
-0.478082679503449,-0.0004751487281339717
-0.5144827052493761,-0.00025079091520076037
-0.5227114701305536,4.45619156128364e-05
-0.5000513242732645,0.0003189959185403987
-0.4534016994310755,0.0004871095177923415
-0.3971310112769669,0.0004966753860489213
-0.34860313725320613,0.0003450405234928085
-0.32277127492581237,7.929838614307456e-05
-0.3275223514135942,-0.0002193012159092871
-0.3612214747761314,-0.00045656610765712897
-0.41322094805372916,-0.0005577136908421047
-0.4671753674160224,-0.000492270039965023
-0.5061306680075814,-0.0002807478869674838
-0.5178026728423425,1.1095725072864588e-05
-0.4984016994334505,0.0002924496273001457
-0.45381245526209446,0.0004757610918756367
-0.3977618685346864,0.0005040723920955384
-0.3475452894021046,0.0003689319901438373
-0.3186416838853853,0.00011246055629791107
-0.3198943483725299,-0.00018727820527111126
-0.35075760103032916,-0.00043594721197841193
-0.40146667665029134,-0.0005546091729186362
-0.45607792916264256,-0.0005075547507555611
-0.49743279255381617,-0.00030969568511188055
-0.5124999999999394,-2.250995516766267e-05
-0.49643279254645356,0.00026465518892510324
-0.4540779291502302,0.00046244229707447307
-0.3984666766366814,0.0005093880139194322
-0.346757601019759,0.0003912723851691564
-0.3148943483682901,0.00014510721477041855
-0.31264168388879576,-0.00015450953535165907
-0.3405452894121198,-0.00041368342992005824
-0.38976186854818207,-0.000549444111876534
-0.4448124552748685,-0.0005209474937919048
-0.4884016994415253,-0.0003375224002799489
-0.5068026728432021,-5.612389125175303e-05
-0.49413066800097116,0.00023572135291804992
-0.45417536740399955,0.00044720502474694543
-0.3992209480400365,0.0005126009026915706
-0.3462214747650313,0.0004119731591205864
-0.31152235140853357,0.0001771048012947599
-0.3057712749283844,-0.00012110727248366485
-0.33060313726260915,-0.00038984319559125724
-0.3781310112902726,-0.0005422479896561519
-0.43340169944411855,-0.0005324021702419865
-0.4790513242820051,-0.0003641213324125974
-0.5007114701322695,-8.961527229681495e-05
-0.49148270524353177,0.00020576104593859787
-0.4540826794918631,0.000430108490856123
-0.3999999999928734,0.0005136977976243096
-0.34591732049604434,0.0004309522647545639
-0.3085172947502983,0.00020832149790182055
-0.299288529869382,-8.718718282529869e-05
-0.32094867572689045,-0.00036449233787808045
-0.3665983005692151,-0.0005330590096543713
-0.42186898872335293,-0.0005418827652278413
-0.46939686274696857,-0.0003893916727502389
-0.4942287250741425,-0.0001228543564562524
-0.48847764858612364,0.00017489084077603983
-0.4537785252233581,0.0004112189395854508
-0.40077905194569247,0.000512673527081782
-0.34582463258347473,0.000448134415362837
-0.3058693319920864,0.00023862802089465637
-0.29319732715756264,-5.286966632932917e-05
-0.31159830056668103,-0.000337691929188539
-0.35518754473816416,-0.0005219227878297007
-0.41023813146561583,-0.0005493643129996502
-0.459454710598104,-0.0004132392604304208
-0.4873583161146042,-0.00015571315236027818
-0.4851056516272121,0.00014323038719511557
-0.4532423989691947,0.000390609302398765
-0.40153332334913117,0.0005095309659267971
-0.34592207083684035,0.0004634512982119619
-0.303567207445839,0.0002678984323975307
-0.2874999999999356,-1.828072814175528e-05
-0.30256720745366567,-0.00030949650396390845
-0.3439220708500575,-0.0005088900987860046
-0.39853332336362357,-0.0005548340223837749
-0.44924239898046703,-0.00043557745084668326
-0.4801056516317249,-0.00018806614625837143
-0.4813583161109704,0.00011090180020765402
-0.45245471058745473,0.00036835880944661905
-0.40223813145126563,0.0005042809458181057
-0.3461875447245805,0.00047684174329167505
-0.3015983005580933,0.00029601093348796177
-0.28219732715664403,1.644716849125001e-05
-0.29386933199912185,-0.00027995302256056783
-0.33282463259627315,-0.000494013354151025
-0.38677905196029183,-0.0005582925344296692
-0.4387785252351924,-0.0004563281491196386
-0.47247764859149854,-0.00021979108978855034
-0.47722872507140224,7.802899956455243e-05
-0.4513968627369661,0.00034455254925973804
-0.40286898870920157,0.000496942114563414
-0.34659830055531926,0.0004882518470110872
-0.299948675717561,0.00032284860038678937
-0.2772885298675449,5.11745341680289e-05
-0.28551729475652443,-0.0002491009867462834
-0.3219173205083743,-0.0004773415112179798
-0.3750000000074768,-0.0005597552076668955
-0.4280826795041927,-0.0004754230835985801
-0.4644827052497377,-0.00025076986993619304
-0.47271147013043424,4.473699190865233e-05
-0.4500513242726746,0.00031928097141677294
-0.40340169943022114,0.0004875407398433425
-0.3471310112761192,0.0004976350494184685
-0.29860313725260457,0.0003483000289910587
-0.2727712749256376,8.575472151546468e-05
-0.2775223514139057,-0.00021697407703294628
-0.3112214747768255,-0.0004589132196748132
-0.3632209480546097,-0.0005592531954618665
-0.4171753674168143,-0.0004928054212123478
-0.4561306680080025,-0.00028088949238774054
-0.46780267284228044,1.1151083869951578e-05
-0.44840169943291946,0.00029263932522488253
-0.4038124552612589,0.0004761104516017601
-0.3477618685338266,0.0005049521620778648
-0.2975452894014813,0.0003722598602885724
-0.2686416838851561,0.00012003434011565863
-0.2698943483728039,-0.0001836035612010785
-0.3007576010310072,-0.0004387482477848664
-0.35146667665114417,-0.0005568338782210055
-0.4060779291634401,-0.0005084318561066282
-0.4474327925542851,-0.0003100432235366834
-0.46249999999993163,-2.2603989822547002e-05
-0.44643279254599333,0.00026472702535690974
-0.404077929149417,0.0004626919161333897
-0.3484666766357678,0.0005101713420154373
-0.29675760101906534,0.0003946291684837802
-0.26489434836801445,0.00015385426669734447
-0.26264168388900927,-0.00014902351432165403
-0.29054528941277724,-0.00041683760739480956
-0.3397618685490486,-0.0005525599331287892
-0.39481245527566733,-0.0005222753274839897
-0.4384016994420273,-0.0003381319568464352
-0.4568026728432515,-5.64050446548335e-05
-0.4441306680005345,0.00023564693281225723
-0.40417536740323184,0.00044733243337759417
-0.34922094803914033,0.0005132680053155396
-0.2962214747642848,0.0004153157034372863
-0.2615223514081981,0.00018705122538517543
-0.2557712749285393,-0.00011327761166569094
-0.2806031372631951,-0.00039313330951304816
-0.32813101129112676,-0.0005465059807283429
-0.3834016994449573,-0.0005343285245823488
-0.42905132428255033,-0.00036506589898201776
-0.4507114701323732,-9.013155976209068e-05
-0.44148270524313515,0.0002055045365305308
-0.40408267949110377,0.0004300854472260758
-0.3499999999919755,0.0005142246721243294
-0.295917320495285,0.0004342339878218305
-0.25851729474992124,0.00021945983932203941
-0.24928852986948286,-7.642694918779034e-05
-0.2709486757274355,-0.00036753927015585093
-0.31659830057005384,-0.0005387513972092757
-0.37186898872420726,-0.0005446082836976431
-0.41939686274757004,-0.00039076671398248676
-0.44422872507430144,-0.00012366696487674906
-0.43847764858578814,0.00017440701742626135
-0.40377852522264857,0.0004110099568066835
-0.350779051944819,0.0005130307331542615
-0.29582463258270686,0.00045130527614946814
-0.2558693319916498,0.00025091499369990776
-0.24319732715761072,-3.855807254454536e-05
-0.2615983005671964,-0.00033990543071372515
-0.3051875447389839,-0.0005293676408060133
-0.36023813146648237,-0.0005531608199328943
-0.40945471059872846,-0.00041517032447171753
-0.437358316114812,-0.0001569001526589681
-0.43510565162693626,0.00014246217236018238
-0.4032423989685186,0.0003901698147217676
-0.3515333233482403,0.0005096821263067545
-0.2959220708360271,0.00046645738686789474
-0.2535672074453542,0.0002812543105344452
-0.23749999999992774,2.09778653245153e-07
-0.25256720745413475,-0.0003100274834088975
-0.29392207085085503,-0.0005183984990449104
-0.3485333233644988,-0.0005600673856141846
-0.39924239898112757,-0.00043823065134590235
-0.43010565163199216,-0.0001897272877058494
-0.43135831611074127,0.00010977717024622798
-0.40245471058679805,0.00036763289595978174
-0.35223813145038346,0.0005041809107016723
-0.29618754472374514,0.00047962441989845157
-0.25159830055756227,0.00031032052239635274
-0.23219732715658034,3.971922548869053e-05
-0.2438693319995319,-0.0002776544989535192
-0.2828246325970454,-0.0005058322680749842
-0.33677905196114966,-0.0005654493096577979
-0.3887785252358863,-0.00045992467602572743
-0.4224776485918184,-0.0002220540122564587
-0.42722872507122767,7.645710568177243e-05
-0.40139686273634895,0.00034347011857676594
-0.3528689887083316,0.0004965347241416123
-0.2965983005544649,0.0004907463705373623
-0.24994867571700033,0.0003379635458303681
-0.22728852986742837,7.977196123577741e-05
-0.23551729475688593,-0.00024250607020947937
-0.271917320509118,-0.0004915662762611594
-0.3250000000083591,-0.0005694703573956072
-0.3780826795049364,-0.00048025931561764706
-0.4144827052501089,-0.00025379819129314095
-0.42271147013031485,4.260330687876628e-05
-0.40005132427211393,0.0003177542943833753
-0.3534016994293884,0.0004867561089695505
-0.29713101127527125,0.000499768647314788
-0.24860313725198743,0.0003640420911655431
-0.22277127492546295,0.00012012916192745
-0.22752235141422555,-0.00020429925314384997
-0.26122147477753777,-0.00047536650391621357
-0.3132209480554902,-0.0005723329392860375
-0.3671753674175865,-0.0004992806621864845
-0.40613066800842346,-0.00028489340281012514
-0.4178026728422167,8.311344351181086e-06
-0.39840169943240183,0.0002905587854615972
-0.35381245526042354,0.0004748616909749803
-0.29776186853294445,0.0005066414974356628
-0.2475452894008246,0.00038842469691883076
-0.21864168388492694,0.0001605152199029252
-0.21989434837307115,-0.0001627837325233469
-0.2507576010316852,-0.00045682820453961116
-0.3014666766520194,-0.0005742630493586388
-0.3560779291642171,-0.000517086045020191
-0.3974327925547542,-0.0003152934711447828
-0.4124999999999238,-2.633132496976762e-05
-0.39643279254550856,0.00026195594160363206
-0.3540779291486038,0.00046087119756110404
-0.2984666766348769,0.0005113193405463676
-0.2467576010183717,0.00041099013621347764
-0.21489434836773158,0.0002006244853805902
-0.21264168388921717,-0.00011778161440150915
-0.2405452894134017,-0.00043534684269594913
-0.2897618685498928,-0.0005754774112537445
-0.344812455276466,-0.0005338389310698071
-0.38840169944254266,-0.00034497847331646693
-0.4068026728432995,-6.12481573203803e-05
-0.3941306680000979,0.00023201529611005642
-0.35417536740244404,0.00044480630609797537
-0.29922094803824417,0.0005137600115549943
-0.24622147476357528,0.00043162720229152925
-0.21152235140787096,0.00024013032633467523
-0.205771274928694,-6.922657570947052e-05
-0.2306031372637966,-0.00041011125505711123
-0.27813101129198103,-0.0005761260762151116
-0.333401699445796,-0.0005497855733882054
-0.37905132428310984,-0.0003739628295686045
-0.400711470132477,-9.637686355473248e-05
-0.391482705242758,0.0002008015033284555
-0.35408267949036365,0.00042668932198600135
-0.2999999999911003,0.0005139239172854825
-0.24591732049454493,0.0004502339343278228
-0.2085172947495344,0.00027869557100290807
-0.19928852986958662,-1.7196339812572242e-05
-0.2209486757279951,-0.0003801312368086004
-0.2665983005708925,-0.0005762060085947132
-0.32186898872506153,-0.0005652701533793526
-0.3693968627481715,-0.0004023063132628982
-0.39422872507446044,-0.00013167342269059987
-0.388477648585461,0.00016837200968151754
-0.35377852522192066,0.0004065416979035566
-0.3007790519439229,0.0005117731197615465
-0.24582463258191908,0.000466716388784586
-0.20586933199121316,0.0003159833103633559
-0.19319732715765875,3.8067024021796745e-05
-0.21159830056771178,-0.0003443082926185581
-0.25518754473980365,-0.000575447477249173
-0.3102381314673265,-0.0005807415929371641
-0.35945471059936956,-0.0004301290244548489
-0.3873583161150256,-0.00016711695599818912
-0.38510565162665333,0.0001347744580656306
-0.35324239896782506,0.0003843824193870907
-0.3015333233473494,0.0005072703696745648
-0.24592207083521395,0.00048098709257641804
-0.20356720744486953,0.0003516671029336456
-0.18749999999991993,9.615264259267307e-05
-0.20256720745459172,-0.0003015503451141527
-0.24392207085163198,-0.0005731861541513793
-0.2985333233653515,-0.0005967402669767328
-0.34924239898180554,-0.00045763139066433347
-0.3801056516322594,-0.0002027157512011455
-0.38135831611051213,0.00010004383132535743
-0.3524547105861414,0.0003602262963716402
-0.30223813144950135,0.0005003781260723915
-0.2461875447229308,0.0004929633318052385
-0.20159830055704464,0.0003854398061480054
-0.18219732715651804,0.00015649315258059237
-0.19386933199995282,-0.00025091961181181193
-0.23282463259781758,-0.000568248672277288
-0.2867790519620302,-0.0006138474856177736
-0.3387785252365985,-0.000485119698475958
-0.37247764859213833,-0.00023851488681272086
-0.3772287250710573,6.419934484963789e-05
-0.3513968627357474,0.000334082217789927
-0.30286898870748374,0.0004910576138988298
-0.2465983005536322,0.0005025654367815808
-0.19994867571642516,0.00041702050930183664
-0.17728852986730892,0.00021839180297849673
-0.1855172947572571,-0.00019179055365623705
-0.2219173205098617,-0.0005588939774329433
-0.27500000000924135,-0.0006325773857658713
-0.3280826795056802,-0.0005130358305336187
-0.3644827052504801,-0.00027460613619306826
-0.37271147013019834,2.7241103567930808e-05
-0.3500513242715387,0.0003059514520356827
-0.30340169942853407,0.0004792679937162082
-0.2471310112744013,0.0005097152266480324
-0.19860313725137024,0.0004461593160982597
-0.17277127492528843,0.0002810600409798077
-0.17752235141454537,-0.00012398629877916203
-0.21122147477824998,-0.0005428598431550519
-0.2632209480563481,-0.0006531942386500746
-0.3171753674183388,-0.0005419858213538157
-0.35613066800883353,-0.00031114111894813755
-0.3678026728421545,-1.0853460950948871e-05
-0.3484016994318708,0.0002758261120996822
-0.3038124552595881,0.000464965749888519
-0.24776186853206228,0.0005143347805894378
-0.19754528940016797,0.00047263998285357697
-0.16864168388469775,0.00034366008529985146
-0.16989434837333137,-4.786172778060689e-05
-0.20075760103234574,-0.0005175546476745552
-0.25146667665287215,-0.0006754537338311853
-0.30607792916501464,-0.0005727546513697644
-0.3474327925552233,-0.00034834894137800095
-0.362499999999916,-5.0133391615923727e-05
-0.34643279254502385,0.00024368793795497874
-0.3040779291477906,0.0004481044358171411
-0.24846667663400862,0.000516345704359981
-0.19675760101769557,0.0004962806327856994
-0.1648943483674557,0.0004053470688001766
-0.1626416838894308,3.568855928091157e-05
-0.1905452894140427,-0.00048040299028124107
-0.23976186855075926,-0.0006982984528620328
-0.2948124552772858,-0.0006062843960565497
-0.338401699443058,-0.0003865595892686218
-0.3568026728433476,-9.067839303802407e-05
-0.34413066799966124,0.00020950754704417049
-0.30417536740165624,0.0004286349225256686
-0.24922094803737072,0.0005156690444595052
-0.19622147476284738,0.0005169329139915876
-0.1615223514075355,0.00046530642467829987
-0.15577127492885295,0.0001253012166862059
-0.18060313726439808,-0.0004293025914501429
-0.2281310112928353,-0.0007195827636765653
-0.2834016994466347,-0.0006435818247770555
-0.3290513242836694,-0.0004262335128786154
-0.3507114701325778,-0.00013260384557141117
-0.3414827052423713,0.0001732442281914459
-0.30408267948960427,0.0004065062509512017
-0.2499999999902024,0.0005122259467087221
-0.19591732049378557,0.0005344800331600942
-0.1585172947491476,0.0005227838127518742
-0.14928852986969035,0.00021927823186610373
-0.17094867572855463,-0.00036309453452807643
-0.21659830057173124,-0.0007359461931579788
-0.2718689887258938,-0.0006855160781368129
-0.31939686274875745,-0.00046799503629558754
-0.3442287250746151,-0.00017606755095793126
-0.3384776485851256,0.00013484620091824056
-0.30377852522119275,0.00038166708787095224
-0.25077905194302674,0.00050593906035413
-0.19582463258113125,0.0005488340844015826
-0.15586933199077654,0.0005771065364435506
-0.1431973271577054,0.00031575417045984254
-0.16159830056821378,-0.00028191521950209466
-0.2051875447406023,-0.0007429699964361367
-0.26023813146819297,-0.0007324775519928874
-0.30945471060001056,-0.0005126608275453038
-0.33735831611523914,-0.00022127962448975186
-0.33510565162637046,9.42510874611369e-05
-0.3032423989671314,0.0003540676813250788
-0.25153332334648104,0.0004967345925526138
-0.1959220708344213,0.0005599330398206211
-0.15356720744439695,0.0006276967413187497
-0.1374999999999121,0.0004128627149741937
-0.15256720745506083,-0.00018731140673187177
-0.19392207085242952,-0.0007357092958012024
-0.24853332336622677,-0.0007839070761970395
-0.29924239898248356,-0.00056124343898188
-0.33010565163252664,-0.00026851722786587094
-0.331358316110283,5.13862158975146e-05
-0.30245471058548473,0.000323662170481533
-0.25223813144864154,0.0004845448760978548
-0.1961875447220954,0.0005677377238351881
-0.15159830055651366,0.0006740775678151288
-0.13219732715645435,0.0005088747656785339
-0.14386933200037383,-8.206580659857429e-05
-0.18282463259858978,-0.0007095802232484022
-0.23677905196291069,-0.0008377746586856346
-0.2887785252373108,-0.0006148948907581614
-0.32247764859244976,-0.00031814548709616905
-0.32722872507088274,6.168239742116417e-06
-0.3013968627351303,0.0002904111083904328
-0.2528689887066138,0.0004693113186043543
-0.19659830055277785,0.0005722290601739646
-0.14994867571584997,0.0007158738480874601
-0.12728852986718958,0.0006022925312527597
-0.13551729475762825,3.0223767757969408e-05
-0.17191732051060543,-0.0006614233836896297
-0.2250000000101009,-0.0008901760697212682
-0.2780826795064047,-0.0006747422149892776
-0.31448270525084154,-0.0003706443668207814
-0.32271147013007895,-4.149879772126844e-05
-0.3000513242709635,0.0002542839450258149
-0.25340169942767976,0.0004509875384378078
-0.19713101127353133,0.0005734057834008725
-0.14860313725075314,0.0007528089330872286
-0.12277127492511808,0.0006918968540316449
-0.12752235141485685,0.0001456884372705221
-0.16122147477894389,-0.0005904293519161491
-0.2132209480572286,-0.0009352830787033725
-0.26717536741911097,-0.0007415675928738053
-0.3061306680092545,-0.0004266373851290467
-0.3178026728420908,-9.172856009541132e-05
-0.2984016994313399,0.00021526084748467667
-0.25381245525875273,0.00042954224838604154
-0.19776186853118013,0.0005712825680301959
-0.14754528939951128,0.0007846988948519388
-0.11864168388447424,0.0007767544660729981
-0.11989434837359861,0.00026070571239064573
-0.15075760103302377,-0.0004985840767280705
-0.2014666766537474,-0.0009658684525657702
-0.2560779291658122,-0.0008153151199479434
-0.2974327925556924,-0.0004869101339286409
-0.3124999999999082,-0.0001446630228324312
-0.2964327925445391,0.00017333278089105597
-0.25407792914699795,0.0004049611477400359
-0.19846667663311773,0.0005658882355189067
-0.14675760101700192,0.0008114448696637691
-0.11489434836717283,0.0008561965022037955
-0.11264168388964431,0.00037227439458734155
-0.14054528941468375,-0.00039042385545104267
-0.18976186855162577,-0.0009744816652521304
-0.24481245527810555,-0.0008944740031283486
-0.28840169944356,-0.0005523934088726484
-0.30680267284339424,-0.00020049068660539222
-0.2941306679992356,0.00012849876512835017
-0.25417536740088836,0.00037724712760035415
-0.19922094803647458,0.0005572636403165439
-0.14622147476211944,0.000833023999418876
-0.11152235140720006,0.0009297801768074405
-0.10577127492901192,0.00047819887179675153
-0.13060313726499959,-0.0002721471030291237
-0.1781310112936676,-0.0009550904895365884
-0.2334016994474518,-0.0009754873346379111
-0.2790513242842144,-0.0006240697471014767
-0.3007114701326815,-0.0002594723736318661
-0.2914827052419845,8.075992853958229e-05
-0.25408267948884494,0.00034641870798085225
-0.19999999998930448,0.0005454591913690052
-0.14591732049302614,0.000849479471630098
-0.1085172947487705,0.000997243784942865
-0.09928852986979124,0.0005770997745927155
-0.12094867572909958,-0.00015038699349078876
-0.16659830057254832,-0.0009047310064871745
-0.22186898872674815,-0.00105243475303631
-0.2693968627493589,-0.0007027527158985376
-0.2942287250747741,-0.00032197071531222404
-0.2884776485847901,3.0110702487296274e-05
-0.25377852522046485,0.0003125072997915944
-0.2007790519421305,0.0005305324075027021
-0.14582463258034345,0.0008609103222672278
-0.10586933199035087,0.0010584625080218239
-0.09319732715775347,0.0006683058006762666
-0.11159830056872913,-3.105894441645101e-05
-0.15518754474142207,-0.0008245770459945935
-0.21023813146905948,-0.0011172786813286697
-0.2594547106006515,-0.0007887010077352554
-0.28735831611545265,-0.0003884745376737856
-0.2851056516260876,-2.3472945083573624e-05
-0.2532423989664552,0.00027555367331010363
-0.20153332334559018,0.0005125457730730742
-0.14592207083358755,0.0008674614648863762
-0.1035672074439121,0.001113409516624773
-0.0874999999999043,0.0007516886089735175
-0.10256720745552994,8.139508799081348e-05
-0.14392207085320652,-0.0007199627768095089
-0.19853332336710203,-0.0011608785291473101
-0.24924239898314404,-0.0008810775847627938
-0.2801056516327939,-0.000459602823662705
-0.28135831611005935,-8.004978369031396e-05
-0.2524547105848281,0.0002356028528920231
-0.2022381314477594,0.0004915643659091605
-0.14618754472128115,0.0008693137762655399
-0.10159830055598267,0.0011621239909925679
-0.08219732715639208,0.0008274894627423567
-0.09386933200079481,0.00018425855103093564
-0.1328246325993419,-0.0005992638272210362
-0.18677905196379121,-0.0011747298750254575
-0.23877852523800466,-0.0009773458961412082
-0.2724776485927779,-0.0005360627996797467
-0.2772287250707081,-0.00013973564046287408
-0.2513968627345287,0.0001926960629297182
-0.20286898870574377,0.0004676522882015412
-0.14659830055194514,0.0008666737179972793
-0.09994867571527478,0.0012046857412159402
-0.07728852986707303,0.0008961664994459317
-0.08551729475799941,0.0002763807413228634
-0.12191732051132995,-0.00047201048158701037
-0.1750000000110059,-0.001153039346324314
-0.2280826795071483,-0.0010727875693699032
-0.2644827052512224,-0.0006185242287342735
-0.2727114701299596,-0.00020272942625574534
-0.25005132427040283,0.00014685978323467587
-0.2034016994268254,0.0004408678835661876
-0.14713101127268344,0.0008597626205023268
-0.09860313725013602,0.0012411958002901354
-0.07277127492494337,0.0009582748547037103
-0.07752235141518508,0.0003577921344788134
-0.11122147477965616,-0.0003469205468737001
-0.16322094805808632,-0.0010944745179011228
-0.21717536741988314,-0.0011603922914795132
-0.25613066800966455,-0.0007073677258555411
-0.26780267284202697,-0.0002693339978538443
-0.24840169943082221,9.809428282124189e-05
-0.20381245525791733,0.00041125933332109184
-0.14776186853032033,0.0008488068696320866
-0.09754528939885462,0.001271763072124727
-0.06864168388424507,0.0010143815871823763
-0.06989434837385881,0.00042927008557288313
-0.10075760103370165,-0.00023050555620659227
-0.1514666766546001,-0.0010029137956127099
-0.20607792916660977,-0.0012313688330756955
-0.24743279255614933,-0.0008022866341747161
-0.26249999999990037,-0.0003399581019797609
-0.24643279254406653,4.6363989278357587e-05
-0.20407792914616418,0.000378862223212715
-0.14846667663222674,0.0008340302463533634
-0.09675760101632581,0.0012964970776261553
-0.06489434836688995,0.0010650117403180875
-0.06264168388985208,0.0004919658628519025
-0.09054528941532478,-0.00012655580966222652
-0.13976186855246994,-0.0008868189546117159
-0.1948124552789252,-0.0012764090125279752
-0.23840169944407535,-0.0009017800140835566
-0.25680267284344094,-0.00041508406542798055
-0.24413066799879896,-8.411045754432576e-06
-0.2041753674001205,0.0003436982732121414
-0.14922094803557842,0.0008156480345753389
-0.09622147476140994,0.0013155052726874549
-0.06152235140686446,0.0011106184406478583
-0.05577127492916663,0.0005471358922889213
-0.08060313726560107,-3.639536704300438e-05
-0.1281310112945219,-0.0007573592319899521
-0.18340169944831214,-0.0012875764767291305
-0.22905132428477398,-0.0010026547351296932
-0.25071147013278244,-0.0004951835682201607
-0.2414827052415976,-6.636510682322155e-05
-0.20408267948810477,0.0003057723397668302
-0.14999999998840657,0.0007938610391772596
-0.09591732049228599,0.0013288920027586012
-0.05851729474837403,0.0011515685296008315
-0.04928852986989499,0.0005959741182573458
-0.07094867572967362,4.043881518235056e-05
-0.11659830057338705,-0.0006259202919857129
-0.17186898872758044,-0.0012603559523201217
-0.2193968627499604,-0.0010997218278534127
-0.24422872507492882,-0.0005805578823584489
-0.23847764858445458,-0.00012769611439928465
-0.2037785252197553,0.0002650664183472141
-0.15077905194123434,0.0007688485898465307
-0.09582463257957557,0.0013367571748421985
-0.05586933198990329,0.0011881370653527479
-0.04319732715780156,0.0006395225497852392
-0.06159830056923113,0.00010544094172610909
-0.10518754474224183,-0.0005018764475762124
-0.16023813146990365,-0.0011951746031447883
-0.20945471060129253,-0.0011858937743241887
-0.23735831611566055,-0.000671078397740791
-0.2351056516258047,-0.00019266296238546195
-0.20324239896576152,0.00022153371717084823
-0.15153332334472186,0.0007407623004510214
-0.09592207083279494,0.0013391955494331009
-0.05356720744343953,0.0012205081244066158
-0.03749999999989648,0.0006786354435020664
-0.05256720745598688,0.0001605184431823708
-0.09392207085402465,-0.00039132045263047587
-0.14853332336795472,-0.0010977768352194855
-0.19924239898383958,-0.0012528508452717404
-0.2301056516330541,-0.0007658272442932596
-0.2313583161098245,-0.0002615542619177238
-0.202454710584188,0.00017509766972316566
-0.1522381314468996,0.0007097233200077694
-0.0961875447204246,0.0013362986852660833
-0.051598300555465035,0.0012487818622499156
-0.03219732715632695,0.0007139777986173914
-0.04386933200120484,0.00020758372239275733
-0.08282463260013401,-0.00029693473273534777
-0.13677905196464904,-0.0009782031016676435
-0.18877852523873534,-0.001292328272081137
-0.22247764859308938,-0.0008626951282250305
-0.22722872507053776,-0.000334615577242192
-0.201396862733896,0.00012565731009667413
-0.15286898870489585,0.0006758231846687058
-0.09659830055106917,0.001328159154014284
-0.049948675714714105,0.001272986377422993
-0.02728852986695081,0.0007460431617663448
-0.03551729475836089,0.000248335405923905
-0.07191732051205446,-0.00021869326561411336
-0.12500000001186543,-0.0008486312381192666
-0.17808267950787282,-0.00129785801357528
-0.2144827052515839,-0.0009580621498933573
-0.22271147012984308,-0.00041192971893639957
-0.20005132426981315,7.30965799430855e-05
-0.1534016994259927,0.0006391251833289434
-0.09713101127179147,0.0013148736432816253
-0.04860313724953445,0.0012930902408203554
-0.02277127492477303,0.0007751784697196972
-0.027522351415496568,0.0002841727191855916
-0.06122147478035006,-0.00015488442879684627
-0.11322094805898954,-0.0007207804059041207
-0.16717536742063538,-0.0012665233902759338
-0.20613066801009647,-0.0010467237398584818
-0.2178026728419647,-0.0004932478787329225
-0.19840169943027786,1.7297956425722143e-05
-0.15381245525710308,0.000599664059688025
-0.09776186852946052,0.0012965424197782282
-0.047545289398214535,0.001309012382660715
-0.018641683884021543,0.0008016079349501214
-0.019894348374133078,0.0003161871687597402
-0.05075760103436215,-0.00010304545390240775
-0.10146667665549791,-0.0006037501987068272
-0.15607792916738675,-0.0012001173220316007
-0.19743279255663065,-0.0011222009976439879
-0.21249999999989258,-0.0005777722952041509
-0.19643279254356957,-4.1830570840779076e-05
-0.15407792914537155,0.0005574467877153394
-0.09846667663135841,0.0012732670735871704
-0.04675760101561466,0.001320630674244514
-0.014894348366614102,0.0008254542663725021
-0.012641683890071281,0.0003451924131762198
-0.04054528941594923,-6.061762340989126e-05
-0.0897618685533588,-0.000502936476771775
-0.14481245527972383,-0.0011052022754392233
-0.18840169944457735,-0.0011775022929476715
-0.2068026728434904,-0.0006639100424173008
-0.19413066799837328,-0.00010430170472492339
-0.15417536739931276,0.0005124603332481822
-0.09922094803470496,0.0012451511360996805
-0.04622147476066363,0.0013277936399304939
-0.011522351406537346,0.0008467597634747485
-0.00577127492932987,0.00037177041250613846
-0.030603137266187005,-2.530876478928028e-05
-0.07813101129535419,-0.0004201336756122234
-0.13340169944912922,-0.000991938781979635
-0.17905132428531906,-0.0012062948384862402
-0.20071147013288904,-0.000749059519143297
-0.19148270524122046,-0.0001699621383466758
-0.15408267948732624,0.00046468947829846156
-0.0999999999875314,0.0012123054284384472
-0.045917320491507436,0.001330337124396964
-0.008517294747996909,0.0008655087326226339
0.0007114701300041243,0.00039632195200412147
-0.020948675730218677,4.764427364814744e-06
-0.06659830057420413,-0.0003544403950412389
-0.12186898872845678,-0.0008719981265001717
-0.16939686275054633,-0.0012042933495191948
-0.19422872507509203,-0.0008295335487510365
-0.1884776485841275,-0.00023838113324911592
-0.15377852521904578,0.0004141423010367363
-0.1007790519403609,0.0011748552280811705
-0.04582463257880769,0.0013281025327227677
-0.005869331989477644,0.0008816488170360414
0.006802672842151802,0.00041911350093666735
-0.011598300569759856,3.106582056742151e-05
-0.05518754474304046,-0.00030341236591141063
-0.1102381314707925,-0.0007562126655068762
-0.159454710601917,-0.0011705021225060506
-0.18735831611587975,-0.0009007257015122257
-0.1851056516255289,-0.000308732121125379
-0.1532423989650854,0.0003608799060957407
-0.10153332334380841,0.0011329458829621407
-0.04592207083200231,0.0013209522481604594
-0.003567207442942588,0.0008951079581922851
0.012500000000111339,0.00044031545540944506
-0.0025672074564681846,5.469114326708211e-05
-0.04392207085480164,-0.00026404559242364966
-0.09853332336885254,-0.0006527076076554074
-0.1492423989845001,-0.0011078672475606562
-0.18010565163331432,-0.0009575729678195375
-0.18135831610960101,-0.0003796871260407969
-0.15245471058354793,0.00030505163195255943
-0.10223813144599511,0.001086748193778847
-0.04618754471961035,0.0013087824339784435
-0.001598300554920662,0.0009058073701239658
0.017802672843735323,0.00046003157134170134
0.006130667998363218,7.643883896738674e-05
-0.03282463260088625,-0.0002334201418711796
-0.08677905196550686,-0.0005660303481727761
-0.1387785252394292,-0.0010230216681613071
-0.17247764859340087,-0.0009952834645845568
-0.17722872507035892,-0.00044934822691129473
-0.15139686273329445,0.00024693982528798135
-0.10286898870400388,0.001036468548357475
-0.04659830055023646,0.0012915374635533595
5.132428584658788e-05,0.0009136743559878636
0.022711470133165712,0.00047832303729002676
0.014482705241277621,9.688065697166853e-05
-0.02191732051281737,-0.00020902153607116556
-0.07500000001272497,-0.0004973392325613434
-0.12808267950863572,-0.0009251137554643651
-0.16448270525194536,-0.0010102163329785711
-0.17271147012972085,-0.0005152534105684702
-0.15005132426925244,0.0001870126095574217
-0.10340169942511672,0.0009823661485151222
-0.047131011270943546,0.0012692280080045873
0.00139686275106711,0.0009186572908689184
0.027228725075405844,0.000495229946240081
0.02247764858419196,0.00011642432679146171
-0.01122147478108073,-0.00018883630004295487
-0.06322094805984736,-0.0004452988813335137
-0.11717536742142748,-0.000824043263941295
-0.1561306680105065,-0.0010007312057982237
-0.16780267284189956,-0.0005745028885150289
-0.14840169942976023,0.00012597231225297886
-0.1038124552562888,0.0009247733823113816
-0.047761868528556045,0.0012419488415875437
0.0024547106024255527,0.0009207403179623431
0.03135831611621327,0.000510789360313985
0.030105651625606702,0.00013536473259531553
-0.0007576010350576895,-0.0001713229528640858
-0.0514666766563506,-0.00040718267846643827
-0.10607792916816375,-0.0007286333383813549
-0.14743279255708758,-0.0009677746480268616
-0.16249999999988476,-0.0006240339605699808
-0.146432792543097,6.478164975275955e-05
-0.10407792914457895,0.0008641126701457479
-0.04846667663044497,0.0012098901105380452
0.0032423989850614704,0.0009199531392692249
0.035105651633675794,0.0005250473492426828
0.03735831610972083,0.00015392168149291617
0.009454710583426312,-0.0001553326870543342
-0.03976186855420297,-0.0003798049383965035
-0.09481245528052246,-0.0006452682688441135
-0.1384016994451061,-0.0009149836191857736
-0.15680267284353705,-0.0006610248940972693
-0.1441306679979257,4.654052710592496e-06
-0.10417536739854487,0.0008009063635177992
-0.04922094803378613,0.0011733397041767306
0.0037785252400458977,0.0009163740832864557
0.03847764859378976,0.0005380642915176726
0.04422872507051542,0.00017226499766183665
0.019396862733227063,-0.00014002231591916624
-0.02813101129623052,-0.0003601279672132595
-0.08340169944994628,-0.0005773224337165883
-0.1290513242858931,-0.0008482026161534435
-0.1507114701329899,-0.0006833563207470475
-0.14148270524082399,-5.299736613560314e-05
-0.10408267948658609,0.0007357803563844802
-0.04999999998661076,0.0011326792172973417
0.004082679509232703,0.0009101285074475296
0.04148270525238021,0.0005499155550810635
0.05071147012989753,0.00019053019582749832
0.029051324269236276,-0.00012477796573322555
-0.01659830057506446,-0.00034556143493148144
-0.07186898872928907,-0.0005253839002167872
-0.11939686275116339,-0.000774502609210046
-0.14422872507524676,-0.0006900303177749773
-0.13847764858380038,-0.00010665310182136724
-0.10377852521829947,0.0006694615174262866
-0.05077905193948744,0.0010883761347822139
0.004175367422000038,0.0009013849248627065
0.04413066801094803,0.0005606899418056197
0.0568026728421023,0.00020882815857977603
0.038401699429738145,-0.00010915456315445184
-0.0051875447438813685,-0.0003340466489115247
-0.060238131471636674,-0.0004880011476972461
-0.10945471060254144,-0.0007009624842586317
-0.13735831611608762,-0.0006814483687734214
-0.135105651625253,-0.0001548208934407964
-0.10324239896437422,0.0006027653068496969
-0.05153332334294008,0.001040971440934567
0.004077929168831457,0.0008903485651265601
0.04643279255752997,0.0005704862417571878
0.06250000000011915,0.00022725041326610417
0.04743279254307488,-9.28309638633025e-05
0.0060779291444213734,-0.0003240226197456722
-0.04853332336970523,-0.00046258555999576043
-0.09924239898516056,-0.0006335449736304811
-0.13010565163358856,-0.0006594712385617173
-0.13135831610937748,-0.00019619956575236215
-0.10245471058287467,0.0005365689985614759
-0.05223813144513531,0.0009910604170439083
0.0038124552812039136,0.0008772506471936515
0.04840169944559697,0.0005794069649348037
0.06780267284380047,0.0002458702488858042
0.05613066799795319,-7.557898901193593e-05
0.0171753673983615,-0.0003143446229571864
-0.03677905196641007,-0.0004461851238239193
-0.08877852524012311,-0.0005763464215401426
-0.12247764859372907,-0.0006272239827817143
-0.12722872507018856,-0.000229849014311143
-0.10139686273266178,0.00047177020505478965
-0.052868988703155956,0.0009392671937414106
0.0034016994505962593,0.0008623335077308811
0.05005132428643627,0.0005875493931790229
0.07271147013328223,0.00026474039081918286
0.06448270524089678,-5.724358333799887e-05
0.028082679486458123,-0.0003041958423721555
-0.025000000013629984,-0.0004360023775193245
-0.07808267950936024,-0.0005313538449987856
-0.11448270525232623,-0.0005886684140316157
-0.12271147012960432,-0.00025533223411138136
-0.10005132426869177,0.00040923597374900556
-0.05340169942428401,0.0008862172644669281
0.002868988729904376,0.0008458345356252875
0.0513968627516998,0.0005949959652633082
0.07722872507557618,0.0002838891592293644
0.07247764858386374,-3.7730460426713065e-05
0.03877852521822538,-0.0002930099562879658
-0.013220948060750573,-0.00042966013437035567
-0.06717536742217972,-0.0004986676498033543
-0.10613066801091653,-0.0005480295770393398
-0.11780267284183729,-0.00027279782399702076
-0.0984016994292426,0.00034974978492775707
-0.05381245525543226,0.0008325126542652636
0.0022381314723037594,0.0008279724621329527
0.052454710603098795,0.0006018064356400744
0.08135831611643679,0.0003033172575246022
0.0801056516253465,-1.6997774168782967e-05
0.04924239896428183,-0.0002804093778904236
-0.0014666766572032988,-0.00042528249802355254
-0.056077929168981876,-0.000477018289161112
-0.0974327925575445,-0.0005092051073158352
-0.11249999999987695,-0.0002829850203922919
-0.09643279254262445,0.0002939622022609699
-0.05407792914374517,0.0007787119469421887
0.0015333233704233652,0.0008089377854749466
0.05324239898577264,0.0006080130163891699
0.08510565163395163,0.0003229963333520187
0.08735831610951295,4.9504492448064605e-06
0.0594547105827687,-0.000266158142180121
0.01023813144495286,-0.00042146824854326814
-0.04481245528136337,-0.00046436687963864314
-0.0884016994456081,-0.0004752868919276961
-0.10680267284358656,-0.00028714977985929856
-0.09413066799750004,0.000242349089518266
-0.05417536739773714,0.0007253150086243491
0.0007790519670873297,0.0007888872038109703
0.053778525240755416,0.0006136183297977626
0.08847764859413361,0.0003428693197671163
0.09422872507036072,2.8070101877542827e-05
0.06939686273261002,-0.00025012678422835287
0.021868988702937193,-0.00041721646506311767
-0.03340169945080662,-0.00045842609339217074
-0.07905132428643816,-0.0004482842688215108
-0.1007114701330965,-0.0002869238706204529
-0.09148270524044688,0.00019518117877895055
-0.054082679485845955,0.0006727518451987086
1.4264409587771586e-11,0.0007679414259946707
0.05408267950997286,0.0006185955868350082
0.09148270525277669,0.0003628521609941064
0.10071147012979664,5.228235251782893e-05
0.07905132426866224,-0.00023226641778256407
0.033401699424118456,-0.00041184132480494236
-0.021868988730121355,-0.0004570216885273715
-0.06939686275174932,-0.00042907524701963555
-0.09422872507540148,-0.00028412874762682067
-0.08847764858345653,0.0001525090724302097
-0.05377852521758995,0.0006213756906897722
-0.0007790519385685955,0.000746186130345167
0.05417536742276792,0.000622890703053834
0.09413066801139561,0.00038283670049761315
0.10680267284205566,7.747883371526709e-05
0.08840169942923615,-0.00021258948565557127
0.04481245525532,-0.00040489443159040826
-0.01023813147248085,-0.00045828927117795543
-0.059454710603199054,-0.0004175509217507605
-0.08735831611629552,-0.00028057290272287007
-0.08510565162496314,0.00011416649944740758
-0.053242398963698104,0.000571460518360068
-0.0015333233420266358,0.0007236759452881084
0.05407792916962407,0.0006264262405088334
0.09643279255802689,0.00040269464846730816
0.11250000000012697,0.00010352689662941642
0.09743279254261794,-0.00019115511753202815
0.05607792914360324,-0.00039610124262586926
0.001466676629442075,-0.00046074272578326914
-0.049242398985856084,-0.00041287846142583546
-0.08010565163384878,-0.00027786422277562863
-0.08135831610914265,7.979179745071978e-05
-0.05245471058223458,0.0005232024094975262
-0.002238131444275506,0.000700440797352537
0.05381245528206046,0.0006291068133724085
0.0984016994461146,0.000422282389725809
0.11780267284386275,0.00013027497246319696
0.10613066799754316,-0.00016805765172186424
0.06717536739756941,-0.0003853120809168447
0.013220948032732105,-0.00046326198034032945
-0.03877852524085379,-0.0004137988287590852
-0.07247764859404054,-0.0002772656330962582
-0.07722872507001823,4.886477229220176e-05
-0.05139686273206022,0.0004767235017285814
-0.0028689887023080375,0.0006764933909110377
0.053401699451472225,0.0006308252413744125
0.10005132428699695,0.00044144614773723506
0.12271147013340446,0.00015755782806217326
0.11448270524053529,-0.0001434174733326608
0.07808267948569521,-0.00037246576563772487
0.02499999998551048,-0.00046504089526626776
-0.02808267951008475,-0.00041889243123778563
-0.0644827052526877,-0.00027961269367093107
-0.07271147012948781,2.0754556111207307e-05
-0.050051324268102104,0.0004320772794360228
-0.003401699423451289,0.0006518365111406134
0.05286898873079634,0.0006314686602029216
0.10139686275230135,0.0004600269593270044
0.12722872507575506,0.00018520140353396364
0.12247764858355226,-0.00011737371063661123
0.08877852521749471,-0.00035756328412528957
0.0367790519383916,-0.0004655229789982017
-0.017175367422931978,-0.0004267758143170362
-0.05613066801134847,-0.00028529825744822877
-0.067802672841775,-5.226270983227123e-06
-0.04840169942869822,0.0003892546033464962
-0.0038124552546180066,0.0006264692569902566
0.05223813147320823,0.0006309240342378325
0.10245471060373888,0.00047786507655705015
0.13135831611666032,0.0002130270053887051
0.13010565162507223,-9.007848850871829e-05
0.09924239896362134,-0.00034064907530567706
0.04853332334189889,-0.00046434038639562203
-0.0060779291697588556,-0.0004362212778076993
-0.04743279255802581,-0.00029431576054026273
-0.06249999999986913,-2.976604472875753e-05
-0.04643279254212751,0.00034819049861625247
-0.004077929142952547,0.000600391828343407
0.05153332337129169,0.0006290828378776573
0.10324239898644876,0.0004948036452281008
0.13510565163422747,0.00024085478572617364
0.13735831610929375,-6.169246685715816e-05
0.10945471058214425,-0.00032179788488316644
0.06023813144406402,-0.0004612628870062962
0.005187544717838007,-0.000446210542358977
-0.03840169944613683,-0.00030634294204983644
-0.0568026728436332,-5.35017560555349e-05
-0.04413066799707438,0.00030877195836627057
-0.004175367396969255,0.0005736088206092153
0.05077905196796079,0.0006258448786603431
0.10377852524150172,0.0005106916691248395
0.1384776485944607,0.00026850655091523575
0.1442287250701975,-3.238140407547558e-05
0.11939686273202409,-0.000301105593384475
0.07186898870210491,-0.00045615828713747636
0.016598300548376292,-0.00045594181199141683
-0.029051324286983204,-0.0003208439088852423
-0.05071147013319739,-7.697507507204324e-05
-0.04148270524006975,0.00027084693121673495
-0.004082679485067409,0.0005461311063593105
0.05000000001513958,0.0006211212983670504
0.1040826795107514,0.0005253863243984739
0.14148270525315382,0.0002958079806220649
0.15071147012969005,-2.313524144359381e-06
0.12905132426811716,-0.00027868283131888633
0.08340169942330136,-0.0004489632440156317
0.028131011269002314,-0.00046480960260946336
-0.01939686275233525,-0.00033716940246546515
-0.04422872507556469,-0.00010060092289247283
-0.03847764858312942,0.00023423448366527544
-0.003778525216843645,0.0005179764388828269
0.04922094806230486,0.0006148367867270596
0.10417536742357565,0.0005387546895103662
0.14413066801182128,0.0003225903332178878
0.156802672842009,2.834248236735603e-05
0.1384016994287074,-0.00025465053891337235
0.09481245525452137,-0.0004396624966445246
0.03976186852663031,-0.0004723725202683952
-0.00945471060382351,-0.00035464102346120525
-0.03735831611651472,-0.00012465127428874602
-0.03510565162468729,0.00019873599278493004
-0.0032423989629869338,0.0004891689899331384
0.0484666766588417,0.0006069310495077127
0.1040779291704167,0.0005506749558996011
0.14643279255849945,0.0003486917063573185
0.1625000000001348,5.941895302421352e-05
0.14743279254213665,-0.00022913688330463333
0.10607792914282624,-0.00042827446824062664
0.05146667662854426,-0.0004783189346950181
0.0007576010134834193,-0.0003726124132672976
-0.030105651634109,-0.00014925459818611135
-0.031358316108919135,0.00016414710174856027
-0.0024547105815944936,0.00045973812908480026
0.047761868556628964,0.0005973596035932324
0.10381245528287472,0.0005610371984261361
0.14840169944665896,0.0003739579255897571
0.16780267284392503,9.075035248452782e-05
0.15613066799711123,-0.0002022751209772176
0.11717536739681714,-0.00041484147822844994
0.06322094803187428,-0.00048243596560224435
0.011221474758452317,-0.0003905067305340248
-0.02247764859435203,-0.0001744089704210617
-0.027228725069839366,0.00013026998692478573
-0.0013968627314586562,0.00042971681445292233
0.04713101129858392,0.0005860940026445522
0.10340169945230494,0.000569743799856142
0.1500513242875866,0.0003982431411639377
0.17271147013352098,0.00012217407355861627
0.16448270524015446,-0.00017420211008258832
0.1280826794849707,-0.0003994231790575211
0.07499999998465094,-0.00048458399906951453
0.021917320489152334,-0.00040783396850269224
-0.014482705253049191,-0.00020000506542644034
-0.022711470129365585,9.692524261408546e-05
-5.1324267541397184e-05,0.0003991399632145709
0.04659830057742467,0.0005731216063961568
0.10286898873164425,0.0005767096251365314
0.15139686275290293,0.0004214102124018529
0.17722872507592538,0.0001535310269485641
0.17247764858324077,-0.00014505725902018733
0.1387785252168008,-0.0003820921895905125
0.08677905193753378,-0.0004846770303969739
0.03282463257627592,-0.0004241935575258234
-0.006130668011758517,-0.00022585436320338062
-0.017802672841709888,6.396248198838136e-05
0.0015983005718194082,0.000368043113919101
0.046187544746196255,0.0005584449937926606
0.10223813147406804,0.0005818620264456366
0.15245471060437898,0.00044333094727576203
0.18135831611689512,0.00018466608998118743
0.180105651624812,-0.00011498175907771879
0.1492423989629258,-0.00036293119201421934
0.0985333233410462,-0.00048266817195983315
0.04392207082942301,-0.00043926779795219653
0.0025672074415172552,-0.00025171806367168024
-0.012499999999861316,3.126869994667229e-05
0.0035672074583450453,0.0003364616085732434
0.045922070857840065,0.0005420810990854858
0.10153332337220514,0.0005851407371473046
0.15324239898712488,0.00046388624718404753
0.18510565163451737,0.00021542846579573828
0.18735831610908588,-8.411799624684714e-05
0.15945471058148664,-0.0003420309860921643
0.11023813144321985,-0.00047853932097208804
0.05518754471699709,-0.00045281072065506513
0.011598300553361168,-0.0002773331503789849
-0.006802672843679858,-1.2263881160955888e-06
0.0058693320033731955,0.0003044304318283687
0.045824632603798626,0.0005240601345837053
0.10077905196887962,0.0005864976915960096
0.15377852524221125,0.0004829661902974735
0.18847764859480456,0.00024567198753218275
0.1942287250700428,-5.260907242041032e-05
0.16939686273143817,-0.0003194891597387392
0.12186898870122857,-0.00047229397421691595
0.0665983005475592,-0.000464635640949958
0.020948675712442744,-0.0003024333979663123
-0.0007114701332982948,-3.3548450981164615e-05
0.008517294760326713,0.0002719847529284239
0.04591732051567273,0.0005044243590127864
0.10000000001606021,0.0005858967931761002
0.15408267951149154,0.0005004700750898526
0.19148270525353092,0.00027525538983112004
0.20071147012958918,-2.0598390419497006e-05
0.17905132426757212,-0.0002954091499591627
0.13340169942244104,-0.00046395231897617035
0.07813101126817003,-0.00047460339776224316
0.030603137247047676,-0.00032676447948016684
0.005771274924280589,-6.568004015858187e-05
0.01152235141721443,0.00023916112180202064
0.046221474783865873,0.0004832267531016724
0.09922094806317831,0.0005833136446337466
0.15417536742434354,0.0005163064387579048
0.19413066801224693,0.0003040425622998939
0.20680267284195952,1.1770726956277616e-05
0.1884016994282054,-0.0002698995457618881
0.14481245525368047,-0.0004535479145542314
0.08976186852578613,-0.00048261226818451967
0.040545289395552034,-0.000350093418821826
0.01264168388327741,-9.756498515441347e-05
0.014894348375588548,0.0002059991768611401
0.04675760103768918,0.0004605296679224806
0.09846667665971003,0.0005787352497382296
0.15407792917125046,0.000530393061116514
0.19643279255897203,0.0003319027948739156
0.2125000000001426,4.43554035300193e-05
0.19743279254167972,-0.00024307353601844942
0.1560779291420081,-0.00044112545427732355
0.10146667662769157,-0.000488589868326149
0.05075760101282292,-0.0003722133223555747
0.019894348365616737,-0.00012911486588109084
0.018641683891304384,0.00017254364111757672
0.04754528941907875,0.0004364035120587273
0.09776186855748878,0.0005721596912226586
0.15381245528373128,0.0005426569613049043
0.19840169944717662,0.00035871102152803814
0.21780267284399016,7.701357474829159e-05
0.20613066799670116,-0.0002150484392246942
0.1671753673960649,-0.0004267392433180186
0.11322094803097107,-0.0004924869539716338
0.06122147475775844,-0.0003929446189824879
0.02752235140531975,-0.0001602166003851083
0.022771274930330973,0.00013884633271638432
0.048603137269174035,0.00041092553920245187
0.09713101129943184,0.0005635957861243428
0.1534016994531809,0.0005530343914135667
0.20005132428814731,0.00038434806573907945
0.2227114701336375,0.00010960435865713049
0.21448270523979296,-0.00018594527480221657
0.17808267948424616,-0.00041045213950706416
0.12499999998374593,-0.0004942728443828551
0.07191732048842783,-0.0004121340303379438
0.03551729474656995,-0.00019074022390684153
0.02728852987075095,0.00010496790989801005
0.04994867573301928,0.0003841787883749375
0.0965983005782574,0.0005530627166850069
0.15286898873249216,0.0005614708281403539
0.2013968627535356,0.00040870088842334906
0.2272287250760957,0.00014198843645065688
0.22247764858291258,-0.00015588835082067817
0.18877852521610694,-0.000392334786056556
0.13677905193663056,-0.000493932134985854
0.08282463257552367,-0.00042965230149482074
0.043869331987809554,-0.0002205461106202507
0.0321973271583524,7.097911209951078e-05
0.05159830057233704,0.0003562512152266185
0.0961875447470528,0.0005405896337099942
0.15223813147492785,0.0005679209612479122
0.2024547106050522,0.0004316628370365736
0.23135831611711866,0.00017402844329303955
0.23010565162453778,-0.00012500485320375112
0.1992423989622653,-0.0003724650227532007
0.14853332334014838,-0.0004914623804391595
0.09392207082864601,-0.0004453914557241078
0.05256720744106032,-0.0002494911384134877
0.0375000000001465,3.696133923993934e-05
0.053567207458817614,0.0003272350352703419
0.09592207085867382,0.0005262152300006731
0.15153332337307346,0.0005723486762063428
0.20324239898783603,0.000453133893302446
0.23510565163479322,0.00020558936823824515
0.23735831610887798,-9.342442810693123e-05
0.20945471058086218,-0.0003509274016492838
0.16023813144237567,-0.0004868724782213095
0.10518754471619846,-0.0004592620715791454
0.061598300552859156,-0.0002774335562212577
0.04319732715627064,3.00651184886454e-06
0.05586933200379886,0.0002972262793245877
0.09582463260460636,0.0005099872837667546
0.15077905196975308,0.0005747270278399883
0.20377852524292075,0.00047302091652491
0.23847764859513168,0.00023653896103532305
0.24422872506988808,-6.127875334279938e-05
0.2193968627308211,-0.00032781275969553085
0.1718689887003963,-0.0004801815401266629
0.11659830054669887,-0.00047119085978839024
0.0709486757118977,-0.00030423653446925763
0.04928852986659511,-3.078374590125553e-05
0.05851729476070383,0.00026632453971551937
0.09591732051641289,0.0004919621749993981
0.1500000000169354,0.0005750382017183758
0.2040826795122317,0.0004912378794096513
0.2414827052539274,0.00026674814313574623
0.25071147012948825,-2.8701097303962388e-05
0.2290513242669981,-0.000303217818142859
0.18340169942162396,-0.00047141809241413855
0.1281310112672937,-0.0004811186565388344
0.08060313724646176,-0.00032977053581037974
0.05577127492411736,-6.429947841650752e-05
0.06152235141754153,0.00023463286578295528
0.0962214747845754,0.00047220438084526905
0.14922094806409716,0.0005732734601085779
0.20417536742511141,0.0005077060934663466
0.2441306680126945,0.000296091420048105
0.2568026728419129,4.174134577504808e-06
0.2384016994276767,-0.0002772447898860344
0.19481245525288185,-0.0004606194897080631
0.13976186852494196,-0.0004889988462255381
0.09054528939489444,-0.0003539147300425898
0.06264168388306951,-9.742415549375721e-05
0.06489434837587844,0.00020225775225401782
0.09675760103836531,0.00045078595844297764
0.14846667666062346,0.0005694330694051838
0.2040779291720431,0.0005223544212310616
0.24643279255946898,0.00032444729212436165
0.2625000000001504,3.72118647856631e-05
0.24743279254122277,-0.0002500009833035532
0.20607792914123113,-0.000447831462151598
0.15146667662683888,-0.0004947961694333994
0.1007576010121274,-0.0003765577034713317
0.06989434836535653,-0.00013003662807115312
0.06864168389153921,0.00016930915685013233
0.09754528941971884,0.0004277860250762157
0.14776186855839324,0.0005635262060400563
0.20381245528454553,0.0005351194726844891
0.24840169944769425,0.0003516986608479048
0.26780267284405246,7.027681837805478e-05
0.25613066799629114,-0.00022159839597531204
0.2171753673952728,-0.0004331077407590579
0.16322094803011325,-0.0004984858471831095
0.11122147475702776,-0.00039759769630956813
0.07752235140500828,-0.00016201311172676436
0.07277127493050131,0.00013590048532697693
0.0986031372697756,0.000403290245651994
0.14713101130027978,0.000555570838080088
0.20340169945401362,0.0005459457833766118
0.250051324288708,0.00037773322770772615
0.27271147013375974,0.00010323400519740461
0.26448270523943146,-0.00019215329481100945
0.22808267948348326,-0.00041650972411663966
0.1749999999828864,-0.0005000529480950296
0.1219173204876649,-0.00041694256058618094
0.08551729474620848,-0.00019322906160667715
0.07728852987086747,0.0001021484924320685
0.09994867573360895,0.00037739033635957725
0.14659830057909012,0.0005455935800949335
0.20286898873338413,0.0005547859719298346
0.2513968627541372,0.0004024438828183528
0.2772287250762746,0.0001359492072251839
0.2724776485826011,-0.00016178578117510947
0.23877852521537626,-0.00039810616223044475
0.18677905193577274,-0.000499491931710982
0.13282463257477142,-0.00043450958117597786
0.09386933198739951,-0.00022356084711535617
0.08219732715841467,6.81730636876189e-05
0.1015983005728814,0.0003501835909703049
0.14618754474786705,0.0005336295194752812
0.2022381314758323,0.0005616008748144597
0.2524547106056923,0.0004257290805800886
0.2813583161173535,0.00016828946853860487
0.2801056516242776,-0.00013061934092027698
0.24924239896160483,-0.00037797284196304477
0.1985333233392957,-0.0004968063124223719
0.14392207082786904,-0.0004502252548421503
0.10256720744057903,-0.0002528871795047787
0.08750000000015432,3.409686218543362e-05
0.10356720745931455,0.00032177243286867705
0.14592207085946646,0.0005197220131576549
0.2015333233739418,0.0005663596565282735
0.25324239898851214,0.0004474931998554414
0.28510565163506907,0.0002001235853086872
0.2873583161086588,-9.878038008885996e-05
0.2594547105802377,-0.00035619226429825366
0.21023813144148684,-0.0004920084004811036
0.15518754471539983,-0.0004640250826206982
0.11159830055233043,-0.0002810902835022345
0.093197327156224,4.484326543858488e-08
0.10586933200424643,0.00029226399199738215
0.14582463260537423,0.000503922454580283
0.20077905197062654,0.0005690398935804203
0.25377852524366706,0.0004676468863415424
0.28847764859545877,0.0002313225933100246
0.29422872506972486,-6.639774757318564e-05
0.26939686273023516,-0.0003328533075398019
0.22186898869951996,-0.00048511908749464445
0.1665983005458818,-0.0004758534015850745
0.12094867571132366,-0.0003080568315722814
0.09928852986649422,-3.3856344790257484e-05
0.10851729476108096,0.00026176970208067335
0.14591732051719142,0.0004862900115547826
0.20000000001781046,0.0005696276309088257
0.2540826795130102,0.0004861073750277678
0.29148270525430453,0.0002617602504779226
0.30071147012938165,-3.36022463704924e-05
0.279051324266453,-0.00030805087311203274
0.23340169942080685,-0.0004761676528174045
0.17813101126646153,-0.00048566326256720144
0.13060313724587572,-0.00033367867558300627
0.10577127492396265,-6.747904581226805e-05
0.11152235141786876,0.00023040491037431003
0.14622147478532171,0.00046689133652782653
0.19922094806497062,0.0005681174095648258
0.2541753674259193,0.0005027987908113762
0.29413066801312016,0.00029131351212454727
0.30680267284186613,-5.261352869830201e-07
0.2884016994271747,-0.0002818855123367245
0.24481245525208323,-0.00046519157428614316
0.18976186852405302,-0.0004934163490033937
0.14054528939426997,-0.000357853416903157
0.11264168388285044,-0.00010069533386142718
0.11489434837615418,0.00019828849029040124
0.14675760103907648,0.0004458002513283675
0.1984666766614918,0.0005645122646844758
0.25407792917283567,0.0005176524255195525
0.29643279255994154,0.00031986299650449456
0.3125000000001582,3.2697376905260205e-05
0.2974327925407416,-0.0002544630337021312
0.256077929140454,-0.0004522363319893226
0.20146667662594106,-0.0004990829265343901
0.150757601011467,-0.00038048485486014144
0.11989434836508227,-0.00013337777234390073
0.11864168389176273,0.00016554244683840565
0.1475452894203922,0.00042309740890786573
0.19776186855925304,0.0005588236929553978
0.2538124552853597,0.0005306069897446499
0.2984016994482386,0.00034729343849924937
0.31780267284411473,6.59346427598691e-05
0.3061306679958591,-0.00022589409092848084
0.2671753673945205,-0.0004373551975727671
0.21322094802921016,-0.0005026418112808318
0.16122147475633375,-0.0004014833478584547
0.1275223514046968,-0.0001654001664566197
0.12277127493068019,0.0001322915058982855
0.14860313727037716,0.0003988699347420647
0.19713101130117172,0.0005510715889839192
0.25340169945484636,0.0005416088380629161
0.30005132428929776,0.0003734941292810317
0.32271147013387613,9.905209074099538e-05
0.31448270523905064,-0.0001962937526592384
0.2780826794827589,-0.00042060900429596073
0.22499999998202685,-0.0005040803452371399
0.17191732048694042,-0.0004207661137944154
0.13551729474584712,-0.00019663828787145075
0.1272885298709897,9.866268061616798e-05
0.14994867573416953,0.00037321105046338355
0.19659830057996608,0.0005412841501947211
0.2528689887342321,0.0005506121663680439
0.30139686275476973,0.0003983593399088266
0.32722872507644496,0.00013191674091821696
0.3224776485822897,-0.00016578105498123304
0.2887785252146823,-0.00040206589495602233
0.2367790519349149,-0.000503394368825711
0.18282463257397932,-0.0004382574885572595
0.14386933198698948,-0.00022697055777192972
0.13219732715847982,6.47848112090577e-05
0.15159830057339901,0.00034621968196210846
0.19618754474868144,0.0005294977501407615
0.252238131476692,0.0005575791802100642
0.3024547106063324,0.00042178872692203774
0.3313583161175771,0.00016439671958458048
0.33010565162401734,-0.00013447853823496088
0.2992423989609093,-0.0003818010461147675
0.24853332333844308,-0.00050058818260347
0.1939220708270509,-0.00045388915453453617
0.15256720744012198,-0.0002562786809905124
0.13750000000016213,3.078807767155246e-05
0.15356720745978714,0.0003180000536860347
0.19592207086025898,0.0005157567803695655
0.25153332337485523,0.0005624802331894027
0.30324239898918837,0.0004436877181024669
0.3351056516353588,0.00019636177062621468
0.3373583161084509,-0.00010251176976301575
0.30945471057958013,-0.00035989636800157925
0.2602381314406427,-0.0004956744920051869
0.2051875447145589,-0.00046760034563101077
0.16159830055182844,-0.0002844482292923141
0.14319732715617747,-3.196512221308054e-06
0.155869332004672,0.000288661270268306
0.19582463260614213,0.0005001134612687558
0.2507790519715455,0.0005652939346151222
0.3037785252443766,0.00046396787668987225
0.33847764859580265,0.00022768376149791378
0.34422872506957025,-7.000885437765097e-05
0.3193968627296181,-0.0003364401801111393
0.27186898869868753,-0.0004886743306595502
0.2165983005450647,-0.00047933803148162704
0.1709486757107786,-0.0003113691754986361
0.14928852986639324,-3.703765495276657e-05
0.1585172947614774,0.00025831688605079976
0.19591732051793168,0.00048262762257374816
0.2500000000187311,0.0005660072257838068
0.30408267951375034,0.0004825472424527582
0.3414827052546816,0.0002582371816907925
0.3507114701292808,-3.709993442613576e-05
0.329051324265908,-0.0003115268629933074
0.28340169941994653,-0.0004796169591693427
0.22813101126562924,-0.0004890570810764212
0.18060313724525867,-0.00033693638218368615
0.15577127492380793,-7.060429725200216e-05
0.1615223514182126,0.00022708446261781361
0.19622147478603122,0.00046336645446911544
0.24922094806588946,0.0005646154243784622
0.30417536742668716,0.0004993506481321256
0.34413066801354586,0.0002878996316243616
0.3568026728418166,-3.916681408874592e-06
0.33840169942667264,-0.0002852564870730535
0.2948124552512423,-0.0004685397373034704
0.23976186852320883,-0.0004967204046403539
0.19054528939361237,-0.0003610500494048771
0.16264168388264255,-0.00010376618934929783
0.16489434837644407,0.00019508511421056793
0.1967576010397526,0.00044240423043385123
0.24846667666236014,0.0005611222366276374
0.3040779291736695,0.000514310009887475
0.3464327925604141,0.00031655229994188573
0.362500000000166,2.940821884436569e-05
0.34743279254028464,-0.00025773441960174893
0.3060779291396359,-0.00045548796837276264
0.25146667662508837,-0.0005022990719936398
0.2007576010107715,-0.00038361612571036685
0.16989434836482206,-0.00013639443895210619
0.16864168389198625,0.0001624430408741773
0.19754528942103228,0.0004198220031572051
0.24776186856011287,0.0005555397370115068
0.3038124552862162,0.0005273645904934836
0.3484016994487562,0.0003440804272431149
0.36780267284417983,6.274158538809634e-05
0.35613066799544907,-0.0002290709110461726
0.3171753673937683,-0.0004405147151711743
0.26322094802835233,-0.0005057724054860118
0.21122147475563988,-0.00040454668591964984
0.17752235140436856,-0.00016836206005316359
0.17277127493085054,0.00012928504939775578
0.19860313727100984,0.0003957072749705812
0.24713101130201964,0.000547888315447675
0.3034016994557223,0.000538461234160893
0.35005132428985847,0.00037037375435029605
0.37271147013399264,9.595026369635768e-05
0.36448270523868914,-0.0001993806623834888
0.32808267948203435,-0.00042368058735179297
0.27499999998112185,-0.0005071280457481812
0.22191732048621587,-0.0004237602781886842
0.18551729474546624,-0.0001995445116338927
0.17728852987110622,9.57400624939813e-05
0.19994867573475922,0.0003701536443264776
0.2465983005807988,0.0005381965920364263
0.302868988735124,0.0005475545719731267
0.3513968627553713,0.0003953269532750584
0.37722872507661526,0.00012890164743256373
0.37247764858196153,-0.0001687823748947114
0.3387785252139884,-0.0004050535004690131
0.2867790519340117,-0.0005063619887927687
0.23282463257322708,-0.0004411822419018445
0.19386933198655754,-0.00022982022236380355
0.1821973271585421,6.193861715376581e-05
0.20159830057391667,0.0003432604298763266
0.24618754474953797,0.0005265012995987697
0.3022381314775518,0.0005546071970609035
0.3524547106070056,0.00041884003913092747
0.38135831611780063,0.0001614641983668391
0.3801056516237431,-0.0001373982841629481
0.3492423989602488,-0.00038470840720590673
0.2985333233375453,-0.000503478593327762
0.2439220708262739,-0.0004567449971079288
0.20256720743966505,-0.0002590710983540877
0.18750000000016995,2.801235362950988e-05
0.2035672074602597,0.00031513227369675225
0.24592207086109275,0.0005128471343999091
0.3015333233757236,0.0005595898087600164
0.35324239898989956,0.0004408187613166507
0.3851056516356347,0.00019350796236237795
0.3873583161082317,-0.00010535368006595764
0.35945471057895567,-0.00036272700153925
0.3102381314397985,-0.000498490557471596
0.2551875447137603,-0.00047038830559256815
0.21159830055132645,-0.00028718301181979573
0.19319732715612797,-5.9065030257571945e-06
0.20586933200509766,0.0002858787251776492
0.24582463260694987,0.0004972865756041686
0.30077905197241894,0.0005624813251311293
0.3537785252451229,0.00046117497238744645
0.38847764859612977,0.00022490507936893738
0.394228725069407,-7.277641462834767e-05
0.36939686272903216,-0.0003391973967925099
0.3218689886978553,-0.0004914188643604915
0.26659830054420436,-0.00048205950325107375
0.22094867571023352,-0.0003140462690814817
0.19928852986628665,-3.968566655235981e-05
0.20851729476185454,0.00025561380705104396
0.24591732051871024,0.0004798796741599927
0.30000000001960625,0.0005632689633500204
0.3540826795144905,0.00047982697311975815
0.3914827052550781,0.0002555302853865845
0.4007114701291799,-3.97963996568509e-05
0.37905132426533394,-0.0003142137786865546
0.33340169941912945,-0.0004822926964108924
0.2781310112647529,-0.000491713703190801
0.23060313724467274,-0.00033955605671140947
0.20577127492364472,-7.319331564281485e-05
0.2115223514185397,0.00022445556501759435
0.24622147478674075,0.0004606938119582575
0.2992209480667629,0.0005619482876055639
0.35417536742745503,0.0004966998323818689
0.39413066801399343,0.0002852614043955658
0.40680267284176996,-6.5450961318642615e-06
0.38840169942614394,-0.00028787603464579796
0.3448124552504437,-0.0004711493182364584
0.28976186852232,-0.0004993139688787078
0.24054528939298792,-0.00036361286483462305
0.21264168388243465,-0.00010629861996612669
0.21489434837671992,0.00019252560242908327
0.2467576010404287,0.0004398034322506777
0.2984666766632736,0.0005585232242688376
0.35407792917446207,0.0005117256805187334
0.396432792560911,0.0003139798282948818
0.41250000000017384,2.684500263245007e-05
0.3974327925398277,-0.00026028936073643093
0.3560779291388589,-0.0004580339284247474
0.30146667662423565,-0.0005048314566552358
0.250757601010111,-0.00038612288668359517
0.21989434836456184,-0.0001388722633368416
0.21864168389222108,0.00015994860151229172
0.24754528942167237,0.00041728974244251144
0.29776186856101733,0.0005530060442428292
0.3538124552870305,0.0005248439750681484
0.3984016994493006,0.00034157098293223514
0.4178026728442421,6.024089201834947e-05
0.406130667995039,-0.0002315638477305355
0.3671753673929762,-0.0004429994805659261
0.3132209480274945,-0.0005082455269875218
0.2612214747549092,-0.0004069983935172922
0.2275223514040571,-0.00017078696137771745
0.22277127493102938,0.0001268518326893386
0.2486031372716114,0.00039324039048660073
0.29713101130291164,0.0005454173125224664
0.35340169945655503,0.0005360017377395774
0.4000513242904192,0.0003679247783717536
0.4227114701341149,9.350957926788094e-05
0.41448270523832764,-0.0002018140478883768
0.37808267948127144,-0.00042610647409492927
0.3249999999802623,-0.0005095438239365801
0.271917320485453,-0.0004261580840026164
0.23551729474510477,-0.00020191797115211575
0.22728852987122844,9.336465363483996e-05
0.24994867573531987,0.00036774911620764464
0.2965983005816315,0.0005357858051362465
0.35286898873597194,0.0005451537617042102
0.40139686275597286,0.0003929360416066092
0.4272287250767941,0.0001265186067060181
0.42247764858165004,-0.00017115852413726736
0.38877852521325773,-0.00040742271566553487
0.3367790519331539,-0.000508722322438035
0.2828246325724748,-0.0004435274071257797
0.24386933198614752,-0.00023214359039852434
0.23219732715860436,5.961799981633761e-05
0.25159830057446103,0.00034091537897735477
0.29618754475035225,0.0005241483937699369
0.3522381314784563,0.0005522627883566422
0.4024547106076457,0.00041650492999682423
0.43135831611803543,0.00015913657295660687
0.43010565162348285,-0.00013971938340476926
0.39924239895958835,-0.0003870230519110635
0.34853332333669257,-0.0005057853431307329
0.29392207082549693,-0.0004590388577065363
0.25256720743918376,-0.00026134564416190525
0.23750000000017776,2.5743868371975415e-05
0.2535672074607566,0.0003128439632309781
0.2959220708618854,0.0005105498985114392
0.351533323376637,0.0005572996528397522
0.4032423989905757,0.0004385373237880747
0.4351056516359246,0.00019123365008487085
0.43735831610802384,-0.00010762179593587875
0.4094547105783312,-0.00036498907458128177
0.36023813143890965,-0.0005007455345967435
0.30518754471296167,-0.0004726322436001079
0.2615983005507977,-0.00028940995677944123
0.24319732715608133,-8.125202718303425e-06
0.25586933200554524,0.00028364456338641564
0.29582463260771774,0.0004950429092880019
0.3507790519732924,0.000560243397739392
0.4037785252458324,0.00045894519615076955
0.4384776485964569,0.00022268209462151796
0.4442287250692523,-7.499350247946473e-05
0.4193968627284463,-0.00034140879917116763
0.37186898869697893,-0.0004936238230253184
0.3165983005433873,-0.00048425492371088224
0.2709486757096595,-0.0003162268073136255
0.24928852986618572,-4.185665812572502e-05
0.2585172947622317,0.0002534313497767298
0.29591732051945036,0.0004776875766962235
0.3500000000204814,0.0005610813544927772
0.40408267951526905,0.00047764695926969566
0.44148270525545524,0.0002533567504440702
0.4507114701290733,-4.196431128642419e-05
0.42905132426478887,-0.0003163763182731174
0.3834016994182691,-0.00048444932944099155
0.32813101126392064,-0.000493862016003212
0.2806031372440868,-0.00034169136665689227
0.25577127492349,-7.531844922400995e-05
0.2615223514188668,0.0002223225172671184
0.29622147478748706,0.00045855137304743465
0.34922094806763637,0.0005598091921738814
0.40417536742826277,0.0004945677851137134
0.4441306680144191,0.0002831355415251074
0.4568026728417205,-8.665586897557496e-06
0.43840169942564194,-0.0002899914309905664
0.39481245524960273,-0.00047325925478227456
0.33976186852147583,-0.0005014165747784221
0.29054528939236346,-0.0003657041146370394
0.2626416838822155,-0.00010837955655526889
0.26489434837699577,0.00019043981827579395
0.29675760104113985,0.0004377088245870641
0.3484666766641419,0.0005564309334501873
0.40407792917529584,0.0005096398996080393
0.4464327925613836,0.0003118999525979715
0.46250000000018165,2.477026725929823e-05
0.4474327925393464,-0.0002623592498528868
0.40607792913808194,-0.00046009873324282235
0.35146667662333786,-0.0005068897365782331
0.3007576010094505,-0.00038817123555528977
0.2698943483642876,-0.00014091050855122054
0.2686416838924446,0.00015790808196771794
0.2975452894223456,0.00041524121595266277
0.34776186856187713,0.0005509589376381782
0.4038124552878447,0.0005228028490421543
0.4484016994498182,0.00033953549583752915
0.4678026728443044,5.821033042222741e-05
0.4561306679946071,-0.0002335897867693242
0.41717536739222394,-0.00044502065441986077
0.3632209480265913,-0.0005102608341798013
0.3112214747542153,-0.0004090049906820499
0.2775223514037289,-0.00017278389435753804
0.27277127493119974,0.00012485472144166016
0.29860313727221294,0.0003912362680526488
0.3471310113037595,0.0005434138509173452
0.40340169945738774,0.0005340037376560804
0.4500513242910088,0.0003659321617070411
0.4727114701342314,9.152168813904543e-05
0.4644827052379468,-0.00020379751964187505
0.42808267948054696,-0.0004280854549454445
0.37499999997940275,-0.0005115174782583039
0.32191732048472843,-0.00042812406632392936
0.2855172947447433,-0.00020387486864049972
0.27728852987134495,9.14092307838772e-05
0.2999486757358806,0.00036578779064945987
0.34659830058250746,0.0005338245238846583
0.40286898873681987,0.0005431974354634171
0.45139686275660557,0.0003909848521907743
0.47722872507696446,0.0001245719559335424
0.4724776485813218,-0.00017310094134191856
0.43877852521256383,-0.00040936088040239904
0.38677905193229606,-0.0005106556064091206
0.3328246325716827,-0.00044545389616512074
0.29386933198573745,-0.0002340616462954719
0.2821973271586695,5.7702673907274884e-05
0.30159830057497866,0.00033899531103194394
0.3461875447512088,0.0005222278967725661
0.4022381314793161,0.0005503467554844615
0.45245471060831893,0.00041459379469550113
0.48135831611825897,0.0001572298009253581
0.48010565162322266,-0.0001416220928211833
0.4492423989588928,-0.0003889217184406042
0.3985333233358399,-0.0005076794993492357
0.3439220708246788,-0.00046092695668516865
0.3025672074387268,-0.00026322598503259533
0.2875000000001856,2.386716714328623e-05
0.30356720746122917,0.0003109636802514889
0.3459220708627191,0.0005086688527731259
0.40153332337750536,0.0005554225996833008
0.4532423989912518,0.0004366649349859083
0.48510565163620045,0.00018936545934300633
0.48735831610781594,-0.00010948608219789504
0.4594547105776736,-0.00036684950413419856
0.4102381314380655,-0.000502601764234164
0.3551875447121208,-0.0004744830345483212
0.3115983005502957,-0.00029125365388107927
0.2931973271560347,-9.964642408133835e-06
0.3058693320059709,0.0002818026584771971
0.3458246326084856,0.0004932000400484607
0.40077905197421126,0.0005584040730309707
0.45377852524654194,0.00045711030759714317
0.4884776485968007,0.0002208512478855562
0.4942287250690976,-7.682059171360793e-05
0.4693968627278292,-0.0003432321987291145
0.42186898869614664,-0.0004954432851540436
0.36659830054252696,-0.00048606946496347874
0.32094867570911445,-0.00031803488572669937
0.29928852986608484,-4.366010073199363e-05
0.3085172947626281,0.0002516264811037363
0.34591732052019053,0.0004758816631254335
0.4000000000214023,0.0005592785652710218
